time,x,y,z
1766255373.1692357,0.002114373,0.19287616,-0.58745223
1766255373.1761136,0.0031341352,0.19185084,-0.5880564
1766255373.189421,0.004122949,0.19080934,-0.58864385
1766255373.1955483,0.0050884285,0.18975455,-0.5892158
1766255373.2086887,0.006950111,0.1876071,-0.5903178
1766255373.2187853,0.007846662,0.18651512,-0.5908498
1766255373.229071,0.0087208245,0.18541154,-0.5913998
1766255373.23616,0.009027822,0.18403308,-0.59113336
1766255373.2500212,0.009604486,0.18125571,-0.5906262
1766255373.2572324,0.009880804,0.1798617,-0.5903862
1766255373.2694552,0.01014384,0.17846161,-0.59015644
1766255373.2764704,0.010393259,0.17705594,-0.5899725
1766255373.2895317,0.010850331,0.17422906,-0.5896382
1766255373.2981982,0.011057827,0.17280845,-0.58948916
1766255373.3096364,0.011251439,0.17138363,-0.58935314
1766255373.3169627,0.011431394,0.169955,-0.58923066
1766255373.3300505,0.011597843,0.16852295,-0.58915704
1766255373.3373387,0.011748878,0.16709112,-0.5890969
1766255373.3511887,0.012010964,0.1642195,-0.589018
1766255373.3570554,0.012122362,0.16278048,-0.58900005
1766255373.370257,0.0121148275,0.16004197,-0.58892983
1766255373.3785083,0.012097064,0.15867388,-0.58895355
1766255373.390238,0.012070093,0.1573068,-0.5889933
1766255373.3978465,0.012034344,0.15594141,-0.5890492
1766255373.4106266,0.0119135445,0.15322317,-0.58921003
1766255373.419108,0.011841285,0.15186854,-0.58931476
1766255373.4307659,0.011761403,0.15051718,-0.58947
1766255373.4379857,0.011674098,0.14916928,-0.58964026
1766255373.4509654,0.011477889,0.14648472,-0.5900245
1766255373.4595714,0.011369436,0.14514863,-0.5902382
1766255373.471553,0.011257891,0.1438191,-0.59046656
1766255373.4781,0.011139551,0.14249457,-0.5907444
1766255373.4921873,0.010457246,0.1397937,-0.5922981
1766255373.499406,0.010109887,0.13845123,-0.5930777
1766255373.511552,0.009758405,0.13711399,-0.5938594
1766255373.5185814,0.009402811,0.13578196,-0.59464294
1766255373.5320687,0.008679352,0.1331333,-0.596276
1766255373.5405736,0.0083172405,0.13181941,-0.59709376
1766255373.552213,0.007951117,0.13051066,-0.597912
1766255373.559268,0.007581046,0.12920706,-0.59873056
1766255373.5727727,0.006829364,0.12661575,-0.6003683
1766255373.5803866,0.006447882,0.12532835,-0.60121834
1766255373.5925207,0.006062733,0.12404656,-0.6020676
1766255373.599658,0.0056739924,0.1227705,-0.602916
1766255373.6129355,0.0045907786,0.12056051,-0.60549307
1766255373.6210346,0.0039026425,0.119622916,-0.60720015
1766255373.6318698,0.0032172427,0.11868785,-0.60890853
1766255373.641218,0.0025345269,0.11775556,-0.6105941
1766255373.6540694,0.0018545352,0.116826326,-0.61225694
1766255373.6603415,0.0011773268,0.11590048,-0.6138973
1766255373.6734622,-0.00016876019,0.114060074,-0.61711204
1766255373.6805966,-0.0008301916,0.113147706,-0.61871076
1766255373.6934483,-0.0021453646,0.111336134,-0.6218417
1766255373.7015843,-0.0027989969,0.110437274,-0.623374
1766255373.7131941,-0.0034499275,0.10954322,-0.62488407
1766255373.720967,-0.0040981947,0.10865399,-0.6263718
1766255373.7341163,-0.004743822,0.107769676,-0.62786204
1766255373.740769,-0.005386803,0.106890276,-0.629329
1766255373.7543364,-0.0077858325,0.10588148,-0.63220626
1766255373.7614453,-0.008967626,0.10538042,-0.63360894
1766255373.773849,-0.011301211,0.10438537,-0.63634324
1766255373.783207,-0.012453475,0.103891656,-0.6376988
1766255373.7949133,-0.013596367,0.10340066,-0.6390303
1766255373.80158,-0.014730148,0.10291241,-0.64033765
1766255373.8151698,-0.015855057,0.1024269,-0.6416209
1766255373.821577,-0.016971245,0.101944156,-0.64287996
1766255373.8351085,-0.019181756,0.10098781,-0.6453495
1766255373.8419635,-0.02027423,0.10051389,-0.64655936
1766255373.8549783,-0.022433715,0.09957462,-0.64890504
1766255373.863602,-0.02304532,0.09957227,-0.64965755
1766255373.8747542,-0.023658665,0.09956758,-0.6503954
1766255373.882515,-0.024273548,0.099560685,-0.65114534
1766255373.896391,-0.02549895,0.09954196,-0.65260017
1766255373.9037635,-0.02611233,0.09952958,-0.6533054
1766255373.9156382,-0.026725387,0.09951546,-0.6539962
1766255373.922558,-0.027337585,0.09949979,-0.65467286
1766255373.9359744,-0.027948428,0.09948267,-0.6553622
1766255373.9426887,-0.028557483,0.099464,-0.65603715
1766255373.9557984,-0.029768702,0.09942139,-0.65734494
1766255373.9632573,-0.030378869,0.09939656,-0.65797865
1766255373.977036,-0.031591136,0.09933879,-0.6592107
1766255373.9837587,-0.032192804,0.09930578,-0.6598377
1766255373.995668,-0.032276344,0.099380985,-0.66049945
1766255374.0036557,-0.032367665,0.099452384,-0.6611516
1766255374.0162175,-0.032571573,0.099583216,-0.6624292
1766255374.024518,-0.032683533,0.09964188,-0.66305554
1766255374.036568,-0.032805454,0.099694245,-0.66369975
1766255374.0436645,-0.032933474,0.09974133,-0.66433567
1766255374.0570982,-0.033206236,0.099820234,-0.66558444
1766255374.0646744,-0.033350073,0.09985227,-0.666199
1766255374.0770478,-0.033498384,0.09987936,-0.66680837
1766255374.0837696,-0.033651035,0.09990117,-0.66743916
1766255374.096952,-0.033807952,0.099917345,-0.66806537
1766255374.1043472,-0.033968985,0.099927716,-0.6686874
1766255374.117083,-0.03380268,0.100174695,-0.6707133
1766255374.1242943,-0.03348189,0.10040854,-0.67209876
1766255374.1388712,-0.0328814,0.10084649,-0.6748444
1766255374.1457698,-0.032600876,0.101050526,-0.67618525
1766255374.157632,-0.032332998,0.10124452,-0.6775053
1766255374.1643898,-0.03207733,0.101428464,-0.67880505
1766255374.1775248,-0.031594448,0.101767644,-0.68134683
1766255374.1865005,-0.031369705,0.10192274,-0.6826103
1766255374.1975775,-0.031155648,0.102068424,-0.68385535
1766255374.2053967,-0.030951997,0.10220478,-0.68508255
1766255374.2191093,-0.030575113,0.10244956,-0.68748426
1766255374.2257059,-0.030401485,0.10255808,-0.68865913
1766255374.2387621,-0.030237487,0.10265744,-0.6898372
1766255374.2451267,-0.030391918,0.10289059,-0.69098914
1766255374.2580078,-0.030696457,0.103319295,-0.6932446
1766255374.2671075,-0.03084706,0.103515044,-0.6943488
1766255374.2785578,-0.030996809,0.103698656,-0.6954378
1766255374.285497,-0.031145873,0.10387027,-0.6965319
1766255374.2996182,-0.031442553,0.104177825,-0.6986744
1766255374.3065548,-0.031590387,0.10431412,-0.69972277
1766255374.319079,-0.031743348,0.10443825,-0.7007562
1766255374.3256876,-0.031896133,0.10455111,-0.70177454
1766255374.3391397,-0.032201454,0.10474389,-0.70380586
1766255374.347446,-0.03235414,0.10482413,-0.70479786
1766255374.3593478,-0.03250702,0.10489368,-0.70577407
1766255374.3662705,-0.032660253,0.10495267,-0.70673466
1766255374.379719,-0.03224469,0.10499062,-0.70692766
1766255374.3866656,-0.031848725,0.105012536,-0.70712495
1766255374.400138,-0.031089958,0.10501354,-0.7075812
1766255374.4065063,-0.030726615,0.10499282,-0.707814
1766255374.420702,-0.030030165,0.104909316,-0.7082879
1766255374.4286423,-0.029696384,0.10484658,-0.7085285
1766255374.4398096,-0.02937179,0.10477013,-0.7087968
1766255374.4468026,-0.029056083,0.10468024,-0.70906645
1766255374.4617338,-0.028452994,0.10446102,-0.7096095
1766255374.4681075,-0.028163832,0.104332566,-0.70988417
1766255374.4803398,-0.027882945,0.10419188,-0.71016204
1766255374.4872234,-0.027610414,0.10403915,-0.71046853
1766255374.5003138,-0.027000707,0.10405489,-0.7110118
1766255374.507442,-0.026404368,0.10405395,-0.71155393
1766255374.520279,-0.025250655,0.104003556,-0.7126364
1766255374.5275924,-0.024700426,0.10395437,-0.7131773
1766255374.5414052,-0.02363643,0.10381061,-0.7143036
1766255374.5487823,-0.023122188,0.103716746,-0.714866
1766255374.561737,-0.022619456,0.10360879,-0.71542794
1766255374.5679967,-0.022127885,0.1034874,-0.7159899
1766255374.5809972,-0.02117706,0.10320728,-0.7171173
1766255374.5907261,-0.020723028,0.10304862,-0.71770674
1766255374.6011477,-0.020279778,0.10287822,-0.7182979
1766255374.6086872,-0.019847477,0.10269605,-0.7188911
1766255374.6217732,-0.019426242,0.10250221,-0.7194864
1766255374.628779,-0.018715352,0.102258526,-0.72040725
1766255374.642015,-0.017356828,0.1017349,-0.7222496
1766255374.649183,-0.01670839,0.101455756,-0.72317106
1766255374.6615539,-0.01608014,0.10116554,-0.7240862
1766255374.6690454,-0.015466648,0.10086549,-0.724996
1766255374.6823344,-0.014298381,0.10023429,-0.72680146
1766255374.6891448,-0.013743187,0.0999036,-0.7277186
1766255374.7033222,-0.013206961,0.09956321,-0.72863126
1766255374.7094586,-0.012689418,0.099213384,-0.72953975
1766255374.723063,-0.011709203,0.0984867,-0.7313438
1766255374.7297187,-0.011245991,0.09811038,-0.7322393
1766255374.7424676,-0.010361294,0.09733845,-0.7340561
1766255374.751404,-0.010368995,0.09765589,-0.73521316
1766255374.7637868,-0.010387399,0.09795588,-0.7363598
1766255374.7707524,-0.010416699,0.09823921,-0.73749644
1766255374.7840357,-0.010507679,0.09875898,-0.7397417
1766255374.7913246,-0.010569307,0.09899668,-0.74086964
1766255374.803908,-0.010641639,0.09922045,-0.74198836
1766255374.810894,-0.01072755,0.09943261,-0.74309796
1766255374.8243766,-0.010930503,0.09981979,-0.74528956
1766255374.8323965,-0.01104734,0.099995926,-0.7463713
1766255374.8450704,-0.011174308,0.10016104,-0.7474615
1766255374.8515751,-0.011311271,0.100315556,-0.7485415
1766255374.8648272,-0.01161504,0.10059417,-0.75067186
1766255374.8724434,-0.0116826175,0.10093208,-0.75127697
1766255374.885224,-0.011763717,0.101255834,-0.7518843
1766255374.8915958,-0.011858019,0.10156583,-0.75251424
1766255374.9045534,-0.012084718,0.10214586,-0.75377786
1766255374.9127,-0.0122161135,0.10241628,-0.7544109
1766255374.9247427,-0.012358769,0.10267371,-0.7550445
1766255374.9319541,-0.012512162,0.10291828,-0.75567836
1766255374.9456851,-0.012675831,0.103150144,-0.75633276
1766255374.951864,-0.012860403,0.10336718,-0.7569862
1766255374.9649034,-0.013256935,0.103764035,-0.7582896
1766255374.972214,-0.013468175,0.1039442,-0.75894034
1766255374.9851367,-0.01391568,0.10426803,-0.7602426
1766255374.99334,-0.014151779,0.10441143,-0.7609156
1766255375.0057156,-0.014262568,0.10464059,-0.7613657
1766255375.0126534,-0.014386483,0.10485596,-0.76182216
1766255375.0265863,-0.014666922,0.105246425,-0.7627531
1766255375.033916,-0.014824704,0.10542205,-0.7632272
1766255375.0467963,-0.014993473,0.10558487,-0.76372856
1766255375.052904,-0.01517278,0.1057351,-0.7642345
1766255375.065785,-0.015562124,0.10599859,-0.7652622
1766255375.0740373,-0.015771998,0.10611218,-0.76578534
1766255375.0859149,-0.015991705,0.10621399,-0.76631546
1766255375.0932014,-0.016226606,0.1063024,-0.76687497
1766255375.1070852,-0.016470324,0.10637965,-0.76744145
1766255375.1134288,-0.016722325,0.10644583,-0.768015
1766255375.1266565,-0.017600698,0.10681299,-0.7682276
1766255375.1334515,-0.018219542,0.10711011,-0.7678904
1766255375.1467764,-0.019458491,0.10766061,-0.7673607
1766255375.1554995,-0.020078735,0.10791452,-0.7671379
1766255375.166281,-0.020699106,0.10815658,-0.7669428
1766255375.1739938,-0.021320282,0.10838539,-0.7667759
1766255375.1870701,-0.022564597,0.108805664,-0.76652753
1766255375.195219,-0.023187438,0.10899801,-0.76647437
1766255375.2070928,-0.023810584,0.1091788,-0.7664491
1766255375.2137964,-0.024433948,0.10934807,-0.7664516
1766255375.2269883,-0.02567987,0.10965551,-0.76653886
1766255375.236325,-0.026301885,0.109794214,-0.7666227
1766255375.2467606,-0.026923293,0.10992219,-0.766762
1766255375.2554426,-0.027944913,0.110655166,-0.76711935
1766255375.2681053,-0.029957209,0.11206128,-0.7678903
1766255375.27513,-0.030948402,0.11273532,-0.7683053
1766255375.2872655,-0.03192963,0.113390766,-0.7687406
1766255375.29458,-0.032900937,0.11402822,-0.7692235
1766255375.3071609,-0.03480893,0.11525454,-0.7702488
1766255375.3165953,-0.03574825,0.115842514,-0.77079076
1766255375.328159,-0.036677893,0.11641412,-0.77135205
1766255375.3354301,-0.037597943,0.116969675,-0.7719321
1766255375.349022,-0.039409876,0.118033335,-0.77320075
1766255375.3560424,-0.040302094,0.11854175,-0.77386105
1766255375.3681703,-0.04118537,0.11903473,-0.774539
1766255375.3756247,-0.042058907,0.11951291,-0.7752347
1766255375.388564,-0.042588506,0.12028025,-0.7772758
1766255375.396566,-0.042857636,0.120639935,-0.7783387
1766255375.4086037,-0.04312914,0.1209838,-0.77941275
1766255375.4159546,-0.043402545,0.12131184,-0.7804978
1766255375.4300923,-0.043953273,0.12192036,-0.7826991
1766255375.43701,-0.04422968,0.12220093,-0.78381443
1766255375.4493027,-0.044506803,0.12246593,-0.7849638
1766255375.4564035,-0.044783797,0.12271526,-0.78612125
1766255375.4692218,-0.04506052,0.12294897,-0.7872868
1766255375.476441,-0.045336828,0.12316718,-0.78846055
1766255375.4896371,-0.045887697,0.123557776,-0.79083174
1766255375.4964345,-0.046162035,0.12373051,-0.7920535
1766255375.5101507,-0.046024233,0.12464724,-0.7936354
1766255375.5177205,-0.045959648,0.12507884,-0.79445046
1766255375.5298018,-0.0458991,0.12549011,-0.79528046
1766255375.5370085,-0.045842394,0.12588142,-0.7961245
1766255375.5498574,-0.045789357,0.1262533,-0.7970085
1766255375.557166,-0.045739867,0.12660626,-0.797904
1766255375.5707738,-0.045651067,0.12725793,-0.7997279
1766255375.5773287,-0.04561177,0.12755792,-0.8006562
1766255375.590085,-0.045576274,0.12784371,-0.80159503
1766255375.5972407,-0.045544278,0.12811328,-0.8025442
1766255375.6106403,-0.045490876,0.12860511,-0.8045258
1766255375.6172557,-0.045469604,0.12882787,-0.80552936
1766255375.630509,-0.045278355,0.12945995,-0.8072885
1766255375.6385128,-0.04511053,0.12986797,-0.8080503
1766255375.6512191,-0.044948496,0.13025986,-0.8088529
1766255375.658084,-0.044794764,0.13063319,-0.8096678
1766255375.6723,-0.044504773,0.13133483,-0.8113361
1766255375.6789892,-0.044368286,0.13166384,-0.8121897
1766255375.6906788,-0.044237267,0.13197874,-0.8130563
1766255375.6976986,-0.04411168,0.1322798,-0.81396395
1766255375.711303,-0.043876626,0.13284144,-0.8158144
1766255375.7196732,-0.043767042,0.1331025,-0.81675655
1766255375.7306106,-0.043656327,0.13335435,-0.81770945
1766255375.7385194,-0.043551054,0.1335933,-0.8186727
1766255375.7522185,-0.043451224,0.13381945,-0.8196746
1766255375.7583797,-0.043356907,0.13403283,-0.82068515
1766255375.772151,-0.04296332,0.1345852,-0.822576
1766255375.7785726,-0.042782806,0.13483919,-0.8235404
1766255375.791586,-0.042612903,0.13507856,-0.82451785
1766255375.798801,-0.042448703,0.13530375,-0.8255083
1766255375.8120928,-0.042150855,0.13571101,-0.82758385
1766255375.8188004,-0.04201687,0.13589339,-0.82863927
1766255375.8325226,-0.041777786,0.13621664,-0.8307835
1766255375.840376,-0.04167247,0.13635774,-0.83187145
1766255375.8518677,-0.041576527,0.13648531,-0.83299834
1766255375.858947,-0.041489914,0.13659954,-0.83413404
1766255375.8722746,-0.04135621,0.1367852,-0.83643407
1766255375.8807192,-0.040019415,0.13765655,-0.8379889
1766255375.8921735,-0.038717143,0.13850373,-0.8395438
1766255375.8995907,-0.0374485,0.13932723,-0.84112453
1766255375.9132798,-0.036212467,0.14012763,-0.84270495
1766255375.9196928,-0.035007887,0.1409056,-0.8442851
1766255375.9327796,-0.03268796,0.14239734,-0.8474436
1766255375.9398754,-0.031573683,0.14310995,-0.8490216
1766255375.9530642,-0.029424377,0.14447737,-0.8522253
1766255375.9625463,-0.028387737,0.14513339,-0.85382515
1766255375.9727626,-0.027375557,0.1457716,-0.8554242
1766255375.980443,-0.026387312,0.14639233,-0.8570228
1766255375.9940135,-0.024480812,0.14758258,-0.86021864
1766255376.0015078,-0.023561735,0.14815253,-0.86184186
1766255376.0138302,-0.023062348,0.1487022,-0.86323565
1766255376.0205023,-0.022578405,0.14923604,-0.8646343
1766255376.0336444,-0.022109818,0.14975417,-0.8660372
1766255376.0411355,-0.021656428,0.15025683,-0.8674438
1766255376.0533707,-0.020795709,0.15121573,-0.8702925
1766255376.0615933,-0.020388966,0.15167181,-0.8717331
1766255376.0746202,-0.019998567,0.15211217,-0.87317586
1766255376.0812964,-0.019626833,0.152536,-0.8746209
1766255376.0946808,-0.018932661,0.15333751,-0.8775182
1766255376.1013873,-0.018609907,0.15371536,-0.87899727
1766255376.1140807,-0.018012233,0.15442568,-0.88195896
1766255376.1237042,-0.017737051,0.15475824,-0.8834409
1766255376.1346364,-0.017114192,0.1554869,-0.88501894
1766255376.1422613,-0.016513756,0.15619233,-0.8865941
1766255376.1561193,-0.01593714,0.1568771,-0.88819176
1766255376.1623704,-0.015382166,0.15753935,-0.88978577
1766255376.1743522,-0.014335606,0.15879808,-0.8929657
1766255376.1823115,-0.013842668,0.15939583,-0.8945525
1766255376.195728,-0.012914276,0.16053039,-0.897721
1766255376.2039406,-0.012477666,0.16106807,-0.8993281
1766255376.2155523,-0.012058755,0.16158643,-0.90093267
1766255376.2226856,-0.011652746,0.16208789,-0.9025345
1766255376.2354362,-0.010891011,0.16303442,-0.90572894
1766255376.243342,-0.010534594,0.16347983,-0.907321
1766255376.2565084,-0.0101940585,0.16390695,-0.9089347
1766255376.2631207,-0.0096334005,0.16427915,-0.9108231
1766255376.275863,-0.008568184,0.16497198,-0.91456926
1766255376.284348,-0.008060715,0.16529414,-0.91642827
1766255376.296076,-0.007570856,0.16559982,-0.91827846
1766255376.3029401,-0.007098125,0.1658892,-0.920144
1766255376.3159697,-0.0062022246,0.16642,-0.92384773
1766255376.3241003,-0.0057781525,0.16666193,-0.9256859
1766255376.3364055,-0.005369497,0.16688849,-0.9275148
1766255376.34348,-0.0049759196,0.16709979,-0.9293342
1766255376.3558643,-0.0045970986,0.16729602,-0.93116695
1766255376.3634508,-0.0042304546,0.1674781,-0.93298984
1766255376.3768833,-0.003541244,0.16779774,-0.93660927
1766255376.3839,-0.0032184045,0.1679358,-0.9384069
1766255376.3973725,-0.0026470653,0.16773108,-0.94149166
1766255376.4046526,-0.0023828587,0.16761753,-0.94305694
1766255376.4174612,-0.0021325685,0.16749658,-0.94462025
1766255376.424108,-0.0019005839,0.16736814,-0.9461814
1766255376.4373004,-0.0014763795,0.16708976,-0.9492957
1766255376.4456217,-0.0012838551,0.16694006,-0.95084816
1766255376.4573991,-0.00110421,0.16678353,-0.95242167
1766255376.4642203,-0.00093734416,0.16662039,-0.9539911
1766255376.4782693,-0.0006423039,0.1662752,-0.9571216
1766255376.4855103,-0.00051426736,0.16609335,-0.95868367
1766255376.4977505,-0.00039925333,0.1659031,-0.96024394
1766255376.5045507,-0.00029668052,0.16570683,-0.96182746
1766255376.5174828,0.00024340412,0.16487484,-0.965032
1766255376.526135,0.00048663223,0.16445804,-0.9666302
1766255376.5383945,0.0007125057,0.16404052,-0.96822554
1766255376.5451484,0.00092144223,0.16362219,-0.96981776
1766255376.558216,0.0012901139,0.16278303,-0.9730396
1766255376.5662582,0.0014500422,0.16236512,-0.97464633
1766255376.5785325,0.0015942462,0.1619465,-0.97625136
1766255376.5854828,0.0017230673,0.16152725,-0.9778554
1766255376.5981553,0.001936133,0.16068667,-0.98106146
1766255376.606994,0.0020211977,0.16026519,-0.9826884
1766255376.6188064,0.0020924683,0.15984283,-0.9843143
1766255376.6256351,0.0021502865,0.15941952,-0.9859389
1766255376.6394215,0.0026529296,0.15925366,-0.98945427
1766255376.6468978,0.003097617,0.15950109,-0.99133736
1766255376.6587706,0.003521829,0.15973532,-0.9932334
1766255376.6658533,0.003926078,0.1599568,-0.9951202
1766255376.6791515,0.0046771383,0.16036434,-0.9988702
1766255376.6876986,0.005025224,0.16055198,-1.0007347
1766255376.69971,0.005355842,0.16072968,-1.0025927
1766255376.706592,0.005669448,0.16089761,-1.0044665
1766255376.7196946,0.005966627,0.16105632,-1.0063336
1766255376.7268512,0.0062477826,0.161206,-1.0081937
1766255376.7395656,0.006763532,0.16147898,-1.0118936
1766255376.747033,0.006998845,0.16160254,-1.0137328
1766255376.7600913,0.007219581,0.16171765,-1.0155865
1766255376.767264,0.0074259634,0.16182436,-1.0174325
1766255376.7798734,0.008586586,0.16226624,-1.0225565
1766255376.787341,0.009133959,0.16246623,-1.0250832
1766255376.8005908,0.009661055,0.16265357,-1.0275874
1766255376.8073864,0.010168363,0.16282836,-1.0300696
1766255376.820301,0.011125708,0.16314088,-1.0350028
1766255376.8275213,0.01157686,0.1632789,-1.0374368
1766255376.840936,0.012010349,0.16340491,-1.0398494
1766255376.8477826,0.012426631,0.16351904,-1.0422401
1766255376.8611002,0.013220422,0.16372503,-1.0469728
1766255376.8683274,0.013592878,0.16381085,-1.0493145
1766255376.8814018,0.01428901,0.16394883,-1.0539348
1766255376.8894143,0.014401098,0.16376649,-1.0561502
1766255376.9012675,0.014501797,0.16357742,-1.0583467
1766255376.9083002,0.014591317,0.16338164,-1.0605414
1766255376.9212584,0.014735487,0.16297042,-1.0648737
1766255376.9302752,0.014791837,0.16275483,-1.0670114
1766255376.9415054,0.014837862,0.16253266,-1.0691297
1766255376.9488583,0.014873643,0.16230394,-1.0712287
1766255376.9624658,0.014914003,0.16182719,-1.0754048
1766255376.970351,0.014918404,0.1615795,-1.0774666
1766255376.9821956,0.014912255,0.16132574,-1.079512
1766255376.9891374,0.014896974,0.16106793,-1.0815412
1766255377.0024934,0.014836267,0.16053547,-1.0855529
1766255377.0109892,0.014791402,0.16026114,-1.0875531
1766255377.0223453,0.015201725,0.15975544,-1.0887319
1766255377.029547,0.015591857,0.15924646,-1.0899144
1766255377.04291,0.016313536,0.15821862,-1.0922885
1766255377.0507932,0.016646227,0.1576999,-1.0934787
1766255377.0630808,0.016962672,0.15717956,-1.0946933
1766255377.0701044,0.01726168,0.15665649,-1.0959107
1766255377.0829296,0.017543735,0.15613073,-1.0971315
1766255377.09011,0.01780923,0.15560222,-1.0983565
1766255377.1029265,0.018291524,0.15453647,-1.1008204
1766255377.1101193,0.018508961,0.15399927,-1.1020821
1766255377.124229,0.018898847,0.15291761,-1.1046193
1766255377.13135,0.01907203,0.15237522,-1.1058947
1766255377.1432343,0.018818958,0.15145525,-1.1075802
1766255377.1504972,0.01856047,0.15053815,-1.10926
1766255377.1637952,0.018027011,0.14871249,-1.1126442
1766255377.1718204,0.0177518,0.14780399,-1.1143326
1766255377.1836674,0.017470922,0.14689854,-1.11602
1766255377.1909108,0.017184429,0.14599614,-1.1177073
1766255377.204998,0.01658923,0.14419651,-1.1210829
1766255377.2119105,0.016283525,0.143301,-1.1227902
1766255377.224087,0.015972538,0.14240839,-1.1244979
1766255377.2309885,0.015656328,0.14151879,-1.1262057
1766255377.2442615,0.015008481,0.13974869,-1.129621
1766255377.2527456,0.014677006,0.13886845,-1.1313281
1766255377.2645915,0.014340573,0.1379918,-1.1330537
1766255377.271593,0.013990265,0.1370429,-1.1349086
1766255377.28497,0.01363528,0.13610086,-1.1367607
1766255377.2917843,0.0132757705,0.13516584,-1.1386108
1766255377.3047032,0.012543858,0.13331684,-1.1423057
1766255377.3116508,0.012171863,0.13240294,-1.144169
1766255377.3246055,0.01141691,0.13059674,-1.1478884
1766255377.3329434,0.011034518,0.12970476,-1.1497444
1766255377.3454688,0.010651343,0.12882009,-1.1515973
1766255377.3519573,0.0102653485,0.12794305,-1.1534468
1766255377.365263,0.0094850175,0.12621225,-1.1571738
1766255377.3736427,0.009090689,0.1253588,-1.1590339
1766255377.3854504,0.00869367,0.124513306,-1.1608926
1766255377.392301,0.008294073,0.12367571,-1.1627498
1766255377.4053948,0.00770479,0.12252254,-1.1665674
1766255377.4135332,0.007399567,0.12194875,-1.1684886
1766255377.4256222,0.007088074,0.12137699,-1.170406
1766255377.4330063,0.006770684,0.120807566,-1.1723192
1766255377.4458313,0.006119407,0.119676806,-1.176132
1766255377.4539156,0.005786002,0.11911591,-1.1780307
1766255377.4660397,0.005447477,0.11855823,-1.1799414
1766255377.4729764,0.0051037758,0.11800397,-1.1818475
1766255377.4858017,0.004397508,0.11690411,-1.1856482
1766255377.4949622,0.004037586,0.11636053,-1.1875434
1766255377.5063353,0.0036734382,0.11582113,-1.1894354
1766255377.5132492,0.0033052878,0.11528579,-1.1913418
1766255377.527177,0.00326591,0.11521081,-1.1947824
1766255377.534676,0.0032296877,0.11516434,-1.1965016
1766255377.5468953,0.0031830813,0.115112305,-1.1982193
1766255377.5541072,0.003127551,0.11505553,-1.1999351
1766255377.5675423,0.0029879874,0.11492797,-1.2033997
1766255377.5753865,0.0029045732,0.11485824,-1.2051314
1766255377.5871012,0.0028124894,0.11478505,-1.2068636
1766255377.5951624,0.0027121375,0.11470873,-1.2085965
1766255377.6084588,0.0024882741,0.11454732,-1.2120647
1766255377.6165748,0.002365403,0.11446237,-1.2138188
1766255377.6283405,0.0022336752,0.1143736,-1.215573
1766255377.635112,0.0020952253,0.11428201,-1.2173269
1766255377.6480355,0.0019502733,0.11418755,-1.2190802
1766255377.6556816,0.0019463174,0.11425069,-1.2210388
1766255377.6683514,0.001915934,0.114366636,-1.2249566
1766255377.6754973,0.0018896163,0.11441985,-1.2269179
1766255377.6893458,0.0018156745,0.114517115,-1.2308313
1766255377.6967924,0.0017665857,0.11455758,-1.2327844
1766255377.7099004,0.0017113634,0.114595346,-1.2347354
1766255377.7157803,0.0016503367,0.114630535,-1.2367016
1766255377.728784,0.0015116662,0.11469327,-1.2406259
1766255377.7372072,0.0014343543,0.11472082,-1.2425835
1766255377.7487218,0.0013519318,0.114745855,-1.2445376
1766255377.7559032,0.001264537,0.11476839,-1.2464879
1766255377.7697077,0.0011706536,0.11478638,-1.2484531
1766255377.776341,0.0010715035,0.11480191,-1.2504156
1766255377.7901642,0.0027072579,0.11379081,-1.2554833
1766255377.7961924,0.0034890613,0.11329625,-1.2579939
1766255377.8095315,0.0049848254,0.11232746,-1.2629713
1766255377.818408,0.0057003447,0.1118523,-1.2654517
1766255377.829806,0.0063953353,0.111382656,-1.2679173
1766255377.8365867,0.0070710992,0.11091751,-1.2703681
1766255377.8497076,0.008365884,0.11000094,-1.2752247
1766255377.858331,0.008986078,0.10954895,-1.2776307
1766255377.8710606,0.009588709,0.1091009,-1.2800362
1766255377.8769274,0.010174068,0.108656675,-1.2824285
1766255377.890345,0.010742465,0.10821614,-1.284808
1766255377.8972604,0.011294217,0.10777914,-1.2871753
1766255377.9101155,0.01229763,0.10632524,-1.2919644
1766255377.9180112,0.012774823,0.10561092,-1.2943523
1766255377.930536,0.013680419,0.1042057,-1.2990879
1766255377.9383006,0.014109251,0.10351443,-1.3014352
1766255377.9515572,0.0145222545,0.10283059,-1.3037684
1766255377.9575577,0.014919449,0.102154024,-1.3060869
1766255377.9709387,0.01566642,0.10082366,-1.310707
1766255377.9794848,0.016015928,0.100169964,-1.3129973
1766255377.9912777,0.016349375,0.099523686,-1.3152753
1766255377.998002,0.016666945,0.098884776,-1.3175412
1766255378.0113292,0.017255427,0.097628556,-1.3220373
1766255378.0192137,0.017526869,0.097011015,-1.3242803
1766255378.0313857,0.017531466,0.09652984,-1.3274026
1766255378.038206,0.017528526,0.09605351,-1.3304908
1766255378.0509362,0.017518334,0.0955826,-1.3335453
1766255378.058478,0.017500883,0.095116675,-1.3365664
1766255378.0715725,0.017444534,0.09420131,-1.3425193
1766255378.0785816,0.01740563,0.0937524,-1.3454536
1766255378.0916991,0.017359579,0.09330938,-1.3483593
1766255378.098803,0.017306505,0.09287224,-1.3512369
1766255378.112261,0.017179728,0.09201538,-1.3569098
1766255378.1189406,0.017102633,0.09159726,-1.3597122
1766255378.132007,0.016929332,0.0907778,-1.3652368
1766255378.1406446,0.016833434,0.090376355,-1.3679587
1766255378.1519847,0.01649944,0.090093635,-1.3700958
1766255378.159605,0.016164515,0.08981408,-1.3722193
1766255378.1728883,0.015491707,0.08926519,-1.3764467
1766255378.18015,0.015151712,0.08899608,-1.3785416
1766255378.1921659,0.014810152,0.088730805,-1.3806245
1766255378.199395,0.014466883,0.08846921,-1.3826957
1766255378.2124946,0.013775267,0.087956674,-1.3868034
1766255378.2214608,0.013427041,0.087705635,-1.3888503
1766255378.2327669,0.013077257,0.087457895,-1.3908854
1766255378.239972,0.01272601,0.08721338,-1.3929081
1766255378.2541487,0.01237338,0.08697209,-1.3949186
1766255378.2601814,0.0120208105,0.08673323,-1.3969177
1766255378.273311,0.011311157,0.08626495,-1.4008983
1766255378.2804804,0.010858211,0.08615645,-1.4028386
1766255378.2928927,0.00995562,0.085944645,-1.4067016
1766255378.3024998,0.009506185,0.08584097,-1.4086249
1766255378.3130693,0.0090581495,0.08573871,-1.4105431
1766255378.3208728,0.008610063,0.08563824,-1.4124669
1766255378.3340054,0.007718765,0.08544268,-1.416298
1766255378.3417685,0.0072756144,0.085347734,-1.4182051
1766255378.3538673,0.006834155,0.08525467,-1.4201064
1766255378.3610742,0.0063944277,0.08516357,-1.4220027
1766255378.3739398,0.0055195144,0.084986895,-1.4258062
1766255378.3826206,0.00508395,0.08490097,-1.4277049
1766255378.3943176,0.004650366,0.084814034,-1.4296026
1766255378.4019814,0.0042181644,0.08472842,-1.4314996
1766255378.4149835,0.0018187503,0.08469567,-1.4346476
1766255378.4229152,0.0006490919,0.08468074,-1.4362445
1766255378.434591,-0.00050107564,0.084666714,-1.4378482
1766255378.4421308,-0.0016322078,0.08465355,-1.4394584
1766255378.4557326,-0.0038393796,0.08462968,-1.4426969
1766255378.462699,-0.004914004,0.08461666,-1.444327
1766255378.4749923,-0.0059720725,0.08460456,-1.4459779
1766255378.4821973,-0.0070141144,0.084593415,-1.4476379
1766255378.496461,-0.009051927,0.0845732,-1.4509861
1766255378.5032818,-0.010048346,0.08456361,-1.4526745
1766255378.5155227,-0.011030072,0.084554076,-1.4543722
1766255378.522673,-0.011997297,0.08454445,-1.4560918
1766255378.5351927,-0.013963033,0.08498323,-1.4598789
1766255378.544342,-0.014923894,0.08519603,-1.4617778
1766255378.5560253,-0.015871687,0.085403785,-1.4636797
1766255378.5630653,-0.016806616,0.08560681,-1.4655851
1766255378.5769897,-0.01863906,0.085999876,-1.4694307
1766255378.5837586,-0.019537123,0.08619013,-1.4713618
1766255378.5964303,-0.020423342,0.08637625,-1.4732984
1766255378.6030567,-0.021297846,0.08655414,-1.4752411
1766255378.616166,-0.02301193,0.08689778,-1.4791433
1766255378.6245196,-0.02385155,0.08706358,-1.481113
1766255378.636029,-0.024679659,0.08722527,-1.483087
1766255378.643639,-0.025496345,0.08738278,-1.4850649
1766255378.657399,-0.026301617,0.087536074,-1.4870461
1766255378.6637459,-0.027267495,0.08770294,-1.4887711
1766255378.6770098,-0.029152067,0.08802322,-1.4922682
1766255378.6839864,-0.030067367,0.08817947,-1.4940404
1766255378.6965563,-0.030967671,0.0883312,-1.495824
1766255378.7044501,-0.031853158,0.0884785,-1.4976189
1766255378.7162378,-0.03358036,0.08876004,-1.5012411
1766255378.724476,-0.03442232,0.08889445,-1.5030806
1766255378.7391484,-0.035250112,0.08902467,-1.5049292
1766255378.7444968,-0.036064014,0.0891507,-1.5067862
1766255378.757589,-0.03765825,0.08939396,-1.5105228
1766255378.7644672,-0.03843556,0.08950947,-1.5124017
1766255378.7782707,-0.039200075,0.08962099,-1.5143012
1766255378.7849011,-0.039952043,0.08972861,-1.5162088
1766255378.7977057,-0.041691724,0.09018254,-1.5190228
1766255378.805199,-0.042538486,0.09039614,-1.5204587
1766255378.818344,-0.04337015,0.09060105,-1.5219133
1766255378.8250153,-0.04418397,0.09079656,-1.523386
1766255378.8380587,-0.045768056,0.091162,-1.526414
1766255378.8451328,-0.04653886,0.09133215,-1.5279517
1766255378.858292,-0.048039477,0.09164794,-1.5310714
1766255378.8665378,-0.048770145,0.09179399,-1.5326548
1766255378.878536,-0.049488146,0.09193252,-1.534271
1766255378.8864841,-0.050193653,0.09206378,-1.5359039
1766255378.9002302,-0.051570814,0.09231493,-1.5392209
1766255378.9067178,-0.051945653,0.09266299,-1.5410612
1766255378.9191904,-0.052314356,0.09299935,-1.5429136
1766255378.9258494,-0.052676845,0.09332426,-1.544793
1766255378.9392653,-0.053382736,0.09394118,-1.5485846
1766255378.9477255,-0.053725984,0.09423399,-1.5504956
1766255378.959465,-0.054059934,0.09451827,-1.552416
1766255378.966715,-0.05438739,0.09479269,-1.5543461
1766255378.9808068,-0.055022996,0.095313504,-1.5582682
1766255378.987805,-0.055331223,0.095560744,-1.5602461
1766255378.9999344,-0.055633124,0.09579962,-1.5622356
1766255379.007041,-0.0559288,0.09603022,-1.5642366
1766255379.0201151,-0.05650152,0.096467204,-1.5682719
1766255379.028334,-0.056776132,0.09667472,-1.5703202
1766255379.0399292,-0.057313755,0.0969406,-1.5725183
1766255379.047737,-0.057839397,0.09719779,-1.5747207
1766255379.06071,-0.058855668,0.09768722,-1.5791376
1766255379.0682037,-0.05934708,0.09792012,-1.5813532
1766255379.0803795,-0.059828028,0.09814548,-1.5835893
1766255379.087555,-0.060299017,0.09836338,-1.5858312
1766255379.1010249,-0.060760386,0.098573856,-1.588079
1766255379.1079288,-0.06121519,0.09877817,-1.5903329
1766255379.1212566,-0.062097304,0.09916549,-1.5948573
1766255379.1282125,-0.06252504,0.09934856,-1.5971411
1766255379.1428812,-0.06335496,0.09969347,-1.6017202
1766255379.1494083,-0.06375755,0.09985543,-1.6040142
1766255379.1620302,-0.0634988,0.099433124,-1.6065438
1766255379.1684685,-0.06324581,0.0990181,-1.6090724
1766255379.1811054,-0.06275915,0.098204836,-1.6141529
1766255379.1904523,-0.062524766,0.09780637,-1.6166928
1766255379.2015002,-0.06229585,0.09741305,-1.6192324
1766255379.2090418,-0.06207206,0.09702455,-1.6217717
1766255379.2233455,-0.06163851,0.09626044,-1.6268477
1766255379.230226,-0.061428275,0.09588398,-1.6293964
1766255379.2426279,-0.06121934,0.09550996,-1.6319424
1766255379.2492707,-0.061014224,0.095138825,-1.6344854
1766255379.2625663,-0.060614932,0.09440473,-1.6395632
1766255379.2709966,-0.060420595,0.094041705,-1.6420991
1766255379.2824304,-0.060229734,0.09368135,-1.6446465
1766255379.2895513,-0.059820794,0.09335478,-1.6468126
1766255379.303362,-0.05902914,0.09270859,-1.6511698
1766255379.3105228,-0.058647525,0.092388384,-1.65336
1766255379.3240232,-0.058274053,0.09207073,-1.655557
1766255379.3299413,-0.05790857,0.091755755,-1.657775
1766255379.3434887,-0.057550997,0.09144353,-1.6599979
1766255379.3503852,-0.057201266,0.09113416,-1.662225
1766255379.3639698,-0.056525156,0.09052437,-1.6666893
1766255379.3706825,-0.05619886,0.09022431,-1.6689272
1766255379.3836617,-0.055567447,0.089632824,-1.6734482
1766255379.3926644,-0.055263285,0.089342386,-1.6757154
1766255379.4046087,-0.054966692,0.08905542,-1.6779869
1766255379.4107652,-0.05467755,0.088771895,-1.6802624
1766255379.4238389,-0.054607864,0.08716326,-1.6851187
1766255379.4320233,-0.05457689,0.08637787,-1.6875585
1766255379.4438345,-0.054548483,0.08560471,-1.6899962
1766255379.4513676,-0.054521237,0.08484914,-1.692431
1766255379.464544,-0.054475598,0.08337223,-1.6972945
1766255379.4724064,-0.054457653,0.082650095,-1.6997253
1766255379.4850168,-0.05444301,0.08193845,-1.7021711
1766255379.4917343,-0.054431647,0.081237,-1.704617
1766255379.5047662,-0.054423492,0.08054551,-1.7070632
1766255379.512194,-0.05441847,0.07986367,-1.7095096
1766255379.5254254,-0.054403596,0.078534685,-1.7144015
1766255379.5322723,-0.054400247,0.07788373,-1.7168612
1766255379.5452044,-0.05478695,0.07651418,-1.7210362
1766255379.5533843,-0.054975178,0.075845584,-1.7231332
1766255379.5663488,-0.05516022,0.07518772,-1.7252363
1766255379.572338,-0.055342335,0.074540794,-1.7273464
1766255379.5854456,-0.05569043,0.07328054,-1.7316226
1766255379.5948052,-0.055856384,0.07266706,-1.7337723
1766255379.60595,-0.056019586,0.072064556,-1.7359295
1766255379.613018,-0.056180038,0.07147289,-1.7380942
1766255379.6258392,-0.056337755,0.070891894,-1.740266
1766255379.633402,-0.056492765,0.07032137,-1.7424444
1766255379.647244,-0.056794778,0.06921092,-1.746853
1766255379.653511,-0.05694194,0.06867048,-1.7490644
1766255379.666725,-0.05707923,0.068140894,-1.7512808
1766255379.6737936,-0.05727722,0.06788414,-1.752948
1766255379.6866074,-0.057659812,0.06738369,-1.756368
1766255379.6938221,-0.05784455,0.067140214,-1.7581201
1766255379.7073638,-0.058201056,0.06666747,-1.7616861
1766255379.7151358,-0.058372825,0.066438384,-1.7634994
1766255379.727392,-0.05854038,0.06621417,-1.7653321
1766255379.7343218,-0.058707085,0.065995924,-1.7672033
1766255379.7477822,-0.059028715,0.0655739,-1.7709976
1766255379.756115,-0.05918403,0.06536995,-1.7729203
1766255379.7670403,-0.05933607,0.06517065,-1.7748609
1766255379.7746525,-0.059485093,0.06497597,-1.7768202
1766255379.787487,-0.059774663,0.064600326,-1.7808381
1766255379.7954137,-0.059903987,0.06440119,-1.7828189
1766255379.8077588,-0.060030468,0.06420627,-1.7848191
1766255379.8147,-0.060154095,0.064015515,-1.7868383
1766255379.827655,-0.06039278,0.063646145,-1.7909309
1766255379.8367794,-0.060507778,0.06346735,-1.7930231
1766255379.8476188,-0.060619883,0.063292325,-1.7951308
1766255379.855183,-0.060729105,0.06312093,-1.7972535
1766255379.8687756,-0.060835592,0.06295315,-1.7993909
1766255379.8751855,-0.060934767,0.0627866,-1.8015438
1766255379.8883803,-0.06112639,0.062463768,-1.8059188
1766255379.8954675,-0.061218787,0.062307417,-1.8081404
1766255379.9085102,-0.061396398,0.062004473,-1.8126289
1766255379.9176445,-0.061290298,0.06123396,-1.8145485
1766255379.9290376,-0.061185747,0.060478967,-1.8164907
1766255379.9361947,-0.06108259,0.059739023,-1.8184767
1766255379.9506748,-0.060886845,0.0582977,-1.822508
1766255379.9566932,-0.06079086,0.057597727,-1.824552
1766255379.969615,-0.060696278,0.056910936,-1.8266155
1766255379.9761412,-0.06060322,0.056236826,-1.8286988
1766255379.9894774,-0.060421865,0.054924842,-1.8329703
1766255379.997743,-0.06033348,0.05428625,-1.8351343
1766255380.0090094,-0.060239606,0.05365948,-1.8373162
1766255380.016597,-0.060146984,0.05304359,-1.8395157
1766255380.0299785,-0.05996516,0.051843487,-1.8439642
1766255380.0374765,-0.05987579,0.05125888,-1.8462341
1766255380.0496047,-0.059756573,0.05069039,-1.8492668
1766255380.056835,-0.059638787,0.050131902,-1.8522936
1766255380.069904,-0.05940768,0.049045224,-1.8583323
1766255380.0780497,-0.059294615,0.048517533,-1.861346
1766255380.0900362,-0.05918541,0.04799739,-1.8643742
1766255380.0973473,-0.059078276,0.047487646,-1.8673991
1766255380.111076,-0.058870245,0.04649857,-1.8734386
1766255380.1178513,-0.058769207,0.046018753,-1.8764528
1766255380.1303163,-0.058670085,0.045548372,-1.8794626
1766255380.1376116,-0.05857287,0.0450872,-1.8824857
1766255380.151124,-0.05837347,0.044194326,-1.888513
1766255380.1586053,-0.058271363,0.043762498,-1.8915164
1766255380.17053,-0.05845007,0.0432636,-1.8947418
1766255380.1784658,-0.05862504,0.04277406,-1.8979558
1766255380.1922295,-0.058964424,0.041822933,-1.9043814
1766255380.1991925,-0.05912912,0.041361094,-1.9075772
1766255380.211304,-0.05929071,0.040908102,-1.9107615
1766255380.2185647,-0.0594494,0.040463623,-1.9139339
1766255380.231148,-0.059757147,0.039602604,-1.9202414
1766255380.2396994,-0.05990704,0.039184067,-1.9233909
1766255380.2519557,-0.060054503,0.038773198,-1.926526
1766255380.258959,-0.060199693,0.038369816,-1.9296459
1766255380.2723355,-0.060484122,0.037585635,-1.9358413
1766255380.2796774,-0.06062377,0.037205163,-1.9389179
1766255380.2925787,-0.06076187,0.036834028,-1.9419968
1766255380.2990534,-0.061109565,0.036551584,-1.9443939
1766255380.312463,-0.061790198,0.03600617,-1.949196
1766255380.3200245,-0.062123314,0.03574306,-1.9516
1766255380.3327527,-0.06245176,0.035486277,-1.9540049
1766255380.3399446,-0.06277563,0.03523586,-1.9564303
1766255380.352964,-0.06341006,0.034754023,-1.9612772
1766255380.361185,-0.063727885,0.03452098,-1.9636985
1766255380.37291,-0.064041995,0.03429449,-1.9661194
1766255380.37998,-0.064352654,0.034074474,-1.9685408
1766255380.393199,-0.064964294,0.033653233,-1.9734286
1766255380.4007745,-0.065265246,0.033451535,-1.9758744
1766255380.413255,-0.06556281,0.033255577,-1.9783217
1766255380.4221961,-0.065856904,0.03306533,-1.9807703
1766255380.4350696,-0.06589532,0.03255211,-1.9836988
1766255380.4404392,-0.06594311,0.032050177,-1.9866165
1766255380.4573398,-0.06604235,0.031082073,-1.9924525
1766255380.4625804,-0.06609355,0.030615289,-1.9953542
1766255380.4758837,-0.066198066,0.029714786,-2.0011306
1766255380.4914467,-0.06625095,0.029280296,-2.004007
1766255380.4999886,-0.06630407,0.02885577,-2.006894
1766255380.513571,-0.066348195,0.028438458,-2.0097735
1766255380.5282245,-0.0663923,0.028030094,-2.012646
1766255380.5315094,-0.06643624,0.027630398,-2.0155118
1766255380.551384,-0.06652282,0.02685636,-2.0212226
1766255380.5589898,-0.06656515,0.02648179,-2.0240846
1766255380.5731285,-0.066797964,0.02504129,-2.0307965
1766255380.5810692,-0.06690733,0.024345098,-2.0341256
1766255380.59299,-0.06701137,0.023665288,-2.0374377
1766255380.5999382,-0.06711085,0.023000624,-2.0407336
1766255380.6130598,-0.06729616,0.021715138,-2.0473056
1766255380.6206226,-0.06738207,0.021093542,-2.0505676
1766255380.6331184,-0.0674635,0.020485563,-2.0538142
1766255380.6394372,-0.0675405,0.019890862,-2.057045
1766255380.6526039,-0.06768156,0.018739864,-2.0634599
1766255380.6607304,-0.067746095,0.018183064,-2.066659
1766255380.6727815,-0.06780697,0.017638383,-2.0698442
1766255380.6795835,-0.06786444,0.017105525,-2.0730155
1766255380.692602,-0.06746282,0.015892081,-2.0792918
1766255380.7006524,-0.06701415,0.015216392,-2.0823977
1766255380.7125573,-0.06657247,0.014557098,-2.0855052
1766255380.719671,-0.066137254,0.013914466,-2.0886004
1766255380.7323313,-0.065708116,0.013288498,-2.0916827
1766255380.7395616,-0.065284744,0.012678947,-2.0947518
1766255380.7531254,-0.06445006,0.011507121,-2.1008496
1766255380.7592444,-0.064040296,0.010945104,-2.1038923
1766255380.7727914,-0.06323321,0.00987135,-2.1099408
1766255380.7801795,-0.06283563,0.009359415,-2.1129482
1766255380.792562,-0.06244239,0.008863003,-2.1159444
1766255380.7995574,-0.06205397,0.008380928,-2.1189291
1766255380.8122017,-0.061668985,0.00791368,-2.1219172
1766255380.8197913,-0.061289508,0.0074587725,-2.1248932
1766255380.8333247,-0.060282018,0.007444644,-2.1306255
1766255380.8398097,-0.059792604,0.007440248,-2.133475
1766255380.853061,-0.059312608,0.007437664,-2.1363134
1766255380.859767,-0.05884207,0.0074371696,-2.1391404
1766255380.873186,-0.05792964,0.0074437684,-2.1447916
1766255380.8797302,-0.057485785,0.007453459,-2.147602
1766255380.8929338,-0.05662524,0.007483058,-2.1531935
1766255380.9018621,-0.05620804,0.007503455,-2.1559744
1766255380.9131327,-0.05579925,0.007527781,-2.15876
1766255380.9202802,-0.05539867,0.0075561134,-2.161535
1766255380.9335887,-0.05500616,0.0075884787,-2.1642997
1766255380.9402502,-0.05462166,0.007624828,-2.1670537
1766255380.95368,-0.05389658,0.00711837,-2.1731594
1766255380.9604135,-0.053545285,0.0068812096,-2.1761954
1766255380.9737136,-0.052865233,0.006439845,-2.1822135
1766255380.9817216,-0.05253646,0.006235318,-2.1851974
1766255380.993235,-0.052215002,0.0060412195,-2.1881642
1766255381.000762,-0.05190061,0.0058572157,-2.1911154
1766255381.0140123,-0.05129209,0.0055181505,-2.196996
1766255381.0215452,-0.050997514,0.005363282,-2.1999123
1766255381.0337665,-0.050709266,0.0052170567,-2.202813
1766255381.0406,-0.050427195,0.0050791246,-2.2056975
1766255381.0532453,-0.049881045,0.0048272377,-2.2114198
1766255381.062664,-0.049616944,0.004712869,-2.2142718
1766255381.0734272,-0.04957261,0.0047733206,-2.2166135
1766255381.081049,-0.04952969,0.0048378636,-2.2189546
1766255381.0942051,-0.049450085,0.004979098,-2.2236347
1766255381.1017618,-0.049412604,0.00505524,-2.2259738
1766255381.1142993,-0.04937664,0.0051350184,-2.228327
1766255381.1207771,-0.04934223,0.005218412,-2.230679
1766255381.1339598,-0.049309418,0.005305302,-2.2330291
1766255381.1411607,-0.049278248,0.0053955573,-2.235377
1766255381.154076,-0.0492209,0.0055858945,-2.2400653
1766255381.1614077,-0.049196746,0.005685625,-2.2424219
1766255381.1739755,-0.049154,0.0058949427,-2.2471297
1766255381.182047,-0.04913587,0.0060043503,-2.2494822
1766255381.1941056,-0.048721407,0.0057518785,-2.2530723
1766255381.2012002,-0.048318066,0.005508428,-2.2566316
1766255381.213773,-0.047543053,0.0050473935,-2.263678
1766255381.223033,-0.0471705,0.0048291897,-2.2671583
1766255381.2341232,-0.046807643,0.0046187555,-2.27061
1766255381.2416673,-0.046453707,0.004415679,-2.274034
1766255381.2550066,-0.045771457,0.004029971,-2.2808008
1766255381.2619393,-0.045442738,0.0038467539,-2.2841532
1766255381.2744017,-0.045121975,0.0036696533,-2.287481
1766255381.2814095,-0.04480894,0.0034984183,-2.2907853
1766255381.2942204,-0.044204943,0.0031726905,-2.297325
1766255381.3024778,-0.04391396,0.003017284,-2.300561
1766255381.3150403,-0.04362972,0.0028670086,-2.3037834
1766255381.3219855,-0.043086387,0.0027888557,-2.3068643
1766255381.3359573,-0.04203349,0.0026364205,-2.312966
1766255381.34315,-0.041523285,0.002562229,-2.3159876
1766255381.3551397,-0.04102353,0.0024895105,-2.3189888
1766255381.3619673,-0.04053416,0.002418222,-2.321979
1766255381.3749564,-0.04005482,0.0023493269,-2.32495
1766255381.3832932,-0.03958563,0.0022821715,-2.3279026
1766255381.3962703,-0.038676724,0.0021534162,-2.3337536
1766255381.4036486,-0.038236614,0.002091796,-2.3366525
1766255381.4177434,-0.037384305,0.001973926,-2.3424146
1766255381.4241133,-0.036971796,0.0019177243,-2.3452692
1766255381.437499,-0.03656823,0.0018633595,-2.3481064
1766255381.4439318,-0.036175016,0.0018105921,-2.3509254
1766255381.4571083,-0.035047267,0.0013842862,-2.3559728
1766255381.4648821,-0.034501277,0.0011806085,-2.3584912
1766255381.4769452,-0.03396704,0.0009833788,-2.3609996
1766255381.484258,-0.03344431,0.00079257926,-2.3634987
1766255381.4979634,-0.032432508,0.00042949876,-2.3684697
1766255381.506344,-0.0319429,0.0002566505,-2.3709419
1766255381.5190182,-0.031463955,8.857847e-05,-2.3734155
1766255381.5255737,-0.030995486,-7.446244e-05,-2.37588
1766255381.538662,-0.030089218,-0.00038617675,-2.3807814
1766255381.547401,-0.02965102,-0.0005350207,-2.383218
1766255381.5586276,-0.029222567,-0.000679179,-2.3856456
1766255381.566954,-0.028803842,-0.000818601,-2.3880763
1766255381.579562,-0.028103366,-0.0006989961,-2.3898828
1766255381.5858512,-0.027421942,-0.00057638215,-2.3916984
1766255381.5994709,-0.026107017,-0.00032028626,-2.3953571
1766255381.6062467,-0.025472887,-0.00018704488,-2.3971996
1766255381.6194127,-0.024249757,8.957961e-05,-2.4009385
1766255381.627452,-0.023660148,0.00023302637,-2.4028192
1766255381.639177,-0.023084724,0.0003799582,-2.4047067
1766255381.6463678,-0.022523148,0.0005304627,-2.4066007
1766255381.660707,-0.021973653,0.00068468763,-2.408501
1766255381.6667686,-0.021437505,0.00084263785,-2.4104073
1766255381.6794167,-0.020404713,0.0011699491,-2.4142706
1766255381.686569,-0.019907812,0.001339161,-2.416214
1766255381.699572,-0.019454762,0.0015739556,-2.4202948
1766255381.7078083,-0.01948641,0.0016418267,-2.422428
1766255381.719556,-0.019519698,0.0017150263,-2.4245787
1766255381.727024,-0.019553741,0.001793597,-2.426733
1766255381.740685,-0.019624611,0.0019658473,-2.4310515
1766255381.7482617,-0.01966175,0.0020590015,-2.4332156
1766255381.7603865,-0.01970022,0.002156398,-2.4353821
1766255381.7672477,-0.019740274,0.0022577778,-2.4375646
1766255381.7803485,-0.01978222,0.0023629782,-2.4397507
1766255381.7875793,-0.019826302,0.002471836,-2.441941
1766255381.8000095,-0.019920528,0.0027003402,-2.4463363
1766255381.807881,-0.01997058,0.0028195397,-2.4485416
1766255381.822063,-0.020077003,0.003066006,-2.452995
1766255381.8287587,-0.019856654,0.0033843075,-2.4552531
1766255381.8407125,-0.01964401,0.0037003027,-2.4575152
1766255381.8478923,-0.019438833,0.004014024,-2.4597812
1766255381.8609178,-0.019240892,0.004325643,-2.4620514
1766255381.8684762,-0.0190498,0.004634813,-2.4643264
1766255381.881413,-0.018687923,0.0052466816,-2.4689183
1766255381.8884265,-0.018516561,0.0055491724,-2.4712226
1766255381.9021654,-0.018191641,0.0061469884,-2.475848
1766255381.9092972,-0.018037558,0.006442316,-2.478169
1766255381.9213514,-0.017888693,0.0067353137,-2.4805086
1766255381.9283676,-0.017744798,0.0070259664,-2.4828525
1766255381.941563,-0.017605225,0.007314518,-2.4852002
1766255381.9488251,-0.017470194,0.007600822,-2.4875517
1766255381.9616265,-0.01726367,0.0067917877,-2.4909828
1766255381.9693267,-0.017165806,0.006404792,-2.4927466
1766255381.9827006,-0.016981233,0.005663775,-2.4963343
1766255381.9901607,-0.01689463,0.0053085103,-2.4981575
1766255382.0028589,-0.016811566,0.004962458,-2.4999998
1766255382.0092382,-0.016732315,0.00462527,-2.5018606
1766255382.0220613,-0.016584724,0.003975667,-2.50567
1766255382.0308163,-0.016516138,0.0036625522,-2.507599
1766255382.0424497,-0.016450863,0.0033569117,-2.5095437
1766255382.0496767,-0.016388774,0.003058549,-2.5115027
1766255382.0633693,-0.016274024,0.0024829356,-2.5154653
1766255382.0705953,-0.016225224,0.0022046417,-2.5174863
1766255382.0828688,-0.016698807,0.0021758461,-2.5204217
1766255382.0894907,-0.017163537,0.0021481058,-2.523348
1766255382.102395,-0.018067496,0.0020960874,-2.5291753
1766255382.1110308,-0.018507265,0.0020719895,-2.5320768
1766255382.122905,-0.018939275,0.0020492782,-2.534982
1766255382.130155,-0.019363806,0.0020279982,-2.537879
1766255382.1440654,-0.020191181,0.0019881625,-2.5436482
1766255382.1517186,-0.020594638,0.0019697098,-2.54652
1766255382.164559,-0.020991843,0.001953101,-2.5493834
1766255382.1711698,-0.021383064,0.001938584,-2.5522506
1766255382.1845784,-0.022148412,0.0019163144,-2.557963
1766255382.1918519,-0.022522898,0.001908639,-2.5608082
1766255382.204436,-0.02264765,0.0017916847,-2.5638723
1766255382.2119856,-0.022771887,0.0016791467,-2.5669236
1766255382.224978,-0.023018675,0.0014669538,-2.5730095
1766255382.2327416,-0.023140991,0.0013671374,-2.576033
1766255382.2453773,-0.02326239,0.0012713044,-2.5790436
1766255382.2518754,-0.023382735,0.001179267,-2.5820405
1766255382.265404,-0.023502013,0.0010908032,-2.5850244
1766255382.2721932,-0.023620198,0.0010057497,-2.5879953
1766255382.2852535,-0.023852732,0.00084551575,-2.593921
1766255382.29259,-0.023966283,0.00076900935,-2.5968654
1766255382.3055005,-0.024188513,0.00062547287,-2.602718
1766255382.313537,-0.024297053,0.0005582752,-2.6056263
1766255382.3260777,-0.024403816,0.00049409014,-2.6085322
1766255382.3324575,-0.025170159,0.00056591834,-2.6116111
1766255382.3451254,-0.02665285,0.00071534084,-2.6177175
1766255382.3538911,-0.027370136,0.00079294434,-2.6207447
1766255382.3660803,-0.028072251,0.0008731974,-2.6237547
1766255382.3731022,-0.02875991,0.0009556603,-2.6267571
1766255382.3868659,-0.0300949,0.0011271993,-2.6327133
1766255382.3943765,-0.030743312,0.0012162103,-2.6356678
1766255382.4066951,-0.031379484,0.0013073119,-2.6386065
1766255382.4131775,-0.032003704,0.0014005032,-2.6415296
1766255382.4263802,-0.032616243,0.0014957724,-2.6444457
1766255382.4335,-0.033217497,0.0015925182,-2.6473458
1766255382.4468284,-0.03438636,0.0017921883,-2.6530979
1766255382.4535499,-0.034954462,0.0018950825,-2.6559494
1766255382.467324,-0.034381095,0.0025670463,-2.6616635
1766255382.4745076,-0.03410691,0.0028988922,-2.6645052
1766255382.4858937,-0.03384057,0.003228011,-2.6673317
1766255382.4936972,-0.033581547,0.0035544145,-2.6701431
1766255382.5070536,-0.0333295,0.0038792172,-2.6729395
1766255382.5138714,-0.033083696,0.004201341,-2.6757212
1766255382.5270095,-0.032608848,0.0048377225,-2.6812491
1766255382.5346801,-0.032378875,0.0051520593,-2.6839952
1766255382.5477042,-0.03193207,0.0057728216,-2.6894414
1766255382.5555887,-0.031714536,0.006079245,-2.692141
1766255382.5681376,-0.03150058,0.006382997,-2.6948256
1766255382.574647,-0.031290792,0.0066842,-2.6975048
1766255382.587759,-0.030852126,0.007915355,-2.704413
1766255382.5960214,-0.030640531,0.008518539,-2.7078168
1766255382.607816,-0.030433873,0.0091137625,-2.7111883
1766255382.6152558,-0.03023197,0.009701313,-2.714528
1766255382.6281552,-0.029842101,0.010854245,-2.721121
1766255382.636158,-0.029655134,0.011421253,-2.7243714
1766255382.6483674,-0.029472686,0.011981149,-2.727592
1766255382.6553156,-0.029294768,0.01253396,-2.7307825
1766255382.6686442,-0.028952766,0.013618683,-2.7370772
1766255382.67703,-0.02878891,0.0141510395,-2.740187
1766255382.6884131,-0.028629966,0.014676921,-2.7432702
1766255382.6961994,-0.028475916,0.015196404,-2.7463274
1766255382.709487,-0.02832667,0.015709573,-2.7493594
1766255382.71578,-0.027817221,0.015790572,-2.7523272
1766255382.72901,-0.026839137,0.01596185,-2.7581985
1766255382.7358372,-0.026369952,0.016052376,-2.761102
1766255382.7490234,-0.02546978,0.016241167,-2.7668414
1766255382.757529,-0.025038164,0.01633862,-2.7696776
1766255382.7690067,-0.024618447,0.016437596,-2.7724926
1766255382.7765174,-0.024210192,0.016537823,-2.7752914
1766255382.7894957,-0.023423914,0.016738739,-2.7808297
1766255382.7973545,-0.023045398,0.016838934,-2.7835693
1766255382.8095627,-0.022677166,0.016939526,-2.78629
1766255382.8165152,-0.022318909,0.017040469,-2.7889917
1766255382.8291788,-0.021631114,0.017243054,-2.7943454
1766255382.8386612,-0.02141533,0.017057365,-2.7979202
1766255382.8495927,-0.02120703,0.016879339,-2.8014526
1766255382.857045,-0.02100772,0.016707906,-2.8049433
1766255382.870357,-0.020631276,0.016385913,-2.8118038
1766255382.8783627,-0.020454304,0.016234992,-2.8151765
1766255382.890321,-0.020284776,0.016090518,-2.8185122
1766255382.897819,-0.020122532,0.015952194,-2.821812
1766255382.9105453,-0.01981919,0.015693009,-2.8283057
1766255382.9184337,-0.019677771,0.015571675,-2.831501
1766255382.9303486,-0.019541942,0.015454144,-2.8346622
1766255382.9379928,-0.01941253,0.015341649,-2.83779
1766255382.9515448,-0.01917237,0.01513117,-2.843946
1766255382.958899,-0.018906074,0.015281065,-2.8463652
1766255382.971802,-0.018649159,0.01542977,-2.8487685
1766255382.9780452,-0.018401418,0.0155774625,-2.8511581
1766255382.9911897,-0.017932242,0.015870113,-2.8558917
1766255382.9994805,-0.017712932,0.016016275,-2.858236
1766255383.0114057,-0.017501682,0.016161723,-2.8605657
1766255383.0186834,-0.017298313,0.01630641,-2.8628805
1766255383.0324125,-0.016914248,0.016593242,-2.8674688
1766255383.03935,-0.016733078,0.016735418,-2.8697407
1766255383.0520632,-0.01655887,0.016876843,-2.871997
1766255383.0590878,-0.016391456,0.017017746,-2.874239
1766255383.0722663,-0.016230647,0.017158397,-2.8764672
1766255383.0789452,-0.016076649,0.017300239,-2.8786826
1766255383.0921457,-0.015937429,0.0173081,-2.882996
1766255383.0996022,-0.015948715,0.017180583,-2.8850954
1766255383.1135547,-0.015979268,0.01694359,-2.8892672
1766255383.120935,-0.01599826,0.016833536,-2.89134
1766255383.1328208,-0.016019719,0.01672865,-2.8934057
1766255383.140052,-0.016043663,0.016628632,-2.8954628
1766255383.1533575,-0.01609429,0.016445247,-2.8995504
1766255383.1610653,-0.016123278,0.016360158,-2.9015832
1766255383.1733077,-0.016154828,0.016279116,-2.9036093
1766255383.1802819,-0.016188843,0.016201945,-2.9056327
1766255383.19447,-0.016263481,0.016058907,-2.9096644
1766255383.2019997,-0.016304009,0.01599286,-2.9116735
1766255383.2137291,-0.016135044,0.01622686,-2.9129722
1766255383.2205093,-0.015971439,0.016459325,-2.914284
1766255383.233582,-0.01566162,0.016913604,-2.91696
1766255383.2423816,-0.015515104,0.01713549,-2.9183154
1766255383.2540452,-0.01537394,0.01735401,-2.9196815
1766255383.2614,-0.015237868,0.017569475,-2.9210587
1766255383.2748911,-0.014980103,0.017992653,-2.9238474
1766255383.2822552,-0.014858082,0.018200548,-2.925267
1766255383.2944596,-0.0147430375,0.018406255,-2.926699
1766255383.3013768,-0.014632269,0.018609304,-2.9281433
1766255383.3152704,-0.014422842,0.019007014,-2.9310677
1766255383.3240016,-0.01432387,0.01920145,-2.9325476
1766255383.335026,-0.014228505,0.019392965,-2.9340463
1766255383.3421907,-0.014403536,0.019864574,-2.935882
1766255383.3554192,-0.014748065,0.020779455,-2.9395626
1766255383.3634276,-0.014918082,0.0212236,-2.9414084
1766255383.375478,-0.015085865,0.021660421,-2.9432595
1766255383.382176,-0.015251707,0.022090157,-2.9451206
1766255383.3957222,-0.015578417,0.022928677,-2.9488604
1766255383.403729,-0.015739357,0.023337487,-2.9507394
1766255383.4155576,-0.015898548,0.023739394,-2.9526243
1766255383.4227402,-0.016055917,0.024134519,-2.954515
1766255383.436273,-0.016366381,0.024904292,-2.9583237
1766255383.4437182,-0.016518917,0.025279459,-2.9602356
1766255383.456015,-0.016669719,0.025648346,-2.9621522
1766255383.4629276,-0.016818868,0.026011165,-2.964074
1766255383.4755762,-0.016935442,0.02702205,-2.9677157
1766255383.4857898,-0.016994411,0.027513899,-2.969556
1766255383.4975998,-0.01705315,0.027999386,-2.9714053
1766255383.50445,-0.01711221,0.028476067,-2.9732635
1766255383.5184083,-0.01723101,0.029403204,-2.9770048
1766255383.5251956,-0.017290676,0.029853772,-2.9788876
1766255383.5377765,-0.017350486,0.030295758,-2.9807835
1766255383.54471,-0.017410353,0.030729197,-2.9826863
1766255383.558116,-0.017529909,0.03157092,-2.9865115
1766255383.5665376,-0.017589228,0.031978186,-2.9884343
1766255383.578381,-0.017648546,0.0323776,-2.990364
1766255383.5851,-0.017707786,0.032769334,-2.9923072
1766255383.5988286,-0.019137116,0.033122957,-2.9968178
1766255383.6065998,-0.019830072,0.033293974,-2.9990733
1766255383.6192613,-0.020509154,0.033461023,-3.0013285
1766255383.6252947,-0.021174794,0.033624012,-3.0035834
1766255383.6391778,-0.02246824,0.03395358,-3.0080993
1766255383.6471903,-0.023096664,0.034111828,-3.0103555
1766255383.6584752,-0.023713415,0.03426566,-3.0126102
1766255383.6659698,-0.024318889,0.034415174,-3.014863
1766255383.6796076,-0.02549787,0.034701664,-3.0193653
1766255383.6873474,-0.026072083,0.034838755,-3.021619
1766255383.6996717,-0.026636422,0.03497184,-3.0238717
1766255383.7065108,-0.027191099,0.03510098,-3.026123
1766255383.7203403,-0.02816116,0.03528016,-3.0301604
1766255383.7271602,-0.028579364,0.035329077,-3.0319579
1766255383.739418,-0.028991168,0.035373442,-3.0337718
1766255383.7472503,-0.029396623,0.035413347,-3.035594
1766255383.760799,-0.030188315,0.035480026,-3.0392616
1766255383.768216,-0.03057446,0.035506934,-3.0411067
1766255383.780152,-0.030954076,0.035529662,-3.0429597
1766255383.788185,-0.031327125,0.035548292,-3.0448265
1766255383.8016627,-0.032039758,0.035567224,-3.0485814
1766255383.8085444,-0.032386087,0.03557097,-3.050469
1766255383.8209274,-0.03272569,0.035571154,-3.0523627
1766255383.828177,-0.033058565,0.03556796,-3.0542622
1766255383.8413725,-0.033704266,0.035551887,-3.05809
1766255383.8493488,-0.033646066,0.03550047,-3.0597095
1766255383.862646,-0.033589154,0.035445593,-3.0613408
1766255383.8690093,-0.03353212,0.035389584,-3.0629842
1766255383.881945,-0.033420898,0.03526885,-3.0663068
1766255383.8906024,-0.03336614,0.0352043,-3.0679939
1766255383.902087,-0.033311572,0.035136923,-3.0696924
1766255383.9093435,-0.033257037,0.03506667,-3.071402
1766255383.9227936,-0.033147756,0.03491777,-3.0748525
1766255383.9301717,-0.033092678,0.034837767,-3.0765927
1766255383.9421976,-0.033037294,0.034755323,-3.078351
1766255383.9494388,-0.032981537,0.034670565,-3.080118
1766255383.962677,-0.032868914,0.03449471,-3.0836785
1766255383.97198,-0.032562893,0.03381353,-3.0858366
1766255383.9824226,-0.032262277,0.033143073,-3.087995
1766255383.990054,-0.031966887,0.032483228,-3.0901604
1766255384.004081,-0.03139084,0.031194363,-3.0944922
1766255384.010564,-0.031109687,0.030564144,-3.096659
1766255384.0226767,-0.030833025,0.029943181,-3.098826
1766255384.0298998,-0.03056071,0.029331034,-3.1009932
1766255384.043038,-0.030028785,0.028131707,-3.1053395
1766255384.0509753,-0.02976896,0.027544037,-3.1075118
1766255384.063226,-0.029513115,0.026964232,-3.1096833
1766255384.070398,-0.029261217,0.026392277,-3.1118543
1766255384.0838552,-0.02876931,0.025271771,-3.1161964
1766255384.0916727,-0.028527357,0.024720073,-3.1183734
1766255384.1036348,-0.02833629,0.024159824,-3.1211455
1766255384.1108217,-0.028146908,0.023606716,-3.1239028
1766255384.1235216,-0.027773274,0.022521608,-3.129374
1766255384.1322083,-0.027589094,0.021989487,-3.132088
1766255384.1437078,-0.027406722,0.0214643,-3.1347907
1766255384.1510675,-0.027226252,0.02094596,-3.137479
1766255384.1644619,-0.026869968,0.019929439,-3.1428144
1766255384.1717556,-0.026694242,0.019431507,-3.1454623
1766255384.184072,-0.026520662,0.018940706,-3.1480975
1766255384.1912162,-0.026349235,0.018457033,-3.1507223
1766255384.2041328,-0.026013045,0.017510967,-3.1559343
1766255384.212376,-0.025848348,0.017048554,-3.1585217
1766255384.223947,-0.025221355,0.01586815,-3.160609
1766255384.2313898,-0.02461218,0.014711283,-3.162696
1766255384.2446744,-0.02343202,0.01246386,-3.166876
1766255384.2525213,-0.022860406,0.011372365,-3.168963
1766255384.2649884,-0.022300718,0.010301632,-3.1710472
1766255384.2719274,-0.021752717,0.009251096,-3.1731288
1766255384.2847457,-0.020691132,0.00720811,-3.1772847
1766255384.2927434,-0.020177111,0.0062145186,-3.1793635
1766255384.3050303,-0.01967576,0.005239671,-3.1814394
1766255384.3124151,-0.019184776,0.004282508,-3.183512
1766255384.3260124,-0.018232698,0.002420223,-3.1876457
1766255384.3331714,-0.017771121,0.0015147452,-3.1897066
1766255384.3463025,-0.01731894,0.00062617165,-3.1917694
1766255384.3526144,-0.016759103,-0.0010684049,-3.1940722
1766255384.36566,-0.015672306,-0.0043537635,-3.1986437
1766255384.373774,-0.015134519,-0.0059445873,-3.2009134
1766255384.386329,-0.014607304,-0.0075025996,-3.2031734
1766255384.393142,-0.0140903555,-0.009028573,-3.205428
1766255384.406686,-0.013086086,-0.0119877,-3.2099078
1766255384.413882,-0.012598425,-0.013422553,-3.2121336
1766255384.4259236,-0.012120259,-0.01482857,-3.2143502
1766255384.4334261,-0.011651458,-0.016206337,-3.2165575
1766255384.446294,-0.010742791,-0.018877944,-3.2209516
1766255384.454468,-0.010302681,-0.020172616,-3.2231336
1766255384.4658828,-0.009871502,-0.021440562,-3.2253065
1766255384.4733934,-0.009449333,-0.022682087,-3.2274704
1766255384.4870281,-0.009191152,-0.024945792,-3.2324052
1766255384.4946334,-0.009066073,-0.02604066,-3.2348495
1766255384.506741,-0.008943775,-0.027111392,-3.2372773
1766255384.5136728,-0.008823189,-0.028160311,-3.2396894
1766255384.5268447,-0.008590637,-0.0301876,-3.244466
1766255384.5349658,-0.008478867,-0.031166483,-3.2468314
1766255384.5469692,-0.008370214,-0.032122564,-3.2491834
1766255384.553928,-0.008264738,-0.033056095,-3.25152
1766255384.5679832,-0.008162543,-0.03396716,-3.2538412
1766255384.5740867,-0.008063867,-0.03485575,-3.256148
1766255384.5875206,-0.007878016,-0.036566418,-3.2607214
1766255384.5941467,-0.0077902055,-0.03738902,-3.262991
1766255384.6077487,-0.0076463623,-0.03958066,-3.2666445
1766255384.6166468,-0.007577561,-0.04063476,-3.2684681
1766255384.6276906,-0.007510685,-0.0416617,-3.27029
1766255384.634878,-0.0074456013,-0.04266206,-3.272109
1766255384.6488888,-0.007320358,-0.04458544,-3.2757483
1766255384.6560469,-0.0072599733,-0.045509424,-3.2775633
1766255384.6680307,-0.007202752,-0.046413198,-3.2793763
1766255384.6753724,-0.007146926,-0.04729276,-3.281187
1766255384.6879628,-0.007038944,-0.04898119,-3.2848032
1766255384.697521,-0.0069866003,-0.04979099,-3.2866132
1766255384.7083404,-0.00693529,-0.05057839,-3.2884214
1766255384.7155464,-0.0068850922,-0.05134385,-3.290228
1766255384.7298481,-0.0062881103,-0.052702896,-3.2937381
1766255384.7366261,-0.005752685,-0.053298227,-3.2954438
1766255384.7490551,-0.005229542,-0.05387429,-3.2971547
1766255384.7560914,-0.004718493,-0.054431476,-3.298865
1766255384.7693887,-0.003731505,-0.055489995,-3.3022876
1766255384.7775133,-0.0032547573,-0.05599142,-3.3040004
1766255384.789467,-0.0027886091,-0.05647448,-3.3057144
1766255384.796707,-0.0023326138,-0.0569395,-3.3074348
1766255384.8109329,-0.0014491277,-0.0578083,-3.3108795
1766255384.8188007,-0.0010212054,-0.058217354,-3.3126032
1766255384.8324854,-0.00060226873,-0.058610022,-3.3143277
1766255384.8413198,-0.00019223429,-0.058986675,-3.3160527
1766255384.854132,0.0006014158,-0.059693,-3.3195145
1766255384.8622987,0.0007711528,-0.059850175,-3.3208299
1766255384.8744812,0.0009395541,-0.059993237,-3.3221567
1766255384.8815632,0.0011041402,-0.06012467,-3.3234951
1766255384.894702,0.0014215767,-0.060353197,-3.326206
1766255384.9024696,0.0015745732,-0.060450517,-3.3275867
1766255384.9147964,0.0017238491,-0.060536847,-3.328978
1766255384.9212382,0.0018693763,-0.06061261,-3.33038
1766255384.9339771,0.002148866,-0.06073414,-3.3332136
1766255384.9431815,0.0022890086,-0.06077206,-3.3346446
1766255384.955273,0.0024253125,-0.060800686,-3.3360925
1766255384.961866,0.0025577168,-0.060820125,-3.3375494
1766255384.9753687,0.0028103855,-0.060831632,-3.3404918
1766255384.9830358,0.0028425055,-0.05999454,-3.3412406
1766255384.9947171,0.0028724927,-0.059164695,-3.3420174
1766255385.001978,0.0029001937,-0.058342054,-3.3428342
1766255385.0148876,0.0029494849,-0.056718946,-3.3445466
1766255385.0232997,0.0029711635,-0.05591793,-3.3454404
1766255385.0340142,0.0029906344,-0.055123076,-3.3463585
1766255385.0425336,0.0030080383,-0.054333963,-3.3473003
1766255385.0554907,0.003036975,-0.052771714,-3.349277
1766255385.0635364,0.0030484635,-0.05199798,-3.3502996
1766255385.0752656,0.0030578247,-0.051228967,-3.3513448
1766255385.082396,0.0030650776,-0.050464645,-3.352413
1766255385.0957146,0.0030692082,-0.04895219,-3.354616
1766255385.103751,0.0030663612,-0.048203986,-3.3557634
1766255385.1161711,0.003318395,-0.04769694,-3.3573391
1766255385.1226792,0.0035631186,-0.047191355,-3.3589249
1766255385.135651,0.00403147,-0.046185136,-3.362125
1766255385.1438842,0.0042554694,-0.045685075,-3.3637388
1766255385.1556604,0.004472922,-0.045187622,-3.3653722
1766255385.162834,0.0046839775,-0.044693224,-3.3670144
1766255385.176273,0.0048898426,-0.044199716,-3.3686657
1766255385.1832356,0.005089677,-0.043709867,-3.370326
1766255385.1960201,0.005471955,-0.042742107,-3.3736746
1766255385.204055,0.0056547686,-0.04226455,-3.3753731
1766255385.2169755,0.006004583,-0.041322533,-3.3787951
1766255385.2246258,0.0061718016,-0.040858302,-3.3805184
1766255385.2366812,0.0061558005,-0.040556896,-3.38217
1766255385.2437372,0.006127698,-0.040255796,-3.3838313
1766255385.2565448,0.006068257,-0.039660797,-3.3872018
1766255385.264985,0.0060365503,-0.039367273,-3.3889005
1766255385.2769806,0.006003254,-0.03907654,-3.3906083
1766255385.284348,0.0059683197,-0.038788598,-3.392325
1766255385.2978022,0.005893622,-0.038221017,-3.3957837
1766255385.3051345,0.0058539636,-0.037941422,-3.3975368
1766255385.3169653,0.005812745,-0.037664086,-3.399297
1766255385.3238034,0.0057700183,-0.037389502,-3.4010642
1766255385.33736,0.005725814,-0.03711762,-3.4028382
1766255385.344391,0.0056801657,-0.036848385,-3.4046187
1766255385.3576686,0.005584437,-0.036317702,-3.4082067
1766255385.364404,0.0055219354,-0.03611529,-3.4108448
1766255385.3779495,0.0053930073,-0.035710305,-3.4160724
1766255385.3855534,0.0053338544,-0.035503697,-3.418663
1766255385.3974173,0.0052734385,-0.035297107,-3.4212391
1766255385.4048371,0.0052118613,-0.03509054,-3.423806
1766255385.4173717,0.0051491642,-0.034884065,-3.426358
1766255385.4249096,0.0050854473,-0.03467773,-3.4288955
1766255385.4381742,0.004955327,-0.034265626,-3.4339268
1766255385.4449625,0.004889004,-0.034059986,-3.4364202
1766255385.459158,0.004754451,-0.03364827,-3.4413748
1766255385.465886,0.0046862517,-0.033442065,-3.4438298
1766255385.4780858,0.004617243,-0.033236053,-3.4462702
1766255385.485244,0.0045473874,-0.03303022,-3.4486961
1766255385.4983673,0.0032963569,-0.03264629,-3.4528954
1766255385.5065486,0.0026901267,-0.032453757,-3.4549916
1766255385.518497,0.002096322,-0.032260925,-3.4570804
1766255385.5255077,0.0015146061,-0.03206791,-3.459161
1766255385.5397925,0.0004000275,-0.031669907,-3.4632974
1766255385.5468624,-0.00014060369,-0.03147095,-3.4653523
1766255385.558989,-0.00067051064,-0.031271975,-3.4674053
1766255385.5665562,-0.0011900293,-0.031072913,-3.4694486
1766255385.5796983,-0.0016995072,-0.030873679,-3.471482
1766255385.5869184,-0.0021993108,-0.03067431,-3.473506
1766255385.5997128,-0.0031713657,-0.030275445,-3.477525
1766255385.6071506,-0.0036421455,-0.03007725,-3.4795268
1766255385.6210032,-0.0040852157,-0.030131128,-3.4824142
1766255385.6286848,-0.0043005263,-0.030152967,-3.4838645
1766255385.640469,-0.0045117186,-0.03017164,-3.4853182
1766255385.6472304,-0.0047187456,-0.030187296,-3.486775
1766255385.6609821,-0.005119675,-0.030210458,-3.4897182
1766255385.66903,-0.0053289905,-0.030211363,-3.4911926
1766255385.6805005,-0.0055333823,-0.030210253,-3.4926689
1766255385.687702,-0.005732761,-0.030207135,-3.494147
1766255385.7013326,-0.0061166515,-0.030194866,-3.4971094
1766255385.7090185,-0.0063013146,-0.030185716,-3.4986048
1766255385.721278,-0.006481276,-0.030174661,-3.5001013
1766255385.7278748,-0.006656662,-0.030161798,-3.5015988
1766255385.740888,-0.0071230303,-0.03001008,-3.5046704
1766255385.749956,-0.007414252,-0.029871333,-3.506242
1766255385.7608192,-0.007699242,-0.029733242,-3.5078225
1766255385.768207,-0.007978207,-0.029595777,-3.5094016
1766255385.7819636,-0.008518605,-0.029322203,-3.5125573
1766255385.7891319,-0.008780243,-0.02918585,-3.5141342
1766255385.8014946,-0.009036363,-0.029049724,-3.5157104
1766255385.8083107,-0.009287124,-0.028913887,-3.5172973
1766255385.8216121,-0.009773911,-0.028633151,-3.5204687
1766255385.8302085,-0.010010195,-0.0284882,-3.522053
1766255385.841069,-0.010241562,-0.028343363,-3.523636
1766255385.8486187,-0.0104679875,-0.028198425,-3.525218
1766255385.8624966,-0.010906407,-0.027907094,-3.528402
1766255385.8700795,-0.011620946,-0.027594661,-3.5301523
1766255385.8823493,-0.012319991,-0.027284805,-3.5318983
1766255385.8888786,-0.0130040925,-0.026977697,-3.5336401
1766255385.901606,-0.01432542,-0.02638066,-3.5371125
1766255385.9105744,-0.014965254,-0.026086465,-3.5388515
1766255385.9217744,-0.01559161,-0.025794927,-3.5405867
1766255385.9290192,-0.01620472,-0.025505865,-3.5423176
1766255385.9433415,-0.01680481,-0.025219189,-3.5440445
1766255385.9492166,-0.017392157,-0.024934845,-3.545767
1766255385.9628806,-0.018518694,-0.024369355,-3.5492077
1766255385.9698713,-0.019058602,-0.024088154,-3.550926
1766255385.9823828,-0.020104887,-0.023532452,-3.5543504
1766255385.9911816,-0.02075149,-0.022993632,-3.5561094
1766255386.0030768,-0.021385113,-0.022462348,-3.5578644
1766255386.0102406,-0.02200601,-0.021938527,-3.5596244
1766255386.0238008,-0.023210319,-0.02091256,-3.5631313
1766255386.0310254,-0.023790311,-0.02040937,-3.5648782
1766255386.043856,-0.024358258,-0.019913083,-3.5666206
1766255386.0501444,-0.024914261,-0.019423556,-3.5683582
1766255386.06368,-0.02545835,-0.018940555,-3.5701
1766255386.070453,-0.025990538,-0.018463816,-3.571837
1766255386.083433,-0.0270195,-0.01752828,-3.5752966
1766255386.0904677,-0.027516719,-0.01706934,-3.57702
1766255386.1047206,-0.028467568,-0.01617209,-3.5804522
1766255386.1119437,-0.028921558,-0.01573355,-3.58217
1766255386.1247637,-0.029756691,-0.014966468,-3.5831172
1766255386.1309083,-0.030571831,-0.014211068,-3.5840776
1766255386.144248,-0.032143664,-0.012734496,-3.5860343
1766255386.1530693,-0.032901097,-0.0120128505,-3.5870292
1766255386.1637213,-0.033640113,-0.011301994,-3.588049
1766255386.1719089,-0.03436123,-0.010601722,-3.589079
1766255386.1851082,-0.035752084,-0.009232113,-3.5911674
1766255386.192359,-0.036422398,-0.008562638,-3.5922256
1766255386.205218,-0.037076354,-0.007903327,-3.593293
1766255386.2116299,-0.037714325,-0.0072541535,-3.5943832
1766255386.224884,-0.03894404,-0.0059859073,-3.5965872
1766255386.2345896,-0.039536435,-0.00536618,-3.5977006
1766255386.2441413,-0.04077891,-0.004454834,-3.5985742
1766255386.251809,-0.04199352,-0.0035589729,-3.5994604
1766255386.2656593,-0.044306394,-0.0018246968,-3.6012998
1766255386.2730079,-0.045423657,-0.0009797814,-3.6022375
1766255386.2850735,-0.046515685,-0.00014940812,-3.603187
1766255386.2922194,-0.047583185,0.0006667335,-3.6041486
1766255386.305208,-0.049647346,0.0022572519,-3.6061065
1766255386.3139014,-0.050645333,0.0030317141,-3.6071172
1766255386.325674,-0.05162139,0.0037923432,-3.6081388
1766255386.332635,-0.052578002,0.0045373836,-3.6091704
1766255386.3455057,-0.0544281,0.0059871958,-3.611264
1766255386.353884,-0.055322155,0.006692325,-3.6123254
1766255386.3662977,-0.056195755,0.0073844483,-3.6134126
1766255386.3729122,-0.05701604,0.0077192564,-3.6144295
1766255386.3858957,-0.057817888,0.008049232,-3.6154583
1766255386.392955,-0.058601443,0.008374498,-3.6164985
1766255386.4063492,-0.06012689,0.008986832,-3.6186137
1766255386.4127243,-0.060863066,0.009285635,-3.619704
1766255386.4267993,-0.062283967,0.009867234,-3.6219153
1766255386.4336298,-0.062969275,0.0101496205,-3.6230361
1766255386.4463239,-0.0636381,0.0104261665,-3.6241665
1766255386.453329,-0.06429061,0.010696675,-3.6253061
1766255386.4665225,-0.06492705,0.010961032,-3.6264708
1766255386.473995,-0.06555261,0.011221847,-3.6276443
1766255386.486397,-0.06675633,0.011725546,-3.6300178
1766255386.4936917,-0.0673348,0.01196879,-3.6312177
1766255386.5070763,-0.06800092,0.012410794,-3.6333387
1766255386.5142384,-0.06831734,0.012623856,-3.6344335
1766255386.5270367,-0.068622805,0.012831625,-3.6355395
1766255386.533985,-0.06891738,0.013034089,-3.6366565
1766255386.546327,-0.06920572,0.013235917,-3.637784
1766255386.5542066,-0.06948321,0.013432384,-3.6389213
1766255386.5673046,-0.070005395,0.013809903,-3.6412404
1766255386.5740633,-0.070250176,0.013991483,-3.6424215
1766255386.5873477,-0.07070763,0.014341349,-3.6448102
1766255386.5955362,-0.07092038,0.014509927,-3.646017
1766255386.607804,-0.07112254,0.014674465,-3.6472323
1766255386.6145055,-0.07131906,0.0148357805,-3.6484718
1766255386.6274383,-0.071430795,0.015338614,-3.6503432
1766255386.636385,-0.071476504,0.0155790765,-3.651301
1766255386.648735,-0.07151554,0.015812466,-3.6522725
1766255386.6555228,-0.07154792,0.01603897,-3.6532574
1766255386.669053,-0.07159345,0.016471807,-3.6553025
1766255386.6765096,-0.071593076,0.016678337,-3.6563435
1766255386.689616,-0.071586765,0.016878517,-3.6573966
1766255386.6960888,-0.07157462,0.017072544,-3.658461
1766255386.7089827,-0.071533285,0.017442849,-3.6606236
1766255386.7177658,-0.071504384,0.0176193,-3.6617393
1766255386.7289114,-0.071470246,0.017789993,-3.6628647
1766255386.7363892,-0.071431056,0.017955048,-3.6639996
1766255386.74967,-0.071386985,0.01811463,-3.6651435
1766255386.7562788,-0.07124215,0.018242097,-3.6658437
1766255386.7694423,-0.0709438,0.018487822,-3.6673217
1766255386.7766929,-0.07079021,0.018606411,-3.6680982
1766255386.789697,-0.07047387,0.01883587,-3.669703
1766255386.798364,-0.070311256,0.018946806,-3.67053
1766255386.810326,-0.07014583,0.019055078,-3.671373
1766255386.8173735,-0.069977716,0.019160578,-3.6722522
1766255386.8304684,-0.06965042,0.019361932,-3.6740532
1766255386.8384771,-0.06948315,0.019458238,-3.6749744
1766255386.8505669,-0.069313645,0.019551674,-3.6759088
1766255386.8576622,-0.06914203,0.019642366,-3.6768558
1766255386.8703384,-0.068793006,0.019816281,-3.6788309
1766255386.8789864,-0.068079,0.020069152,-3.680388
1766255386.8910232,-0.06737525,0.020317484,-3.6819432
1766255386.8979397,-0.06668267,0.020561699,-3.6834962
1766255386.9115105,-0.065325566,0.021037525,-3.6865976
1766255386.918955,-0.06466031,0.02126934,-3.6881635
1766255386.9310563,-0.06400341,0.021497272,-3.6897273
1766255386.9383614,-0.06335454,0.021721506,-3.691289
1766255386.9509716,-0.0620797,0.022159556,-3.6944056
1766255386.9603605,-0.061444167,0.022365578,-3.6959605
1766255386.9716892,-0.060815677,0.022568531,-3.6975307
1766255386.9786472,-0.06019414,0.02276847,-3.6990983
1766255386.9920862,-0.05897135,0.023159847,-3.7022257
1766255386.9996665,-0.058350615,0.023175342,-3.7039952
1766255387.0119224,-0.05773628,0.023190642,-3.7057571
1766255387.0192285,-0.05712836,0.023205547,-3.7075274
1766255387.0319939,-0.056526784,0.023219854,-3.7092898
1766255387.0391436,-0.055934932,0.023236169,-3.7110443
1766255387.0547495,-0.05477009,0.02326562,-3.7145288
1766255387.0614114,-0.05419694,0.02327851,-3.7162583
1766255387.07368,-0.053068906,0.02330022,-3.7197235
1766255387.082835,-0.05251403,0.023309005,-3.721443
1766255387.0947628,-0.051965285,0.02331632,-3.7231536
1766255387.1009588,-0.05143077,0.023318931,-3.7248552
1766255387.1145358,-0.050380807,0.023319203,-3.7282312
1766255387.1233656,-0.049865525,0.02331691,-3.729922
1766255387.1348054,-0.049404718,0.02285254,-3.7312322
1766255387.1416566,-0.0489493,0.022395441,-3.7325413
1766255387.1559892,-0.048054997,0.021501854,-3.735155
1766255387.1622224,-0.047616195,0.021064771,-3.7364588
1766255387.1750457,-0.047183022,0.020633832,-3.737779
1766255387.1814954,-0.046755243,0.020211102,-3.7390964
1766255387.1945744,-0.04591673,0.01938298,-3.7417212
1766255387.2032566,-0.045505855,0.018977229,-3.743028
1766255387.214636,-0.04510048,0.01857677,-3.7443306
1766255387.2216227,-0.044700548,0.01818144,-3.745648
1766255387.235556,-0.043916743,0.017405648,-3.7482662
1766255387.242897,-0.043532733,0.017025024,-3.7495673
1766255387.25479,-0.042818546,0.017118325,-3.7510092
1766255387.26218,-0.042115904,0.017206265,-3.7524412
1766255387.2752657,-0.04074546,0.017363274,-3.755309
1766255387.2836778,-0.0400771,0.017433023,-3.7567282
1766255387.2947266,-0.039419528,0.017497472,-3.758137
1766255387.302612,-0.03877231,0.017557068,-3.759536
1766255387.316252,-0.03750738,0.017663296,-3.7623043
1766255387.3235111,-0.036889177,0.017710563,-3.763691
1766255387.3354213,-0.036282685,0.017753467,-3.7650676
1766255387.3423815,-0.035685595,0.017793102,-3.7664342
1766255387.355429,-0.034519177,0.017863378,-3.7691376
1766255387.3639362,-0.03394955,0.017894117,-3.7704747
1766255387.3755345,-0.033388786,0.017922034,-3.7718208
1766255387.383226,-0.032722775,0.017686466,-3.773588
1766255387.3960745,-0.03143233,0.01721157,-3.777061
1766255387.4040575,-0.030807378,0.016972313,-3.7787676
1766255387.4161203,-0.030193048,0.016736062,-3.7804544
1766255387.4230351,-0.02958926,0.016502634,-3.7821364
1766255387.4358156,-0.028412731,0.016043432,-3.7854424
1766255387.4448104,-0.027839597,0.01581735,-3.7870667
1766255387.4569516,-0.027276313,0.015593439,-3.7886724
1766255387.4637487,-0.026722796,0.015371643,-3.7902598
1766255387.4769564,-0.025656994,0.014937506,-3.7934096
1766255387.484567,-0.025138678,0.014723589,-3.7949576
1766255387.4967823,-0.024630059,0.014511756,-3.7964883
1766255387.503855,-0.024131112,0.014301896,-3.7980018
1766255387.5172246,-0.023034897,0.013308944,-3.800456
1766255387.525253,-0.022502342,0.012824809,-3.801684
1766255387.5372097,-0.021979818,0.012348528,-3.8029008
1766255387.5442486,-0.021459837,0.011891014,-3.8041065
1766255387.5578508,-0.02044834,0.010998389,-3.8064845
1766255387.565802,-0.019956488,0.010563151,-3.8076572
1766255387.5765958,-0.019473793,0.010135183,-3.8088353
1766255387.5843115,-0.019000182,0.009714402,-3.8100023
1766255387.5975986,-0.018079938,0.008894061,-3.8123043
1766255387.606855,-0.01763318,0.00849433,-3.8134394
1766255387.6179476,-0.017201222,0.008097364,-3.814564
1766255387.624592,-0.016777966,0.0077070748,-3.8156946
1766255387.6384983,-0.01726323,0.0066766962,-3.819466
1766255387.6458404,-0.017497707,0.006173877,-3.8213074
1766255387.6586275,-0.017727114,0.0056791473,-3.8231204
1766255387.6651368,-0.017951839,0.005192354,-3.8249054
1766255387.678095,-0.01817237,0.004713279,-3.8266737
1766255387.6860218,-0.018386172,0.0042494605,-3.8284154
1766255387.698279,-0.01880314,0.0033439323,-3.831821
1766255387.7058084,-0.019006552,0.0029021313,-3.8334856
1766255387.7188778,-0.01920675,0.0024676414,-3.8351254
1766255387.7255025,-0.019403908,0.00204051,-3.8367412
1766255387.7386851,-0.019789867,0.0012083901,-3.8399227
1766255387.745827,-0.019978913,0.0008032973,-3.841478
1766255387.7590413,-0.020169219,0.00040848093,-3.8430102
1766255387.7661352,-0.020160701,0.00041800697,-3.8447711
1766255387.7786283,-0.020152098,0.00042924346,-3.848218
1766255387.7861805,-0.020151822,0.00043131382,-3.849905
1766255387.8002048,-0.020157978,0.00042935534,-3.853198
1766255387.8076258,-0.020163873,0.00042570895,-3.8548048
1766255387.8199217,-0.020177772,0.00041914126,-3.8563852
1766255387.826647,-0.020193085,0.0004113294,-3.8579493
1766255387.8394132,-0.020227225,0.000393052,-3.8610008
1766255387.8483505,-0.020245565,0.0003831855,-3.8624885
1766255387.860329,-0.020264434,0.0003732161,-3.8639512
1766255387.8671875,-0.020283714,0.00036334674,-3.8653893
1766255387.8805225,-0.02032343,0.00034441505,-3.8682127
1766255387.8886628,-0.01996107,9.338405e-05,-3.8692153
1766255387.9012127,-0.019605694,-0.00015179248,-3.8702042
1766255387.9074697,-0.019257115,-0.0003913289,-3.8711793
1766255387.9209256,-0.018579634,-0.00085504254,-3.873088
1766255387.929545,-0.018250372,-0.001080086,-3.8740337
1766255387.9414165,-0.017927127,-0.0013009792,-3.8749657
1766255387.9479697,-0.017609539,-0.0015177946,-3.8758836
1766255387.9615295,-0.016984517,-0.0019433586,-3.8776774
1766255387.9695141,-0.016679067,-0.0021493777,-3.878554
1766255387.9817588,-0.016378222,-0.0023510007,-3.87943
1766255387.988605,-0.016081985,-0.0025486043,-3.8802927
1766255388.0009854,-0.015503294,-0.0029333264,-3.881979
1766255388.0101748,-0.015307756,-0.003131042,-3.883122
1766255388.021757,-0.015112142,-0.0033250004,-3.8842435
1766255388.0286028,-0.0149246715,-0.0035146156,-3.8853543
1766255388.0422199,-0.014549407,-0.00388282,-3.8875139
1766255388.049498,-0.014361821,-0.004061363,-3.8885636
1766255388.0619338,-0.0141742835,-0.0042360337,-3.889594
1766255388.068844,-0.013986657,-0.0044065933,-3.8906052
1766255388.081563,-0.013610799,-0.0047347248,-3.8925931
1766255388.0901942,-0.013422877,-0.004892512,-3.8935604
1766255388.102944,-0.013241417,-0.0050519034,-3.8945105
1766255388.109108,-0.013060761,-0.00520779,-3.8954437
1766255388.1227179,-0.01270215,-0.0055088606,-3.8972607
1766255388.130269,-0.012524243,-0.0056537827,-3.898156
1766255388.1430779,-0.011805412,-0.006015949,-3.899279
1766255388.1496017,-0.011099781,-0.0063719596,-3.9003816
1766255388.1627593,-0.009727142,-0.0070669535,-3.9025247
1766255388.1730483,-0.0090523,-0.0074039893,-3.9035668
1766255388.182872,-0.008389411,-0.007735807,-3.904599
1766255388.1908135,-0.007738052,-0.008062502,-3.9056122
1766255388.2028747,-0.006468417,-0.008700951,-3.9075847
1766255388.2110517,-0.005849482,-0.009012903,-3.908544
1766255388.2234287,-0.005240751,-0.009320127,-3.9094863
1766255388.230264,-0.0046420028,-0.009622691,-3.9104204
1766255388.2431045,-0.0040574525,-0.009921262,-3.9113374
1766255388.2506497,-0.0034827758,-0.010215179,-3.912238
1766255388.2633834,-0.0026334485,-0.01040358,-3.912936
1766255388.2707617,-0.0023532521,-0.010306583,-3.9127605
1766255388.2843864,-0.001805991,-0.010123582,-3.9124708
1766255388.2920063,-0.0015389643,-0.010036967,-3.9123402
1766255388.304565,-0.0012763666,-0.009952946,-3.9122183
1766255388.310718,-0.001012217,-0.009868356,-3.912105
1766255388.3242047,-0.00075299223,-0.009785955,-3.9120002
1766255388.331065,-0.0004989442,-0.009705632,-3.9119036
1766255388.3446326,-6.8606896e-06,-0.009550391,-3.9117658
1766255388.351295,0.0002312998,-0.009474588,-3.911708
1766255388.36468,0.00046440467,-0.009399452,-3.9116583
1766255388.3715463,0.000692541,-0.009324856,-3.9116163
1766255388.384693,0.0011695506,-0.009179106,-3.9115705
1766255388.3915677,0.0014169526,-0.008643049,-3.9120045
1766255388.4048426,0.0018910912,-0.0076050702,-3.9128642
1766255388.4136922,0.002118074,-0.0071022334,-3.9132907
1766255388.4246187,0.0023385608,-0.0066095516,-3.9137154
1766255388.4320943,0.002552721,-0.0061265985,-3.9141505
1766255388.4457502,0.0027606925,-0.005653078,-3.9145837
1766255388.452396,0.0029626046,-0.0051887524,-3.9150157
1766255388.465295,0.0033477258,-0.0042759967,-3.915875
1766255388.4731812,0.0035318919,-0.0038322583,-3.916303
1766255388.4861186,0.0038839893,-0.0029687635,-3.9171813
1766255388.4940531,0.004052029,-0.002548872,-3.917619
1766255388.5066237,0.0042147893,-0.0021368724,-3.918056
1766255388.5132277,0.0043723285,-0.0017327399,-3.9184923
1766255388.5272043,0.0046432153,-0.00059278135,-3.9204228
1766255388.5343535,0.004772033,-3.7191552e-05,-3.9213746
1766255388.5467799,0.0048967185,0.000509204,-3.9223118
1766255388.5538592,0.005017555,0.0010466404,-3.9232352
1766255388.566772,0.0052484814,0.0020953172,-3.9250414
1766255388.5746474,0.0053588166,0.0026068566,-3.925925
1766255388.5869086,0.0054659233,0.0031099815,-3.9268053
1766255388.594234,0.0055799964,0.0036008665,-3.927673
1766255388.608093,0.005798848,0.0045578005,-3.929371
1766255388.6156104,0.0059036794,0.005024005,-3.9302018
1766255388.627342,0.0060054176,0.0054822094,-3.9310205
1766255388.634474,0.0061039724,0.0059325197,-3.9318364
1766255388.647588,0.0069525,0.0069009527,-3.934191
1766255388.6555097,0.007360472,0.0073744375,-3.9353359
1766255388.668067,0.007767113,0.007836624,-3.9364598
1766255388.6747582,0.008163642,0.008291988,-3.937563
1766255388.6888795,0.008927647,0.00918205,-3.9397223
1766255388.6959968,0.009295737,0.009616647,-3.940772
1766255388.7080789,0.009654949,0.010044314,-3.941802
1766255388.7149682,0.010005564,0.010465162,-3.9428124
1766255388.7282267,0.010681862,0.011286793,-3.9447763
1766255388.7363844,0.011010248,0.011680004,-3.9457362
1766255388.7480178,0.011330662,0.012066699,-3.9466774
1766255388.755563,0.011643292,0.012446855,-3.9476
1766255388.7701306,0.012899322,0.013479848,-3.9484365
1766255388.7767897,0.013828173,0.014127278,-3.9483747
1766255388.7891736,0.014735444,0.014762911,-3.9483302
1766255388.7958066,0.015621775,0.015386975,-3.9482899
1766255388.809155,0.017334143,0.016601508,-3.948221
1766255388.8181481,0.018148988,0.017200872,-3.9481914
1766255388.829105,0.018945407,0.017789697,-3.9481647
1766255388.8363318,0.019723894,0.018368213,-3.9481535
1766255388.8502073,0.021228867,0.019495085,-3.9481368
1766255388.857453,0.021955932,0.020043612,-3.948131
1766255388.869827,0.022666294,0.020582408,-3.948127
1766255388.8764381,0.023360146,0.021111658,-3.9481251
1766255388.8900156,0.024037793,0.021631574,-3.9481382
1766255388.897055,0.02470689,0.022143764,-3.948153
1766255388.9099507,0.025331775,0.02300711,-3.9484153
1766255388.9169712,0.025631918,0.023426676,-3.948546
1766255388.9306862,0.02620725,0.024241049,-3.9488063
1766255388.9386156,0.026482435,0.024636026,-3.9489481
1766255388.9509246,0.02674955,0.025023283,-3.9490902
1766255388.957489,0.027008727,0.025403071,-3.9492323
1766255388.9714563,0.027499437,0.026143104,-3.949518
1766255388.979411,0.02773271,0.026501466,-3.9496615
1766255388.9908307,0.027957648,0.026851596,-3.9498181
1766255388.9979353,0.028174395,0.027193602,-3.9499757
1766255389.0111268,0.028584655,0.02785492,-3.9502935
1766255389.018497,0.028763544,0.02821293,-3.9499047
1766255389.031141,0.028935943,0.028560877,-3.9495313
1766255389.0383441,0.029096302,0.02889881,-3.949188
1766255389.0509377,0.02939652,0.0295441,-3.9485443
1766255389.0604217,0.029536376,0.029851498,-3.9482436
1766255389.0711973,0.029669544,0.03014889,-3.9479566
1766255389.078364,0.029796198,0.030436404,-3.947683
1766255389.0924244,0.029916655,0.030714188,-3.9474385
1766255389.0987093,0.030031385,0.030982634,-3.9472065
1766255389.1119707,0.030284345,0.03145956,-3.946781
1766255389.1188679,0.030402994,0.03168552,-3.9465868
1766255389.1318858,0.03062375,0.03211188,-3.9462347
1766255389.1403296,0.030725937,0.032312114,-3.9460917
1766255389.1520083,0.030939125,0.032326568,-3.9468448
1766255389.1590326,0.031144328,0.032336585,-3.947586
1766255389.173397,0.031341936,0.032342404,-3.948316
1766255389.1799262,0.031521723,0.03233714,-3.9490356
1766255389.1935635,0.031859558,0.03231424,-3.9504542
1766255389.1995828,0.032017548,0.032296468,-3.951154
1766255389.2128012,0.03216844,0.032274593,-3.9518442
1766255389.2199435,0.03231245,0.03224876,-3.9525254
1766255389.23264,0.03258096,0.03218592,-3.9538615
1766255389.2402234,0.032707706,0.03216868,-3.954526
1766255389.253196,0.032943234,0.032122903,-3.9558291
1766255389.261075,0.033052232,0.032094363,-3.9564679
1766255389.2733572,0.032837775,0.0321722,-3.956692
1766255389.2804701,0.032624867,0.032243118,-3.9569185
1766255389.2937522,0.03220332,0.03236506,-3.9574018
1766255389.3018,0.031994388,0.032416437,-3.957646
1766255389.314046,0.031786464,0.032461654,-3.957891
1766255389.3205316,0.031568628,0.03250103,-3.958137
1766255389.3345504,0.031135175,0.03256317,-3.9586313
1766255389.3418374,0.030919313,0.03258656,-3.9588907
1766255389.3538592,0.030703865,0.032605242,-3.95915
1766255389.3611019,0.03048871,0.0326195,-3.9594092
1766255389.3740666,0.030273741,0.032629605,-3.9596674
1766255389.3815215,0.030058855,0.03263575,-3.9599252
1766255389.3946223,0.029629152,0.032636583,-3.9604506
1766255389.4013584,0.029333826,0.032678366,-3.9613721
1766255389.4143012,0.029040843,0.03271551,-3.9622765
1766255389.4214163,0.028750226,0.032748125,-3.963164
1766255389.435197,0.028176105,0.032800753,-3.9648905
1766255389.4417014,0.027892746,0.03282129,-3.9657373
1766255389.454571,0.027333802,0.032851603,-3.967384
1766255389.4634876,0.027058318,0.03286165,-3.9681845
1766255389.4751112,0.026787642,0.032867726,-3.9689696
1766255389.4822524,0.026519649,0.032870695,-3.96974
1766255389.49508,0.0259913,0.03286725,-3.971253
1766255389.5027258,0.025730642,0.03286067,-3.9719875
1766255389.5158932,0.025472147,0.03285085,-3.9727073
1766255389.521972,0.025215719,0.032837838,-3.9734125
1766255389.5351884,0.02480723,0.03152549,-3.9753187
1766255389.5431483,0.024609597,0.0308793,-3.9762464
1766255389.5552263,0.024412932,0.030243596,-3.9771528
1766255389.5623286,0.024217386,0.029618038,-3.9780385
1766255389.57524,0.0238302,0.028395873,-3.9797482
1766255389.5833406,0.0236388,0.02779869,-3.980573
1766255389.5957758,0.023448972,0.027210414,-3.981384
1766255389.6026175,0.023260701,0.026630681,-3.982175
1766255389.6155887,0.022885798,0.025501309,-3.983699
1766255389.6241395,0.022700325,0.024948055,-3.9844315
1766255389.6354005,0.022516072,0.024402168,-3.985145
1766255389.6430168,0.022333011,0.023863535,-3.9858456
1766255389.6561632,0.023152366,0.021972017,-3.9858334
1766255389.6641476,0.023542674,0.02104937,-3.9858263
1766255389.6760275,0.023920722,0.020141672,-3.985818
1766255389.682933,0.024296049,0.019244386,-3.9858084
1766255389.6957736,0.025013115,0.017492622,-3.9858067
1766255389.7045226,0.025355764,0.016637748,-3.9858024
1766255389.715862,0.025688382,0.01579653,-3.9857957
1766255389.7233765,0.026011413,0.014968634,-3.9857864
1766255389.736954,0.026630422,0.013351727,-3.9857607
1766255389.7446218,0.026926948,0.012562397,-3.985755
1766255389.7570002,0.027220612,0.011781786,-3.9857469
1766255389.76371,0.027505863,0.011013813,-3.9857361
1766255389.776592,0.028165536,0.009703221,-3.9851222
1766255389.7857652,0.028539604,0.009157525,-3.9845343
1766255389.7965078,0.02890513,0.0086212475,-3.9839728
1766255389.8040361,0.029262196,0.008094483,-3.9834232
1766255389.8173306,0.029611018,0.007577338,-3.9828854
1766255389.824037,0.02995056,0.0070628584,-3.9823596
1766255389.8368995,0.030607596,0.006063399,-3.981342
1766255389.843681,0.030925527,0.0055787424,-3.9808652
1766255389.8566997,0.031236514,0.005104287,-3.9803994
1766255389.8641539,0.03154056,0.0046399343,-3.9799445
1766255389.876661,0.032128192,0.0037408348,-3.9790678
1766255389.8844075,0.032411944,0.0033057244,-3.9786463
1766255389.897823,0.032953724,0.002467423,-3.9778655
1766255389.9055748,0.033060204,0.0020626946,-3.9767942
1766255389.9175224,0.033162504,0.0016659962,-3.9757519
1766255389.9245765,0.03326051,0.0012773081,-3.9747381
1766255389.937638,0.033443995,0.0005241663,-3.9727943
1766255389.947162,0.033529814,0.00015984866,-3.9718819
1766255389.957966,0.0335908,-0.00019589602,-3.9709957
1766255389.9653425,0.03364802,-0.0005432547,-3.9701357
1766255389.9795241,0.033750203,-0.0012142307,-3.9684927
1766255389.9863234,0.033794962,-0.0015386514,-3.9677093
1766255389.9987004,0.033835635,-0.0018558798,-3.96697
1766255390.0057044,0.0338725,-0.0021658416,-3.9662552
1766255390.0183487,0.03390571,-0.0024685576,-3.9655645
1766255390.0258536,0.03393527,-0.0027641484,-3.9648974
1766255390.0385776,0.03462873,-0.0023724108,-3.9646885
1766255390.046451,0.03495721,-0.0021829433,-3.9646122
1766255390.0600426,0.03557905,-0.0018159284,-3.9644861
1766255390.067006,0.03587299,-0.0016380348,-3.9644363
1766255390.0790193,0.03615601,-0.0014635833,-3.9643955
1766255390.0862327,0.03642842,-0.0012922706,-3.9643638
1766255390.0994606,0.03693265,-0.0009435016,-3.964357
1766255390.107522,0.03717013,-0.0007727712,-3.9643664
1766255390.1184664,0.03739839,-0.0006041683,-3.9643843
1766255390.12656,0.03761776,-0.00043765834,-3.9644103
1766255390.1402118,0.038030714,-0.0001110531,-3.964487
1766255390.1478863,0.038224693,4.9058202e-05,-3.9645524
1766255390.159434,0.038125493,0.00040466947,-3.9648674
1766255390.167074,0.038024087,0.0007526446,-3.9651842
1766255390.179782,0.037819788,0.0014362452,-3.9658263
1766255390.1879046,0.03771711,0.0017723705,-3.966152
1766255390.2004063,0.0376135,0.0021040319,-3.9664936
1766255390.2074287,0.037508275,0.0024304243,-3.966838
1766255390.2207913,0.037290227,0.0030645577,-3.9675329
1766255390.2284062,0.037161157,0.0033698606,-3.9678836
1766255390.240543,0.037028715,0.0036682673,-3.968236
1766255390.2477393,0.03689163,0.003958247,-3.968604
1766255390.2605808,0.03654138,0.004442884,-3.9693923
1766255390.2684567,0.036297068,0.0046023005,-3.9698443
1766255390.28075,0.036719542,0.005229675,-3.9700837
1766255390.287709,0.03710199,0.0058070165,-3.9703803
1766255390.3013747,0.037818454,0.0068861935,-3.9711614
1766255390.3083444,0.038179725,0.007423442,-3.9716234
1766255390.320885,0.038552895,0.007973503,-3.9721282
1766255390.328347,0.03893881,0.008537794,-3.9726713
1766255390.3415246,0.03974069,0.009696688,-3.973858
1766255390.3493545,0.040151376,0.01028269,-3.9745095
1766255390.3611865,0.04056565,0.010868847,-3.9751852
1766255390.3685427,0.040981885,0.011454419,-3.9758825
1766255390.3823638,0.04181242,0.012610715,-3.9773335
1766255390.3893347,0.042223748,0.013191204,-3.9780827
1766255390.401906,0.042629685,0.013772726,-3.9788601
1766255390.4091208,0.042845815,0.014412673,-3.9795785
1766255390.421596,0.043258645,0.015685065,-3.9810426
1766255390.4297497,0.043452375,0.016313141,-3.9817836
1766255390.4417617,0.04363598,0.016933449,-3.982528
1766255390.448821,0.043806225,0.017539226,-3.9832883
1766255390.4625285,0.04410819,0.018720962,-3.9847994
1766255390.4699528,0.044237375,0.019295638,-3.9855444
1766255390.481904,0.044351064,0.019858662,-3.9862792
1766255390.489644,0.044449188,0.020409262,-3.987001
1766255390.5022948,0.04460074,0.021470185,-3.988425
1766255390.510589,0.044656023,0.021979637,-3.9891083
1766255390.5221262,0.044699196,0.02247504,-3.9897695
1766255390.5298784,0.04473055,0.022949386,-3.9904072
1766255390.5439346,0.045154367,0.02312002,-3.9908772
1766255390.5512123,0.045349278,0.023200912,-3.9911022
1766255390.5633557,0.045534562,0.02327966,-3.9913073
1766255390.5701487,0.04571149,0.023356823,-3.9914908
1766255390.5831017,0.04604501,0.023508677,-3.99179
1766255390.591779,0.046203587,0.023584649,-3.991904
1766255390.6031413,0.046360478,0.023663389,-3.9920108
1766255390.6104624,0.046513896,0.023743773,-3.9920924
1766255390.623931,0.046813034,0.023911947,-3.9921796
1766255390.631762,0.046959966,0.024000423,-3.992185
1766255390.643885,0.047105774,0.024092145,-3.9921653
1766255390.6507902,0.047250777,0.024187235,-3.9921377
1766255390.6634257,0.046765953,0.023989292,-3.9925349
1766255390.6710482,0.046285048,0.023804406,-3.9928968
1766255390.6838598,0.045359943,0.023459874,-3.9935186
1766255390.6910896,0.044914648,0.02329919,-3.9937806
1766255390.704179,0.04405578,0.022998916,-3.9942431
1766255390.7123842,0.04364118,0.022858527,-3.9944305
1766255390.7245865,0.043235816,0.022724124,-3.99459
1766255390.7311866,0.042839218,0.022595368,-3.9947228
1766255390.7440717,0.04205872,0.022353414,-3.9949136
1766255390.7531528,0.041680314,0.022239981,-3.9949875
1766255390.7643867,0.041309353,0.022131259,-3.9950392
1766255390.7717125,0.040945623,0.022026982,-3.9950695
1766255390.7855015,0.0405888,0.021926908,-3.9950793
1766255390.7917688,0.040283907,0.021858143,-3.9943528
1766255390.8047588,0.039675787,0.021733413,-3.9929154
1766255390.8121104,0.0393725,0.021677222,-3.9922044
1766255390.825207,0.038783625,0.021566015,-3.990783
1766255390.8340056,0.03849802,0.02151072,-3.9900732
1766255390.844868,0.03821835,0.021455426,-3.989365
1766255390.8523054,0.03794458,0.021400077,-3.9886775
1766255390.8660693,0.03741421,0.021289103,-3.987309
1766255390.873079,0.037155144,0.02123699,-3.986629
1766255390.8859398,0.036901604,0.021185145,-3.9859529
1766255390.8925977,0.036653493,0.021133669,-3.9852808
1766255390.9058912,0.036173336,0.021031829,-3.9839878
1766255390.9144814,0.036486257,0.020949759,-3.9835997
1766255390.925238,0.036792047,0.020868927,-3.983211
1766255390.9329371,0.037091106,0.020789223,-3.9828222
1766255390.9467065,0.037383936,0.02071057,-3.9824338
1766255390.9531472,0.037686393,0.020624138,-3.9820466
1766255390.9661033,0.038275577,0.020455416,-3.9813101
1766255390.9732814,0.038562965,0.020373669,-3.9809449
1766255390.9861264,0.039124697,0.020216405,-3.9802227
1766255390.994868,0.039399363,0.020140892,-3.9798667
1766255391.0068603,0.03966999,0.020067248,-3.979531
1766255391.0136392,0.039936613,0.019995296,-3.979199
1766255391.0272965,0.040439695,0.019862149,-3.9785464
1766255391.0351512,0.040646944,0.019692115,-3.9785726
1766255391.0471334,0.040851872,0.019525515,-3.978594
1766255391.0541575,0.04105462,0.019362148,-3.9786255
1766255391.0673778,0.041453328,0.019043934,-3.9786758
1766255391.0754664,0.04164909,0.018888619,-3.978695
1766255391.0875251,0.041841686,0.018723782,-3.9787104
1766255391.0942485,0.042031784,0.018561507,-3.9787226
1766255391.1081686,0.04240444,0.018244708,-3.978765
1766255391.115733,0.042586956,0.018090196,-3.9787812
1766255391.1279414,0.042766865,0.01793822,-3.9787943
1766255391.1346948,0.042944126,0.01778874,-3.9788046
1766255391.1473522,0.043290656,0.017497323,-3.9788165
1766255391.1567116,0.043463547,0.01735322,-3.9788327
1766255391.168121,0.043419648,0.017335415,-3.9792013
1766255391.174834,0.043378115,0.017317994,-3.979559
1766255391.188303,0.04330155,0.01728468,-3.9802425
1766255391.1965168,0.04326619,0.017268913,-3.9805691
1766255391.208684,0.04323258,0.017253626,-3.9808981
1766255391.215476,0.04320059,0.017238729,-3.9812167
1766255391.2280278,0.04313641,0.01721679,-3.9818244
1766255391.2374108,0.043103997,0.017210174,-3.9821136
1766255391.248996,0.04307278,0.017204477,-3.9823935
1766255391.2559726,0.043042667,0.01719965,-3.9826765
1766255391.2693877,0.04298526,0.017192269,-3.9832146
1766255391.276673,0.042957723,0.017189736,-3.9834697
1766255391.2893355,0.042689018,0.017125929,-3.9840686
1766255391.2961369,0.04242609,0.017065505,-3.9846492
1766255391.309399,0.0419197,0.016951302,-3.9857762
1766255391.317243,0.041674584,0.016899185,-3.986313
1766255391.329533,0.04143476,0.016850209,-3.9868321
1766255391.336347,0.041200154,0.01680425,-3.9873343
1766255391.3498876,0.0407462,0.016720956,-3.9882872
1766255391.3573954,0.040526472,0.016683439,-3.988749
1766255391.36956,0.040316142,0.016647354,-3.9891942
1766255391.376435,0.04011009,0.016613873,-3.9896226
1766255391.389578,0.039710086,0.016554467,-3.9904306
1766255391.398278,0.03951594,0.016528483,-3.9908106
1766255391.409326,0.039325677,0.016504865,-3.9911852
1766255391.4170861,0.0394071,0.017052636,-3.991867
1766255391.4299967,0.039557256,0.0181209,-3.9931595
1766255391.4380462,0.03962538,0.018640442,-3.993771
1766255391.4502609,0.03968994,0.019151485,-3.99436
1766255391.4570873,0.039751176,0.019654257,-3.9949346
1766255391.4702222,0.03986423,0.020636719,-3.9960175
1766255391.4783285,0.039916262,0.021117607,-3.9965262
1766255391.4900732,0.039965466,0.021592256,-3.9970138
1766255391.4978359,0.040011942,0.022060897,-3.9974802
1766255391.5107925,0.04005577,0.022523705,-3.9979343
1766255391.517418,0.04011226,0.02298144,-3.9983678
1766255391.530384,0.040217716,0.023880046,-3.9991744
1766255391.5372627,0.040267047,0.02432079,-3.9995477
1766255391.550436,0.040436354,0.024949925,-4.000379
1766255391.5595014,0.04051827,0.025259417,-4.000771
1766255391.5712268,0.04059857,0.025565425,-4.0011425
1766255391.5788672,0.04067139,0.0258667,-4.0014944
1766255391.5916686,0.040813085,0.026457837,-4.002139
1766255391.5994341,0.04088185,0.026747387,-4.002433
1766255391.611709,0.040949136,0.027032787,-4.0027156
1766255391.6186173,0.041014966,0.027314084,-4.0029798
1766255391.6317663,0.041142955,0.02786506,-4.003454
1766255391.6409628,0.041205358,0.028134832,-4.0036654
1766255391.6514838,0.041267484,0.02839817,-4.0038595
1766255391.659094,0.041328534,0.028657485,-4.0040445
1766255391.6722698,0.040916197,0.027667698,-4.004187
1766255391.6802144,0.040716447,0.027189493,-4.004238
1766255391.6917264,0.040520824,0.026721634,-4.004276
1766255391.6988451,0.040329244,0.026263574,-4.0043006
1766255391.7119846,0.039957885,0.02537493,-4.0043273
1766255391.7213044,0.039775606,0.024944622,-4.004322
1766255391.732463,0.039596945,0.024522122,-4.004305
1766255391.7395706,0.039421797,0.024107056,-4.0042763
1766255391.752996,0.03908186,0.023298368,-4.0041847
1766255391.760446,0.038916763,0.022904241,-4.0041313
1766255391.773353,0.038754676,0.02251657,-4.0040674
1766255391.779944,0.03859546,0.022135116,-4.0039935
1766255391.7925284,0.038199347,0.021714266,-4.0035076
1766255391.8011928,0.03799022,0.021666652,-4.0031037
1766255391.8136277,0.03778491,0.021616995,-4.002707
1766255391.8207395,0.037583426,0.02156547,-4.0023084
1766255391.8344908,0.037192028,0.021457685,-4.0015054
1766255391.8417501,0.037002165,0.021401811,-4.0011015
1766255391.8538682,0.036816232,0.021344861,-4.0006967
1766255391.8607957,0.03663699,0.021287387,-4.0003
1766255391.8746305,0.03628965,0.021170167,-3.9995027
1766255391.8820734,0.036121238,0.021110369,-3.999103
1766255391.8943841,0.035956256,0.021049984,-3.998703
1766255391.9020948,0.03579477,0.020989403,-3.9983027
1766255391.9155462,0.035482515,0.020868972,-3.9975207
1766255391.922815,0.035281364,0.020738145,-3.997198
1766255391.9355104,0.03508416,0.02060858,-3.996874
1766255391.9428403,0.034891028,0.020480216,-3.9965491
1766255391.955459,0.034517437,0.020227447,-3.9958966
1766255391.9637642,0.03433667,0.020103345,-3.9955792
1766255391.9761047,0.034159556,0.019980725,-3.9952614
1766255391.983011,0.03398602,0.01985935,-3.9949436
1766255391.996443,0.03364706,0.019621022,-3.9943092
1766255392.004196,0.03348197,0.019504158,-3.9939926
1766255392.016569,0.03332101,0.019388512,-3.9936855
1766255392.0229487,0.03316427,0.019274121,-3.993379
1766255392.0369408,0.032863386,0.019048579,-3.9927685
1766255392.0442452,0.032701045,0.018999403,-3.9928215
1766255392.0565693,0.032543812,0.018950129,-3.992867
1766255392.0640082,0.03239121,0.01890187,-3.9929125
1766255392.0769255,0.032099992,0.018806688,-3.9929836
1766255392.085705,0.03196128,0.01875987,-3.9930098
1766255392.097558,0.03182727,0.018713657,-3.99303
1766255392.1045058,0.03169803,0.018668149,-3.9930449
1766255392.1173728,0.031453945,0.018579515,-3.9930696
1766255392.1262555,0.031339094,0.018536285,-3.993074
1766255392.1378071,0.031229,0.018493699,-3.993073
1766255392.144953,0.031122547,0.018450994,-3.9930668
1766255392.1586435,0.030924005,0.01836769,-3.9930396
1766255392.1656833,0.03083193,0.018327115,-3.9930253
1766255392.1780407,0.031155428,0.017882358,-3.9936612
1766255392.186298,0.031472355,0.017447392,-3.9942756
1766255392.1980324,0.032087468,0.016605569,-3.9954422
1766255392.2076437,0.032386046,0.016198259,-3.9959953
1766255392.2189224,0.032678854,0.015799768,-3.996532
1766255392.2259576,0.03297022,0.015407244,-3.9970496
1766255392.2395494,0.033256132,0.015023249,-3.9975486
1766255392.2456343,0.033536848,0.014647615,-3.9980292
1766255392.2590463,0.034083553,0.013920346,-3.9989367
1766255392.2658186,0.034349922,0.0135680465,-3.9993665
1766255392.280383,0.03486943,0.012884631,-4.000175
1766255392.2869563,0.03512278,0.01255284,-4.0005546
1766255392.299446,0.035269875,0.012613986,-4.0009084
1766255392.3066726,0.035416048,0.012674391,-4.0012465
1766255392.3204186,0.035706144,0.012793375,-4.001879
1766255392.3278127,0.035850342,0.012852403,-4.0021725
1766255392.3403583,0.035994124,0.01291164,-4.00245
1766255392.346769,0.036137585,0.012971503,-4.0027122
1766255392.3597367,0.036280725,0.013032277,-4.0029593
1766255392.3669803,0.036422312,0.0130968215,-4.0031915
1766255392.3800266,0.036703184,0.013231331,-4.003618
1766255392.387293,0.03684221,0.013301658,-4.0038095
1766255392.400381,0.037117254,0.0134483045,-4.00415
1766255392.4085267,0.037253346,0.0135243,-4.004299
1766255392.421064,0.03738866,0.01360165,-4.004437
1766255392.4272718,0.037415758,0.013378044,-4.005
1766255392.4410212,0.037479725,0.012951255,-4.006054
1766255392.448655,0.03751502,0.012748612,-4.0065455
1766255392.4609225,0.03755251,0.012552938,-4.0070143
1766255392.4675357,0.037592098,0.012364006,-4.00746
1766255392.4812808,0.037633713,0.012181603,-4.007884
1766255392.4877923,0.03767725,0.012005536,-4.008287
1766255392.5011542,0.037769694,0.011671678,-4.009029
1766255392.5078115,0.037809126,0.011512198,-4.00937
1766255392.5208738,0.03789293,0.011210526,-4.0099916
1766255392.5296564,0.037937395,0.011067963,-4.0102744
1766255392.5408428,0.037983745,0.010930428,-4.010538
1766255392.5483115,0.038032103,0.010797552,-4.010783
1766255392.5618906,0.037428457,0.010228706,-4.010377
1766255392.568613,0.036841657,0.0096738385,-4.009968
1766255392.5821576,0.03571438,0.008601699,-4.0091524
1766255392.5884557,0.035172787,0.0080836415,-4.0087404
1766255392.602298,0.034645773,0.0075781657,-4.008326
1766255392.6089537,0.034132846,0.00708519,-4.00791
1766255392.6227298,0.033147722,0.006135317,-4.007074
1766255392.62908,0.032674886,0.005677261,-4.006654
1766255392.6428833,0.031767633,0.0047925184,-4.005808
1766255392.650662,0.0313329,0.004365482,-4.0053825
1766255392.6622717,0.030924127,0.003948139,-4.0049553
1766255392.6697721,0.030526882,0.0035410544,-4.004531
1766255392.682955,0.029944755,0.0030698695,-4.0035043
1766255392.6899147,0.02937902,0.0026108096,-4.0024924
1766255392.7035272,0.02829623,0.0017273717,-4.000511
1766255392.7103279,0.027778912,0.0013022579,-3.9995413
1766255392.723713,0.026791763,0.0004851379,-3.9976554
1766255392.731238,0.026318487,9.45841e-05,-3.9967327
1766255392.7437687,0.025860384,-0.00028489405,-3.9958234
1766255392.750556,0.025417168,-0.00065351225,-3.994928
1766255392.7639287,0.024573937,-0.0013597746,-3.9931784
1766255392.7728088,0.024173157,-0.0016983252,-3.9923317
1766255392.7845805,0.023785954,-0.0020274573,-3.9914994
1766255392.7914898,0.023412349,-0.0023472211,-3.9906807
1766255392.8040903,0.023052365,-0.002657694,-3.989876
1766255392.8114808,0.022499135,-0.0033134306,-3.9890432
1766255392.8253555,0.021447899,-0.004572764,-3.9874291
1766255392.8314214,0.020949522,-0.0051768934,-3.9866476
1766255392.8443496,0.020006027,-0.0063382173,-3.9851274
1766255392.853423,0.019560331,-0.0068970453,-3.9843888
1766255392.865235,0.019131301,-0.00744194,-3.9836645
1766255392.8723204,0.0187182,-0.00797316,-3.9829624
1766255392.88555,0.017928114,-0.008992819,-3.9816012
1766255392.8938072,0.017555365,-0.00948254,-3.9809425
1766255392.906033,0.017197344,-0.009959332,-3.9802983
1766255392.9125507,0.016854016,-0.010423625,-3.9796684
1766255392.9262698,0.016211536,-0.011315674,-3.978465
1766255392.9342577,0.015872225,-0.011579887,-3.9777904
1766255392.9459882,0.015541747,-0.011833103,-3.9771326
1766255392.9533463,0.015226673,-0.0120761255,-3.9764912
1766255392.9665477,0.014926612,-0.012309011,-3.9758663
1766255392.9732711,0.01464112,-0.012531582,-3.9752579
1766255392.9880152,0.014112512,-0.012945903,-3.974105
1766255392.9937437,0.013868936,-0.013138142,-3.973552
1766255393.0065494,0.013422492,-0.013494796,-3.9724925
1766255393.0161037,0.013214292,-0.013657545,-3.971985
1766255393.0272133,0.013019402,-0.013811713,-3.9715009
1766255393.0347364,0.012837733,-0.013957148,-3.9710314
1766255393.0477006,0.012513569,-0.014221038,-3.9701347
1766255393.057175,0.012280839,-0.014182285,-3.969815
1766255393.068561,0.012064356,-0.014137935,-3.9695067
1766255393.0750082,0.011863642,-0.014088184,-3.9692175
1766255393.0955791,0.011500301,-0.013968692,-3.9686725
1766255393.0974658,0.0113372095,-0.0138991345,-3.968416
1766255393.1126404,0.011188796,-0.013824612,-3.9681702
1766255393.1188974,0.01105482,-0.013745187,-3.9679346
1766255393.1348379,0.010829414,-0.013571696,-3.9675074
1766255393.1464438,0.010737712,-0.013477799,-3.9673083
1766255393.1564002,0.010659827,-0.013379325,-3.9671183
1766255393.1623785,0.010592606,-0.013275208,-3.9669373
1766255393.1761827,0.01049727,-0.013054378,-3.9666018
1766255393.184473,0.010468462,-0.01293807,-3.9664543
1766255393.1960437,0.010023972,-0.01338697,-3.9662845
1766255393.2029812,0.009601795,-0.013821542,-3.9661248
1766255393.216341,0.008822381,-0.014649394,-3.9658341
1766255393.2241538,0.008464107,-0.015043649,-3.9657028
1766255393.236231,0.008111993,-0.015425984,-3.9655879
1766255393.2429316,0.0077797584,-0.015796574,-3.9654813
1766255393.255793,0.0074669146,-0.016155994,-3.9653826
1766255393.2632515,0.0071728406,-0.016504826,-3.9652915
1766255393.2763567,0.006638151,-0.017172856,-3.9651315
1766255393.2834136,0.0063963365,-0.017492805,-3.9650698
1766255393.295661,0.0061709895,-0.01780376,-3.9650147
1766255393.302923,0.005961876,-0.018106032,-3.964966
1766255393.3168201,0.0054760436,-0.018847458,-3.9650404
1766255393.3228984,0.005197434,-0.019283924,-3.965159
1766255393.335647,0.004695773,-0.020128831,-3.9654133
1766255393.3454561,0.004472287,-0.020537574,-3.9655418
1766255393.3563943,0.004266742,-0.020937288,-3.9656708
1766255393.3633995,0.0040787784,-0.021328023,-3.9658005
1766255393.376052,0.003907904,-0.021709824,-3.9659305
1766255393.383353,0.003752858,-0.02208459,-3.9660604
1766255393.3966246,0.0034910403,-0.022808084,-3.9663334
1766255393.403426,0.003383623,-0.023157064,-3.9664693
1766255393.4168336,0.0032146522,-0.023830106,-3.9667397
1766255393.4253528,0.0031528529,-0.024154479,-3.9668734
1766255393.4373078,0.0031060718,-0.024471037,-3.9670126
1766255393.4440384,0.0036786033,-0.024907399,-3.9677641
1766255393.4578717,0.0048284214,-0.025747167,-3.9692178
1766255393.465519,0.005407392,-0.026149616,-3.9699206
1766255393.4775617,0.0059890635,-0.026540397,-3.9706078
1766255393.484123,0.0065735173,-0.02691953,-3.9712822
1766255393.4975893,0.007751549,-0.027643086,-3.9725857
1766255393.505511,0.008345614,-0.027987683,-3.973215
1766255393.5175712,0.008943347,-0.028321058,-3.9738297
1766255393.5246687,0.009551808,-0.02863969,-3.97443
1766255393.5378985,0.0107808905,-0.029244741,-3.9755924
1766255393.5454423,0.011401736,-0.029531412,-3.976152
1766255393.5586815,0.012026851,-0.029807672,-3.9766974
1766255393.564778,0.012656077,-0.03007381,-3.9772289
1766255393.5775867,0.013400942,-0.029933758,-3.9780583
1766255393.5852392,0.014147061,-0.029792933,-3.9788659
1766255393.5985887,0.015639521,-0.029510662,-3.9804175
1766255393.60546,0.016385794,-0.029369013,-3.9811618
1766255393.6182702,0.017133133,-0.02922615,-3.9818854
1766255393.625486,0.01788146,-0.029081862,-3.9825883
1766255393.638706,0.019380698,-0.02878829,-3.9839334
1766255393.6453586,0.02013143,-0.028638782,-3.9845765
1766255393.6586714,0.020882824,-0.02848746,-3.9851997
1766255393.6656125,0.021629447,-0.028336838,-3.9858036
1766255393.6786165,0.02312319,-0.028030405,-3.9869537
1766255393.685937,0.023869906,-0.027874444,-3.9875004
1766255393.6990964,0.026703414,-0.027826348,-3.9884012
1766255393.706639,0.028095827,-0.02779416,-3.988826
1766255393.7186484,0.02947276,-0.0277567,-3.9892344
1766255393.7259727,0.03083481,-0.027714001,-3.9896262
1766255393.738283,0.032185536,-0.027666168,-3.990002
1766255393.7459052,0.03352257,-0.027613578,-3.9903612
1766255393.7590435,0.036157914,-0.027495489,-3.9910314
1766255393.7662435,0.03745702,-0.027430348,-3.9913428
1766255393.7797306,0.040018402,-0.027288212,-3.991918
1766255393.7874405,0.041280698,-0.027211603,-3.9921832
1766255393.7991397,0.042530984,-0.027131418,-3.9924333
1766255393.8060734,0.043769598,-0.027043652,-3.9926689
1766255393.8194058,0.04499703,-0.026952848,-3.9928896
1766255393.82649,0.045584563,-0.027294569,-3.9935646
1766255393.839644,0.04676767,-0.027940258,-3.9948347
1766255393.8464994,0.04736321,-0.028244821,-3.9954312
1766255393.859817,0.04856077,-0.028818453,-3.9965527
1766255393.8681335,0.04915738,-0.029086582,-3.997079
1766255393.8801897,0.049754385,-0.029343968,-3.9975832
1766255393.886568,0.050351277,-0.029590914,-3.9980633
1766255393.899791,0.05154395,-0.030054612,-3.9989612
1766255393.9084783,0.052139807,-0.030271983,-3.99938
1766255393.9196804,0.05273551,-0.030480156,-3.9997792
1766255393.9272585,0.053331308,-0.030679401,-4.000159
1766255393.9402647,0.05452918,-0.03104801,-4.000859
1766255393.9480393,0.054725718,-0.031596694,-4.0011363
1766255393.960035,0.05493292,-0.032126315,-4.001397
1766255393.9676995,0.05515014,-0.032637313,-4.0016418
1766255393.9810462,0.055612434,-0.03360509,-4.002084
1766255393.9885862,0.055856768,-0.034062706,-4.0022793
1766255394.0004597,0.056109633,-0.034503616,-4.00246
1766255394.0082116,0.05637273,-0.034929346,-4.002626
1766255394.0210087,0.056644373,-0.03533915,-4.0027776
1766255394.031832,0.056924686,-0.035733473,-4.002915
1766255394.046708,0.057511784,-0.03647756,-4.0031466
1766255394.0529368,0.057818703,-0.036828194,-4.0032415
1766255394.0661957,0.05845768,-0.03748825,-4.003393
1766255394.0752497,0.05911028,-0.03778225,-4.0031157
1766255394.0858908,0.059772965,-0.0380637,-4.0028343
1766255394.0935328,0.060435966,-0.038332287,-4.0025496
1766255394.10873,0.06176487,-0.038831618,-4.0019684
1766255394.1148148,0.062431842,-0.03906295,-4.0016723
1766255394.1273134,0.06310111,-0.03928254,-4.0013723
1766255394.133783,0.06377296,-0.03949076,-4.0010695
1766255394.147126,0.06444756,-0.039687905,-4.000764
1766255394.153984,0.06512502,-0.039874263,-4.0004554
1766255394.166495,0.066496864,-0.040215638,-3.9998293
1766255394.174863,0.06718583,-0.040370233,-3.999513
1766255394.1882334,0.06856953,-0.040648222,-3.9988747
1766255394.196128,0.06926475,-0.04077241,-3.998554
1766255394.2080057,0.070234604,-0.04112864,-3.9979796
1766255394.2143812,0.07120115,-0.041470926,-3.9974117
1766255394.227441,0.07216491,-0.041799348,-3.99685
1766255394.234937,0.07312953,-0.042112716,-3.9962943
1766255394.2474308,0.07505192,-0.04270065,-3.9952033
1766255394.2552352,0.07600961,-0.042976204,-3.994668
1766255394.2693458,0.07791621,-0.043493375,-3.9936168
1766255394.2756934,0.07886477,-0.043735642,-3.9931016
1766255394.2883499,0.07981036,-0.04396712,-3.992593
1766255394.2952163,0.08075342,-0.044187825,-3.992093
1766255394.3086371,0.08263523,-0.044594985,-3.9911146
1766255394.317077,0.08357438,-0.044783134,-3.9906359
1766255394.3293989,0.08489045,-0.04481745,-3.9902015
1766255394.335935,0.08619803,-0.044844933,-3.9897726
1766255394.3488917,0.08878878,-0.044880286,-3.9889345
1766255394.3568923,0.09007224,-0.044888314,-3.9885247
1766255394.3695924,0.09132731,-0.044891365,-3.988121
1766255394.375858,0.09257419,-0.044888105,-3.9877238
1766255394.3895886,0.09504373,-0.044862222,-3.9869494
1766255394.3985264,0.09626713,-0.044839453,-3.9865735
1766255394.4099417,0.09748359,-0.044810243,-3.986204
1766255394.416598,0.0986937,-0.04477488,-3.985841
1766255394.4301264,0.10109672,-0.04468704,-3.9851346
1766255394.4380195,0.10228042,-0.044636276,-3.984791
1766255394.4512944,0.10345916,-0.044580143,-3.9844544
1766255394.4571462,0.10478103,-0.0447916,-3.9847627
1766255394.4702604,0.107399814,-0.045182057,-3.9853494
1766255394.479248,0.10869613,-0.04536147,-3.9856286
1766255394.4910543,0.109983556,-0.04553089,-3.9858992
1766255394.4978812,0.1112622,-0.045690686,-3.9861588
1766255394.5105205,0.11253237,-0.045841247,-3.9864101
1766255394.521203,0.11379114,-0.045976907,-3.9866538
1766255394.5371115,0.1162855,-0.04622296,-3.9871185
1766255394.5469656,0.117521845,-0.046333864,-3.9873397
1766255394.5618536,0.11875148,-0.046437096,-3.9875512
1766255394.5742018,0.121190764,-0.04662185,-3.987954
1766255394.58073,0.12240015,-0.046703883,-3.988145
1766255394.5873022,0.12360268,-0.04677915,-3.98833
1766255394.6024444,0.12620275,-0.04595938,-3.9896662
1766255394.6099787,0.1274902,-0.045555018,-3.9903016
1766255394.6227512,0.12876983,-0.04515418,-3.990919
1766255394.6287367,0.13004208,-0.044756632,-3.991519
1766255394.6423366,0.13256586,-0.043970007,-3.9926674
1766255394.6516519,0.13381805,-0.043580104,-3.9932163
1766255394.662976,0.13503821,-0.0431945,-3.993743
1766255394.6696393,0.13625215,-0.04281056,-3.9942534
1766255394.6828592,0.13866077,-0.04204708,-3.9952269
1766255394.6910424,0.13985547,-0.04166738,-3.9956903
1766255394.7037106,0.14104396,-0.041289043,-3.996138
1766255394.7100348,0.14222653,-0.04091202,-3.9965653
1766255394.7230062,0.14370504,-0.040787954,-3.996627
1766255394.7317219,0.14444818,-0.04071723,-3.9966495
1766255394.7443113,0.14519648,-0.040640738,-3.996666
1766255394.7505755,0.14594984,-0.040558722,-3.9966764
1766255394.7639203,0.14747013,-0.040380195,-3.9966726
1766255394.7716641,0.14823599,-0.040284898,-3.9966617
1766255394.7840943,0.14900506,-0.04018624,-3.9966445
1766255394.7910752,0.14977701,-0.040084537,-3.9966211
1766255394.8041666,0.15053555,-0.039986644,-3.9965918
1766255394.8113954,0.15129709,-0.039886035,-3.9965563
1766255394.8241925,0.15283003,-0.039677236,-3.9964607
1766255394.8309577,0.15360196,-0.0395692,-3.9964037
1766255394.8448377,0.15465784,-0.03980854,-3.9957054
1766255394.8526053,0.15495309,-0.04014867,-3.9950788
1766255394.8644617,0.15526287,-0.04047966,-3.9944606
1766255394.8716927,0.15559193,-0.040804967,-3.9938507
1766255394.8843055,0.15628733,-0.041430786,-3.9926565
1766255394.8932178,0.1566526,-0.041731525,-3.9920716
1766255394.9047332,0.15702935,-0.042024244,-3.991495
1766255394.9119594,0.15741758,-0.042309217,-3.9909263
1766255394.9251192,0.15781744,-0.04258679,-3.9903657
1766255394.9321783,0.15822902,-0.042857185,-3.9898129
1766255394.9454806,0.15906872,-0.043377496,-3.988731
1766255394.9524577,0.15949732,-0.04362778,-3.9882016
1766255394.965269,0.1599379,-0.043871496,-3.9876795
1766255394.9727886,0.16038962,-0.044108614,-3.9871657
1766255394.9856877,0.16225682,-0.04429453,-3.9856725
1766255394.9927883,0.1631906,-0.04438319,-3.9849486
1766255395.0063524,0.16506135,-0.04455184,-3.9835453
1766255395.013728,0.16599458,-0.044633027,-3.982867
1766255395.0264578,0.16693097,-0.044711012,-3.982203
1766255395.0335464,0.16787106,-0.044785794,-3.9815536
1766255395.0465302,0.16976355,-0.044925667,-3.9802976
1766255395.0545793,0.17071627,-0.044990856,-3.9796908
1766255395.0661592,0.17167304,-0.04505282,-3.979099
1766255395.0738697,0.17263319,-0.045111254,-3.9785213
1766255395.0872355,0.17454925,-0.045216125,-3.977409
1766255395.0943253,0.17564663,-0.045110695,-3.9767754
1766255395.1071868,0.17674604,-0.045004655,-3.976158
1766255395.1141474,0.17784801,-0.0448978,-3.9755583
1766255395.1269112,0.18006179,-0.04468057,-3.974405
1766255395.135974,0.18117438,-0.04457012,-3.9738512
1766255395.1473584,0.18229112,-0.04445864,-3.973312
1766255395.1549284,0.18339919,-0.044345286,-3.9727874
1766255395.168608,0.18562609,-0.044116724,-3.9717867
1766255395.1760254,0.18674372,-0.04400165,-3.971308
1766255395.1884525,0.18786375,-0.043885786,-3.9708438
1766255395.194976,0.18898624,-0.043768823,-3.9703934
1766255395.208898,0.19123977,-0.043530885,-3.9695346
1766255395.2163656,0.1923717,-0.043409783,-3.9691274
1766255395.2273433,0.19402528,-0.04357085,-3.9687212
1766255395.235503,0.19567066,-0.04372517,-3.968329
1766255395.2491257,0.19893831,-0.044013645,-3.9675853
1766255395.2568264,0.20056081,-0.04414788,-3.9672334
1766255395.2685907,0.2021754,-0.044275716,-3.9668965
1766255395.2761924,0.20378187,-0.044397473,-3.9665728
1766255395.2890754,0.20538028,-0.044513468,-3.9662619
1766255395.2959523,0.20697092,-0.044623945,-3.9659638
1766255395.3090107,0.21014863,-0.04482884,-3.965405
1766255395.3160398,0.2117279,-0.044923898,-3.9651453
1766255395.3294873,0.21487032,-0.04510063,-3.9646606
1766255395.3367176,0.2164344,-0.04518248,-3.964435
1766255395.3488922,0.21784748,-0.04551269,-3.9641924
1766255395.356826,0.2192593,-0.045834903,-3.9639611
1766255395.3693821,0.2206697,-0.04614909,-3.963744
1766255395.3767133,0.2221095,-0.046455026,-3.963538
1766255395.3897393,0.22498058,-0.047043364,-3.9631596
1766255395.3967676,0.22641137,-0.04732632,-3.9629867
1766255395.410443,0.22926354,-0.047870856,-3.962673
1766255395.4177709,0.23068535,-0.048132885,-3.9625332
1766255395.4296346,0.23210467,-0.048388466,-3.9624035
1766255395.4369023,0.23352177,-0.048637852,-3.9622831
1766255395.4501224,0.23635517,-0.049122673,-3.9620688
1766255395.4583302,0.23776929,-0.049355987,-3.9619746
1766255395.469775,0.23918131,-0.04958305,-3.9618912
1766255395.4771323,0.24032642,-0.049895782,-3.961821
1766255395.4910674,0.24262892,-0.050489806,-3.9617038
1766255395.499061,0.24378605,-0.050771452,-3.9616559
1766255395.5105095,0.24494718,-0.05104298,-3.961615
1766255395.5181866,0.24611305,-0.05130918,-3.9615831
1766255395.5304787,0.24845776,-0.051811468,-3.9615378
1766255395.5392597,0.24963681,-0.052047756,-3.9615242
1766255395.550771,0.25082046,-0.052274402,-3.9615161
1766255395.5577986,0.25200844,-0.05249153,-3.9615138
1766255395.5715714,0.25439504,-0.05289781,-3.9615297
1766255395.579276,0.2555929,-0.05308742,-3.9615455
1766255395.5913875,0.25679824,-0.05326986,-3.9615662
1766255395.5985048,0.25800663,-0.05344359,-3.9615917
1766255395.6115623,0.2620897,-0.052033696,-3.961199
1766255395.6202083,0.2641119,-0.051344205,-3.9610207
1766255395.6322489,0.2661223,-0.050664365,-3.9608517
1766255395.6390738,0.26812175,-0.049993657,-3.9606915
1766255395.6531703,0.27011096,-0.049331535,-3.96054
1766255395.6593912,0.27209318,-0.04868606,-3.9603965
1766255395.6732185,0.276028,-0.047417887,-3.9601371
1766255395.6799517,0.2779809,-0.04679446,-3.9600205
1766255395.6928413,0.28185937,-0.045567647,-3.9598088
1766255395.7017567,0.28378615,-0.044963762,-3.9597135
1766255395.7129705,0.28570545,-0.044365957,-3.9596245
1766255395.7199652,0.28761786,-0.043774057,-3.9595454
1766255395.7337291,0.29137194,-0.042225193,-3.9594646
1766255395.7414725,0.29324353,-0.041465294,-3.959431
1766255395.7536154,0.29511148,-0.040714152,-3.9594014
1766255395.7603064,0.29697543,-0.039971665,-3.9593759
1766255395.7738564,0.29883453,-0.03923776,-3.9593577
1766255395.780509,0.30068812,-0.038512312,-3.9593441
1766255395.793015,0.3043775,-0.037086483,-3.9593303
1766255395.8008428,0.30621347,-0.03638599,-3.9593296
1766255395.8139675,0.30985188,-0.035012897,-3.95934
1766255395.8219872,0.31166407,-0.034338713,-3.959354
1766255395.8344138,0.3134721,-0.033672605,-3.9593713
1766255395.8409421,0.3152762,-0.03301457,-3.959392
1766255395.8540344,0.31707656,-0.0323646,-3.959416
1766255395.8617647,0.31849813,-0.031911943,-3.959385
1766255395.8738174,0.32135493,-0.03101736,-3.9593406
1766255395.8808718,0.32278883,-0.030575754,-3.9593267
1766255395.8945482,0.3256603,-0.029704785,-3.959313
1766255395.9020543,0.32710087,-0.029275978,-3.9593124
1766255395.9146264,0.32854483,-0.028851828,-3.959316
1766255395.9212592,0.32999226,-0.028432466,-3.959327
1766255395.934361,0.33144328,-0.028018001,-3.9593418
1766255395.9414346,0.332898,-0.027608521,-3.9593601
1766255395.95448,0.33581865,-0.026804663,-3.9594064
1766255395.961644,0.3372975,-0.02640427,-3.959434
1766255395.97551,0.3402629,-0.025618376,-3.9595058
1766255395.9826496,0.34126243,-0.02491534,-3.9594834
1766255395.9954226,0.3422744,-0.024224471,-3.9594655
1766255396.0018322,0.34329858,-0.023545362,-3.9594517
1766255396.0150723,0.3453832,-0.022221347,-3.9594355
1766255396.023573,0.3464435,-0.021575954,-3.9594364
1766255396.0352087,0.3475122,-0.020944271,-3.959441
1766255396.0422451,0.3485929,-0.020322924,-3.9594488
1766255396.05644,0.3507893,-0.0191108,-3.9594746
1766255396.0633578,0.35190326,-0.018519755,-3.959493
1766255396.0756602,0.35302657,-0.017938402,-3.9595191
1766255396.082609,0.3541587,-0.017366476,-3.959549
1766255396.0955875,0.35644913,-0.016249862,-3.959619
1766255396.104396,0.35733017,-0.015735218,-3.9601645
1766255396.1155808,0.3582272,-0.015227695,-3.9606998
1766255396.1232796,0.35914028,-0.014727184,-3.961226
1766255396.1358268,0.3610146,-0.0137468055,-3.96225
1766255396.144167,0.36197567,-0.01326696,-3.9627483
1766255396.1570926,0.3629526,-0.0127940355,-3.9632375
1766255396.163153,0.3639447,-0.012327973,-3.963718
1766255396.1757405,0.36495104,-0.011868706,-3.9641912
1766255396.1837378,0.36596182,-0.011416077,-3.9646564
1766255396.1966486,0.3680221,-0.010531719,-3.965563
1766255396.203283,0.3690715,-0.01010008,-3.9660048
1766255396.2163672,0.37120944,-0.00925763,-3.9668653
1766255396.2244413,0.37229866,-0.00884668,-3.9672844
1766255396.2370586,0.37323043,-0.008650726,-3.9682007
1766255396.2436006,0.37418467,-0.0084521985,-3.969097
1766255396.2570083,0.3761404,-0.0080643045,-3.9708312
1766255396.265358,0.37714016,-0.007875018,-3.9716704
1766255396.276828,0.37815338,-0.00768892,-3.9724898
1766255396.284127,0.37917954,-0.0075061647,-3.9732914
1766255396.2968185,0.3812698,-0.0071509443,-3.9748425
1766255396.3046415,0.38233393,-0.006978534,-3.9755924
1766255396.3180158,0.3834133,-0.006804957,-3.976325
1766255396.3240108,0.3845059,-0.0066349176,-3.977039
1766255396.3370059,0.38561198,-0.0064683477,-3.9777365
1766255396.3446388,0.38673177,-0.006305137,-3.9784172
1766255396.3577,0.38950044,-0.0064853644,-3.9789932
1766255396.3648875,0.39113742,-0.0068175485,-3.9789076
1766255396.3783345,0.3944153,-0.0074596093,-3.9787474
1766255396.386229,0.39605576,-0.007769959,-3.9786701
1766255396.3980708,0.39770138,-0.008073222,-3.978594
1766255396.4053116,0.39934853,-0.008369895,-3.9785187
1766255396.4189346,0.40264943,-0.008944241,-3.9783695
1766255396.426117,0.40430453,-0.009222327,-3.978297
1766255396.4391735,0.40596357,-0.009494601,-3.9782243
1766255396.4457772,0.40762696,-0.009761159,-3.978151
1766255396.4590833,0.40929502,-0.010022167,-3.9780774
1766255396.4657657,0.4109678,-0.010274977,-3.978003
1766255396.4790766,0.41432324,-0.010765384,-3.9778552
1766255396.485932,0.41611078,-0.011042974,-3.977517
1766255396.4989176,0.41789916,-0.01131706,-3.9771845
1766255396.5061665,0.4196888,-0.011587604,-3.9768577
1766255396.518961,0.4232742,-0.012117802,-3.9762197
1766255396.526817,0.42507115,-0.012377492,-3.9759126
1766255396.5399802,0.428691,-0.012898811,-3.975313
1766255396.5473804,0.43050683,-0.013154155,-3.9750202
1766255396.559249,0.4323268,-0.0134060895,-3.974732
1766255396.56673,0.43415043,-0.013654691,-3.9744484
1766255396.5798979,0.43780518,-0.0141420495,-3.973905
1766255396.5880582,0.43963504,-0.014380713,-3.9736414
1766255396.5994225,0.4414664,-0.014615912,-3.9733834
1766255396.607463,0.4432949,-0.014845499,-3.973131
1766255396.620337,0.4475572,-0.01569811,-3.9730263
1766255396.627719,0.4496837,-0.016111702,-3.9729772
1766255396.6402369,0.45180798,-0.016517147,-3.9729285
1766255396.6471794,0.4539304,-0.016914504,-3.9728808
1766255396.6606584,0.4581679,-0.017685162,-3.972789
1766255396.6691961,0.46026313,-0.018055925,-3.9727461
1766255396.6803184,0.46235463,-0.01841894,-3.9727077
1766255396.687577,0.4644427,-0.018774407,-3.9726717
1766255396.701444,0.4686112,-0.019463465,-3.9726064
1766255396.7087584,0.4706933,-0.019797262,-3.9725769
1766255396.7207618,0.47277486,-0.020123944,-3.9725497
1766255396.7279632,0.47485653,-0.020443602,-3.972527
1766255396.7413397,0.47963142,-0.021449506,-3.9725103
1766255396.749635,0.48201108,-0.021936828,-3.9725041
1766255396.761226,0.48438415,-0.022413887,-3.9724998
1766255396.7683272,0.48674995,-0.022881048,-3.9724975
1766255396.7820675,0.491458,-0.0237871,-3.9725044
1766255396.7897751,0.49380034,-0.024226483,-3.9725113
1766255396.8020236,0.49613553,-0.024656963,-3.9725204
1766255396.8087134,0.49846426,-0.025078688,-3.9725318
1766255396.8219812,0.5031482,-0.025898002,-3.9725595
1766255396.8300934,0.505483,-0.026295133,-3.9725785
1766255396.8418193,0.50781363,-0.026684,-3.9725995
1766255396.8494773,0.51014066,-0.027064592,-3.972622
1766255396.8628805,0.5124638,-0.027436925,-3.972646
1766255396.8695061,0.5153438,-0.027786821,-3.9733512
1766255396.8826084,0.52104896,-0.028462524,-3.9747148
1766255396.8895211,0.5238748,-0.028788313,-3.9753742
1766255396.9024932,0.5294775,-0.029415987,-3.976652
1766255396.9105234,0.53225625,-0.029717973,-3.9772704
1766255396.9228573,0.53502125,-0.030011978,-3.9778755
1766255396.9300005,0.5377733,-0.030298037,-3.9784656
1766255396.9434013,0.54324186,-0.030847045,-3.979607
1766255396.9508133,0.5459587,-0.031108642,-3.9801586
1766255396.9640152,0.5486648,-0.031362843,-3.9806976
1766255396.97087,0.55135965,-0.031609707,-3.9812245
1766255396.9834795,0.55671406,-0.03208192,-3.9822388
1766255396.9915361,0.55939955,-0.032315448,-3.9825928
1766255397.003367,0.56207454,-0.032543566,-3.9829385
1766255397.010768,0.5647394,-0.03276638,-3.9832761
1766255397.0245533,0.57003903,-0.033198655,-3.9839258
1766255397.0319607,0.5726749,-0.033408597,-3.9842367
1766255397.0441577,0.5753025,-0.03361402,-3.984539
1766255397.051389,0.5779222,-0.033815045,-3.984833
1766255397.0644438,0.5831372,-0.034204356,-3.985395
1766255397.0723445,0.5857313,-0.034392737,-3.9856637
1766255397.0846915,0.5883162,-0.03457685,-3.9859238
1766255397.091808,0.5908921,-0.03475659,-3.9861758
1766255397.1056929,0.59603333,-0.035097416,-3.9866552
1766255397.1130664,0.5984746,-0.035402305,-3.9875262
1766255397.1248887,0.60091186,-0.03570059,-3.9883718
1766255397.1317925,0.60334533,-0.035992302,-3.989188
1766255397.1451776,0.6082028,-0.036556277,-3.990748
1766255397.152922,0.610627,-0.036828913,-3.9914927
1766255397.1650708,0.6130411,-0.03709799,-3.9922147
1766255397.1720457,0.615451,-0.0373616,-3.9929147
1766255397.1861699,0.62025595,-0.0378735,-3.9942427
1766255397.1932845,0.6226509,-0.038122147,-3.9948757
1766255397.20524,0.62504125,-0.03836597,-3.9954884
1766255397.212365,0.62742734,-0.038605005,-3.996081
1766255397.2253919,0.63218915,-0.03906857,-3.9972076
1766255397.2342324,0.6345567,-0.03929345,-3.9977372
1766255397.246434,0.63683677,-0.039819114,-3.997601
1766255397.2526574,0.6391167,-0.04033166,-3.997463
1766255397.266768,0.6436738,-0.041318253,-3.9971812
1766255397.2739484,0.6459492,-0.041792635,-3.997038
1766255397.286592,0.64822185,-0.042254753,-3.9968922
1766255397.2930408,0.6504918,-0.042704877,-3.9967446
1766255397.3059711,0.65275925,-0.043143317,-3.9965951
1766255397.3133955,0.6550288,-0.043568738,-3.9964437
1766255397.3261101,0.6595647,-0.044386,-3.9961336
1766255397.3336751,0.6618321,-0.044778325,-3.9959745
1766255397.347308,0.6663683,-0.04553122,-3.9956496
1766255397.3550441,0.6686373,-0.045891903,-3.9954834
1766255397.3667629,0.6708824,-0.04587081,-3.9952307
1766255397.3741803,0.6731189,-0.045848742,-3.9949777
1766255397.3871045,0.6775891,-0.045800187,-3.9944715
1766255397.3959486,0.67982256,-0.04577327,-3.9942193
1766255397.407724,0.6820556,-0.04574428,-3.9939678
1766255397.4143715,0.6842889,-0.04571309,-3.9937172
1766255397.4279273,0.68875927,-0.045643765,-3.9932182
1766255397.437154,0.69099754,-0.045605432,-3.99297
1766255397.4483073,0.6932385,-0.045564406,-3.9927227
1766255397.4549112,0.6954838,-0.04551523,-3.9924762
1766255397.467877,0.6999805,-0.045407373,-3.991988
1766255397.4765933,0.7022298,-0.04534852,-3.991747
1766255397.4880435,0.7044789,-0.04528667,-3.991509
1766255397.4952662,0.707282,-0.044579193,-3.9913323
1766255397.509345,0.71007377,-0.043883357,-3.9911566
1766255397.515503,0.71285516,-0.043198913,-3.990982
1766255397.5290003,0.71837807,-0.04185883,-3.9906363
1766255397.535425,0.7211283,-0.04120467,-3.9904644
1766255397.5487185,0.7266101,-0.039925903,-3.9901242
1766255397.5567167,0.72934234,-0.039300483,-3.9899564
1766255397.5683084,0.732068,-0.038683813,-3.9897907
1766255397.5764163,0.73478657,-0.038075656,-3.9896271
1766255397.5894687,0.7374979,-0.037475906,-3.989465
1766255397.5959344,0.74020827,-0.036886,-3.9893055
1766255397.6091633,0.74561054,-0.03573034,-3.988994
1766255397.6162772,0.74830407,-0.035164475,-3.9888418
1766255397.6290402,0.7538823,-0.033298083,-3.9888046
1766255397.6378577,0.75666595,-0.032388795,-3.9887822
1766255397.6498938,0.7594464,-0.031495005,-3.9887583
1766255397.6571262,0.76223296,-0.030624947,-3.988733
1766255397.67038,0.765016,-0.029769836,-3.9887066
1766255397.6769133,0.7677945,-0.028929338,-3.98868
1766255397.6905823,0.7733352,-0.027290776,-3.9886243
1766255397.6973226,0.7760971,-0.026492156,-3.9885957
1766255397.7097528,0.7816056,-0.024935273,-3.9885383
1766255397.719118,0.7843534,-0.024176348,-3.9885092
1766255397.7304754,0.78709763,-0.023429915,-3.98848
1766255397.7373078,0.7898407,-0.022704491,-3.9884493
1766255397.7510154,0.7953493,-0.021189768,-3.9885116
1766255397.7585714,0.7980976,-0.020452855,-3.988541
1766255397.7698407,0.80084085,-0.019729601,-3.9885695
1766255397.777883,0.8035785,-0.019019937,-3.9885976
1766255397.7905304,0.8090356,-0.017640902,-3.9886503
1766255397.7997377,0.81175536,-0.016971292,-3.988676
1766255397.8111956,0.8144572,-0.01631675,-3.9887016
1766255397.8181398,0.8171544,-0.0156752,-3.9887266
1766255397.8309445,0.8225376,-0.014430701,-3.988774
1766255397.8388567,0.8252246,-0.013827392,-3.9887943
1766255397.8516533,0.8279091,-0.013236403,-3.9888134
1766255397.8581815,0.8305915,-0.012657463,-3.9888313
1766255397.8714228,0.83327127,-0.012090175,-3.9888482
1766255397.87906,0.83572364,-0.011668731,-3.9882789
1766255397.892108,0.84062374,-0.010859689,-3.9871848
1766255397.8987193,0.8430733,-0.010467864,-3.986659
1766255397.912385,0.8479718,-0.009709565,-3.985646
1766255397.9197254,0.8504216,-0.009343158,-3.985158
1766255397.9321823,0.85287243,-0.008985261,-3.9846818
1766255397.9388943,0.8553248,-0.00863579,-3.9842186
1766255397.9525352,0.8577791,-0.008294552,-3.9837663
1766255397.9596555,0.8602192,-0.0079615675,-3.9833252
1766255397.973074,0.86510044,-0.0073191156,-3.9824758
1766255397.9801588,0.8675405,-0.007009543,-3.9820678
1766255397.9934309,0.87241966,-0.006413291,-3.981287
1766255398.0013113,0.8747687,-0.0060064676,-3.9807718
1766255398.0133455,0.8771193,-0.0056097247,-3.9802706
1766255398.0202794,0.8794723,-0.005222864,-3.9797833
1766255398.0334964,0.8842026,-0.0044752434,-3.9788473
1766255398.0428295,0.88657284,-0.004115662,-3.9784012
1766255398.053374,0.8889469,-0.0037653877,-3.9779675
1766255398.0608459,0.89132434,-0.0034242754,-3.977546
1766255398.0740743,0.89608514,-0.0027687186,-3.9767416
1766255398.0823827,0.89846724,-0.0024538636,-3.9763587
1766255398.09407,0.900837,-0.0021598272,-3.9759908
1766255398.1009903,0.90320843,-0.001873656,-3.9756353
1766255398.1142597,0.90795946,-0.0013242157,-3.97496
1766255398.122392,0.9107353,-0.00069573615,-3.974868
1766255398.1340048,0.9135079,-8.403999e-05,-3.9747822
1766255398.1418142,0.9162779,0.000511272,-3.9747038
1766255398.155261,0.9218112,0.001654601,-3.9745643
1766255398.1629362,0.9245734,0.0022033236,-3.9745038
1766255398.1753502,0.9273309,0.0027382374,-3.9744496
1766255398.1824143,0.9300845,0.0032587128,-3.974402
1766255398.1948407,0.9355818,0.004258114,-3.9743283
1766255398.203619,0.93832684,0.004737851,-3.9743006
1766255398.2154315,0.94107056,0.005204764,-3.9742785
1766255398.2225928,0.94381386,0.0056590633,-3.9742618
1766255398.2363331,0.94930166,0.006530383,-3.9742436
1766255398.2435024,0.952047,0.0069478396,-3.974243
1766255398.2557762,0.95524246,0.006933083,-3.97451
1766255398.2633111,0.9584272,0.0069139153,-3.9747756
1766255398.2761965,0.96476203,0.006862252,-3.975302
1766255398.2840533,0.9679115,0.0068295705,-3.9755635
1766255398.2959893,0.9710493,0.0067922827,-3.9758234
1766255398.3032887,0.97417617,0.006750375,-3.976082
1766255398.3167732,0.97729254,0.006703885,-3.976339
1766255398.323001,0.98038626,0.0066471193,-3.9765942
1766255398.3361835,0.9865488,0.0065198974,-3.9770987
1766255398.3431342,0.989619,0.006449676,-3.9773474
1766255398.3565145,0.99268264,0.0063752257,-3.9775937
1766255398.363452,0.99573946,0.006296604,-3.9778376
1766255398.3760967,1.0013893,0.0059983525,-3.9786744
1766255398.3836489,1.0039915,0.0057817046,-3.9792595
1766255398.3972542,1.0091726,0.0053448686,-3.980395
1766255398.4047816,1.011766,0.005124801,-3.9809484
1766255398.4164577,1.0143614,0.0049037905,-3.9814918
1766255398.4239786,1.0169593,0.0046819784,-3.9820251
1766255398.4366353,1.0195602,0.004459516,-3.9825487
1766255398.4439292,1.0221642,0.004236567,-3.983062
1766255398.4601896,1.0273827,0.0037900324,-3.9840527
1766255398.4642797,1.0299993,0.0035690814,-3.9845328
1766255398.477275,1.0352381,0.0031273481,-3.9854639
1766255398.4849505,1.0378592,0.0029065907,-3.9859152
1766255398.4974704,1.0404809,0.0026860745,-3.986354
1766255398.5039923,1.0433756,0.0030305404,-3.9866047
1766255398.5173948,1.0462642,0.0033636282,-3.9868495
1766255398.5243688,1.0491472,0.0036857757,-3.9870887
1766255398.537363,1.0548855,0.0042766924,-3.987549
1766255398.544354,1.0577493,0.0045578936,-3.9877687
1766255398.5585222,1.0634688,0.0050942614,-3.9881885
1766255398.5661647,1.0663239,0.005350273,-3.9883888
1766255398.57784,1.069175,0.0055986936,-3.9885828
1766255398.585185,1.072022,0.005839948,-3.9887707
1766255398.5975266,1.0748652,0.0060743876,-3.9889512
1766255398.6049213,1.0777062,0.006302327,-3.9891257
1766255398.6179743,1.0833807,0.0067389808,-3.9894557
1766255398.625093,1.0862156,0.0069477893,-3.9896111
1766255398.6393442,1.092851,0.0081076035,-3.990218
1766255398.6461136,1.096153,0.008666198,-3.990503
1766255398.6584468,1.0994456,0.009210947,-3.9907777
1766255398.6655986,1.1027284,0.0097423,-3.9910421
1766255398.6789103,1.1060259,0.010258346,-3.991297
1766255398.686078,1.1093127,0.010762228,-3.9915428
1766255398.698876,1.1158537,0.011734744,-3.9920053
1766255398.7064455,1.119109,0.0122037735,-3.9922223
1766255398.7203248,1.1255938,0.013108194,-3.9926305
1766255398.7279198,1.128825,0.013544055,-3.992822
1766255398.7394552,1.1320497,0.01396934,-3.993005
1766255398.7468107,1.1352658,0.014383345,-3.9931774
1766255398.759857,1.1415815,0.014934398,-3.992836
1766255398.7687066,1.1447303,0.015199015,-3.9926653
1766255398.780205,1.1478721,0.015456409,-3.992495
1766255398.7871053,1.1510065,0.015706481,-3.9923255
1766255398.8010075,1.1572537,0.016184222,-3.9919872
1766255398.8085082,1.1603554,0.016418051,-3.9918187
1766255398.8204582,1.163452,0.01664456,-3.9916503
1766255398.8271384,1.1665443,0.016863905,-3.991482
1766255398.8402221,1.1727183,0.017281545,-3.9911456
1766255398.8495045,1.1758008,0.017480046,-3.9909773
1766255398.8608744,1.17888,0.017671859,-3.9908092
1766255398.8681805,1.1819545,0.017857041,-3.990642
1766255398.8814313,1.188356,0.01807717,-3.9903173
1766255398.8894413,1.1916764,0.0181182,-3.9901602
1766255398.9017918,1.1949853,0.018158576,-3.9900043
1766255398.9084764,1.1982838,0.018198196,-3.9898498
1766255398.9217007,1.2048539,0.018274784,-3.989545
1766255398.9328027,1.2081276,0.018311668,-3.989395
1766255398.9478073,1.2113947,0.018347632,-3.989246
1766255398.9568288,1.2146558,0.018382741,-3.9890983
1766255398.9758022,1.2179086,0.018413307,-3.9889524
1766255398.97972,1.2211545,0.018443158,-3.9888084
1766255398.993534,1.2276225,0.01850036,-3.9885287
1766255399.0010257,1.2308445,0.01852739,-3.9883928
1766255399.0137115,1.2372675,0.018577825,-3.988129
1766255399.0212016,1.2398862,0.018875528,-3.988026
1766255399.0336285,1.2425153,0.019166041,-3.987925
1766255399.0406742,1.2451575,0.019452032,-3.987826
1766255399.0542264,1.2504735,0.020003745,-3.9876344
1766255399.061653,1.2531453,0.02026967,-3.987542
1766255399.0733097,1.2558246,0.020529166,-3.9874523
1766255399.080365,1.2585105,0.020782523,-3.9873655
1766255399.093085,1.2639022,0.021271314,-3.9872005
1766255399.1020844,1.2666085,0.021506917,-3.987122
1766255399.1136134,1.2693594,0.021732345,-3.9870458
1766255399.1204007,1.2721181,0.021951916,-3.986972
1766255399.1345303,1.2776599,0.022373335,-3.9868314
1766255399.1415823,1.2802756,0.022547683,-3.9865885
1766255399.154259,1.2829043,0.022717064,-3.9863524
1766255399.161123,1.2855453,0.022881538,-3.9861245
1766255399.1740243,1.2908632,0.023193346,-3.9856908
1766255399.1820614,1.2935381,0.023340534,-3.985485
1766255399.193968,1.2962222,0.023482695,-3.985286
1766255399.201323,1.2989156,0.023619864,-3.9850938
1766255399.2141,1.304332,0.023879534,-3.9847295
1766255399.2223518,1.3070558,0.02400207,-3.9845567
1766255399.2344172,1.3097907,0.0241197,-3.9843898
1766255399.2413003,1.3125368,0.024232376,-3.9842288
1766255399.2542012,1.3180739,0.02443645,-3.9839232
1766255399.2631562,1.3208627,0.02452804,-3.9837801
1766255399.2738068,1.323741,0.024993556,-3.9834204
1766255399.2813578,1.3266243,0.025446368,-3.9830718
1766255399.2945516,1.3324064,0.026314944,-3.9824073
1766255399.3023946,1.335306,0.026731275,-3.9820907
1766255399.3150191,1.3382125,0.027136011,-3.981785
1766255399.3213372,1.3411263,0.027529474,-3.981489
1766255399.3341699,1.3469741,0.028283197,-3.9809244
1766255399.342726,1.3499107,0.028644724,-3.9806552
1766255399.3540614,1.352856,0.028996637,-3.9803944
1766255399.3621964,1.3558092,0.029339153,-3.9801435
1766255399.3744378,1.3587689,0.029672377,-3.9799018
1766255399.3817382,1.3617342,0.029996384,-3.9796689
1766255399.3954105,1.3678304,0.030789534,-3.9796436
1766255399.401764,1.3709536,0.031252112,-3.9798405
1766255399.4145365,1.3772043,0.032132007,-3.9802258
1766255399.423783,1.3803334,0.03254998,-3.980415
1766255399.4344285,1.3834658,0.03295365,-3.9806023
1766255399.4420044,1.3866018,0.033343244,-3.9807875
1766255399.45616,1.3897419,0.033718903,-3.9809706
1766255399.462246,1.3928856,0.034080796,-3.9811518
1766255399.4751496,1.3991827,0.034762118,-3.9815078
1766255399.4822285,1.4023349,0.03508209,-3.981684
1766255399.495295,1.408643,0.035684135,-3.9820333
1766255399.5032692,1.4117994,0.035966717,-3.9822063
1766255399.5154364,1.4149581,0.036237292,-3.982377
1766255399.522532,1.418391,0.03672771,-3.9827447
1766255399.535638,1.4218218,0.037201192,-3.9831061
1766255399.5426123,1.4252355,0.03765483,-3.9834611
1766255399.5561764,1.4320612,0.03851361,-3.9841526
1766255399.5625308,1.4354732,0.038919628,-3.9844866
1766255399.5757158,1.4388838,0.039310627,-3.9848146
1766255399.5829773,1.4422925,0.039687034,-3.9851375
1766255399.5957143,1.4491024,0.040398132,-3.9857666
1766255399.6029868,1.4525042,0.0407338,-3.9860725
1766255399.6165612,1.4593,0.04135702,-3.9866629
1766255399.6242783,1.4626967,0.04165021,-3.9869492
1766255399.6362283,1.4660931,0.041931402,-3.9872293
1766255399.6434684,1.4694897,0.04220081,-3.9875033
1766255399.656526,1.4758471,0.04288193,-3.9878144
1766255399.6651917,1.4790325,0.04320276,-3.9879634
1766255399.6771863,1.482221,0.043510728,-3.9881089
1766255399.6838386,1.4854188,0.04380599,-3.9882505
1766255399.6976151,1.4918212,0.044359893,-3.9885228
1766255399.7049744,1.4950265,0.044619102,-3.9886532
1766255399.7176337,1.498235,0.04486692,-3.9887786
1766255399.7241178,1.5014471,0.045103677,-3.9889
1766255399.736982,1.5046632,0.04532968,-3.989017
1766255399.7443354,1.5078835,0.04554513,-3.9891298
1766255399.757626,1.5143435,0.045936264,-3.9893415
1766255399.7643518,1.517578,0.046116397,-3.9894404
1766255399.7776384,1.5209213,0.046605054,-3.9892883
1766255399.7848864,1.5242631,0.047078215,-3.9891388
1766255399.7985723,1.5309427,0.047979333,-3.9888475
1766255399.8049264,1.5342815,0.04840792,-3.9887052
1766255399.817855,1.5409614,0.04922202,-3.9884279
1766255399.8264441,1.5443041,0.049608465,-3.9882917
1766255399.8387122,1.5476494,0.049982037,-3.9881568
1766255399.845095,1.5509975,0.050342962,-3.9880233
1766255399.8580143,1.5577018,0.051027644,-3.98776
1766255399.866228,1.5610563,0.051351637,-3.9876316
1766255399.8785586,1.5644107,0.051663544,-3.9875054
1766255399.8853636,1.5677645,0.051963653,-3.9873817
1766255399.898285,1.5741589,0.05299472,-3.9874935
1766255399.9069278,1.5772208,0.0537189,-3.9877203
1766255399.918693,1.5802919,0.054423977,-3.9879391
1766255399.925612,1.5833726,0.055110548,-3.9881523
1766255399.9386952,1.5895641,0.056429975,-3.9885614
1766255399.9466393,1.5926752,0.057063896,-3.9887574
1766255399.9579608,1.5957899,0.057686813,-3.988948
1766255399.9658558,1.5989139,0.058293603,-3.989132
1766255399.9786885,1.605184,0.059460346,-3.989487
1766255399.9872556,1.6083277,0.060020853,-3.9896588
1766255399.9994733,1.6114771,0.060566302,-3.9898274
1766255400.0064015,1.614632,0.061096847,-3.9899924
1766255400.0197897,1.6209604,0.06211351,-3.990308
1766255400.0271072,1.6233141,0.06256004,-3.990832
1766255400.0392802,1.6256953,0.062992156,-3.9913435
1766255400.0462759,1.628104,0.06341012,-3.9918425
1766255400.0592191,1.6330006,0.06420454,-3.9928038
1766255400.0675547,1.6354854,0.064581454,-3.9932632
1766255400.0797198,1.6379924,0.06494502,-3.9937122
1766255400.0866356,1.6405203,0.06529522,-3.994151
1766255400.1000082,1.6456445,0.06593613,-3.9949973
1766255400.1079023,1.6482401,0.06622729,-3.995405
1766255400.1196318,1.6508555,0.06650571,-3.9957986
1766255400.126734,1.653491,0.06677145,-3.9961824
1766255400.1395912,1.6588228,0.06726504,-3.99692
1766255400.1484993,1.6613158,0.06766872,-3.9975119
1766255400.1601083,1.6638331,0.068055734,-3.9980881
1766255400.1671548,1.6663731,0.068426296,-3.9986444
1766255400.1802413,1.6715217,0.06912798,-3.9997146
1766255400.187969,1.6741265,0.069456026,-4.0002284
1766255400.2000954,1.6767515,0.06976956,-4.000728
1766255400.207244,1.6793966,0.07006899,-4.0012145
1766255400.2201357,1.6847482,0.070627406,-4.0021353
1766255400.229479,1.687455,0.070887275,-4.0025754
1766255400.240137,1.6901844,0.07112614,-4.003001
1766255400.2478862,1.6929346,0.07135275,-4.0034137
1766255400.2612224,1.6984942,0.0717686,-4.0041986
1766255400.2689717,1.7013009,0.0719577,-4.0045667
1766255400.280838,1.7036997,0.072332814,-4.0047364
1766255400.2879164,1.7061237,0.07269214,-4.0048985
1766255400.301178,1.711047,0.073365286,-4.005198
1766255400.3091278,1.7135594,0.073681355,-4.0053353
1766255400.3205779,1.716097,0.07398351,-4.0054603
1766255400.3285563,1.7186596,0.07427221,-4.005577
1766255400.3414824,1.7238601,0.074810274,-4.005785
1766255400.3493648,1.7264972,0.07506014,-4.0058765
1766255400.3614113,1.7291574,0.07529758,-4.00596
1766255400.3681588,1.7318393,0.0755229,-4.006032
1766255400.3818724,1.7372625,0.07591969,-4.0061545
1766255400.3901842,1.7400026,0.0761004,-4.006206
1766255400.4011583,1.7423844,0.07614438,-4.006346
1766255400.4089432,1.7447939,0.07617869,-4.006478
1766255400.4223533,1.7496971,0.07621887,-4.0067043
1766255400.4300685,1.7521908,0.076225,-4.006805
1766255400.442397,1.7547123,0.076221965,-4.0068965
1766255400.4491723,1.7572598,0.07621196,-4.00698
1766255400.4621656,1.7624327,0.076164946,-4.0071235
1766255400.4710598,1.7650548,0.076128125,-4.0071797
1766255400.4825552,1.7676992,0.07608274,-4.0072303
1766255400.4894679,1.7703655,0.07602902,-4.007275
1766255400.5029123,1.7757634,0.07589736,-4.007346
1766255400.5104644,1.7784958,0.0758197,-4.007373
1766255400.522391,1.7812597,0.07572996,-4.007389
1766255400.5297418,1.7833675,0.07569621,-4.00639
1766255400.5430777,1.7877002,0.07560638,-4.0044527
1766255400.5509,1.789924,0.07555087,-4.0035133
1766255400.5630488,1.7921845,0.075488776,-4.002592
1766255400.5708132,1.7944795,0.07542031,-4.001692
1766255400.5838823,1.799166,0.07526515,-3.9999478
1766255400.5912378,1.8015411,0.07518582,-3.9991043
1766255400.6036677,1.8039465,0.07510102,-3.998279
1766255400.611091,1.8063822,0.075010896,-3.997472
1766255400.624002,1.8088485,0.07491551,-3.9966836
1766255400.6309578,1.8113457,0.07481496,-3.9959126
1766255400.6438549,1.8164324,0.07459888,-3.9944212
1766255400.6509778,1.8190216,0.074483655,-3.9937007
1766255400.6647022,1.8246028,0.07413419,-3.9934978
1766255400.671716,1.8274279,0.0739552,-3.993398
1766255400.6843956,1.8302742,0.07377366,-3.9933019
1766255400.6914337,1.8331418,0.073589616,-3.9932094
1766255400.704471,1.8389422,0.073213555,-3.9930365
1766255400.7125967,1.841876,0.07302131,-3.9929564
1766255400.7245014,1.8448329,0.07282609,-3.9928777
1766255400.7319167,1.8478242,0.07262678,-3.992803
1766255400.7452207,1.8538772,0.07221862,-3.9926665
1766255400.7528558,1.8569386,0.072009735,-3.9926045
1766255400.7649097,1.8600225,0.07179763,-3.9925466
1766255400.7717998,1.8631274,0.071582325,-3.9924912
1766255400.7852287,1.869442,0.07051883,-3.9929676
1766255400.7935808,1.8726279,0.069990106,-3.993203
1766255400.8049264,1.8758348,0.069462806,-3.9934366
1766255400.8121972,1.8790607,0.06893741,-3.9936686
1766255400.8264058,1.8855704,0.06789212,-3.9941194
1766255400.8332472,1.8888545,0.06737212,-3.9943419
1766255400.8454263,1.892158,0.066853724,-3.9945624
1766255400.8530529,1.895481,0.06633677,-3.99478
1766255400.8659325,1.8988225,0.06582112,-3.9949958
1766255400.8728976,1.9021813,0.065306656,-3.9952097
1766255400.8856382,1.908934,0.06429003,-3.995626
1766255400.893078,1.9123329,0.06378331,-3.9958315
1766255400.9065914,1.9192166,0.06278097,-3.9958894
1766255400.914357,1.9227009,0.062284376,-3.9957502
1766255400.9262092,1.9261996,0.061788186,-3.9956157
1766255400.9332302,1.9297129,0.061292563,-3.995487
1766255400.9466393,1.9332043,0.06080439,-3.9953637
1766255400.9537876,1.9367108,0.060317274,-3.9952455
1766255400.9670637,1.9437678,0.059346445,-3.995022
1766255400.974542,1.947316,0.058862694,-3.9949145
1766255400.9874954,1.954446,0.05789803,-3.9947135
1766255400.9963644,1.9580265,0.057417143,-3.9946191
1766255401.0122037,1.9616171,0.056937337,-3.9945288
1766255401.019669,1.9652135,0.056456834,-3.994442
1766255401.0317595,1.9724388,0.055500075,-3.9942753
1766255401.0405617,1.9757358,0.054927107,-3.9935994
1766255401.0528283,1.9790521,0.054357532,-3.9929404
1766255401.0592713,1.9823868,0.05379138,-3.9922981
1766255401.0728972,1.9891062,0.052668996,-3.9910634
1766255401.080692,1.9924885,0.05211287,-3.9904718
1766255401.0935287,1.9958785,0.05155973,-3.9898958
1766255401.099862,1.999283,0.051010262,-3.9893353
1766255401.11364,2.006136,0.0499221,-3.9882584
1766255401.1214767,2.0095854,0.049383216,-3.987741
1766255401.1333961,2.0130506,0.048847623,-3.9872386
1766255401.1404095,2.0165312,0.048315175,-3.98675
1766255401.153716,2.0200279,0.04778592,-3.986274
1766255401.1603167,2.023539,0.047259934,-3.985811
1766255401.1738641,2.0303688,0.046139646,-3.9860342
1766255401.1807935,2.033804,0.04558779,-3.9861426
1766255401.19408,2.0407138,0.044500653,-3.986359
1766255401.2021222,2.044189,0.04396543,-3.9864666
1766255401.2145076,2.0476785,0.04343595,-3.986574
1766255401.2213988,2.0511825,0.04291226,-3.9866812
1766255401.2343328,2.0547016,0.04239428,-3.9867866
1766255401.2412434,2.0582488,0.041892987,-3.986892
1766255401.2540088,2.065387,0.040906657,-3.987102
1766255401.2614324,2.0689776,0.040421706,-3.987207
1766255401.2749498,2.0761945,0.03946818,-3.9874191
1766255401.2826967,2.079819,0.038999315,-3.9875247
1766255401.2954082,2.083364,0.038701676,-3.9879324
1766255401.302028,2.086922,0.038407516,-3.9883335
1766255401.315844,2.0940828,0.03783157,-3.9891164
1766255401.3233333,2.097684,0.03754898,-3.9894981
1766255401.3362923,2.101299,0.037270065,-3.9898698
1766255401.3425794,2.1049287,0.03699493,-3.990235
1766255401.3553445,2.108573,0.0367236,-3.9905937
1766255401.3627677,2.1122308,0.03645613,-3.990946
1766255401.3761046,2.1195822,0.035932984,-3.9916332
1766255401.3831146,2.1232738,0.03567734,-3.991965
1766255401.3959734,2.1306827,0.035143286,-3.992611
1766255401.4043076,2.134403,0.034881797,-3.9929256
1766255401.416092,2.1373813,0.034544505,-3.9932797
1766255401.423054,2.1403883,0.034212444,-3.9936268
1766255401.435902,2.1464875,0.033563547,-3.9942932
1766255401.4442005,2.1495786,0.03324638,-3.9946163
1766255401.4558747,2.1526952,0.03293182,-3.9949324
1766255401.4632304,2.1558375,0.032621548,-3.9952416
1766255401.4764209,2.162192,0.032012094,-3.995842
1766255401.4841244,2.1654012,0.031712376,-3.9961293
1766255401.4968052,2.1686306,0.03141575,-3.9964108
1766255401.5041635,2.17188,0.031122055,-3.9966867
1766255401.5164447,2.1784377,0.03054312,-3.99722
1766255401.524409,2.1817403,0.030247062,-3.997477
1766255401.536873,2.1850631,0.029953798,-3.9977233
1766255401.5438044,2.1885467,0.030004067,-3.9977942
1766255401.5575156,2.1920462,0.030049684,-3.9978619
1766255401.5641513,2.1955614,0.030091092,-3.9979267
1766255401.577243,2.2026331,0.030162936,-3.9980485
1766255401.5843248,2.206188,0.030193856,-3.9981024
1766255401.5975146,2.2133262,0.030237567,-3.998202
1766255401.60542,2.21691,0.030250592,-3.9982474
1766255401.6173975,2.2205067,0.030260814,-3.9982898
1766255401.6251855,2.2241166,0.030268371,-3.9983292
1766255401.6382413,2.2277403,0.030273383,-3.9983625
1766255401.6447818,2.2313778,0.030275922,-3.9983923
1766255401.6583302,2.2386951,0.030273462,-3.998442
1766255401.665521,2.2423818,0.030272022,-3.9984617
1766255401.6778135,2.245759,0.030083979,-3.9987712
1766255401.6851988,2.2491558,0.029898958,-3.9990704
1766255401.6982253,2.2560039,0.02953822,-3.9996326
1766255401.7053094,2.259455,0.029362315,-3.9998999
1766255401.7193575,2.2664108,0.029018406,-4.0004077
1766255401.7262263,2.2699165,0.028849764,-4.0006485
1766255401.738796,2.273453,0.028685708,-4.000876
1766255401.7456646,2.2770076,0.028523233,-4.001095
1766255401.7589855,2.2841692,0.028202286,-4.0015078
1766255401.7672768,2.287774,0.028043535,-4.001703
1766255401.7788665,2.2913933,0.027885921,-4.001891
1766255401.786473,2.295026,0.027729593,-4.002069
1766255401.7998397,2.303097,0.027581988,-4.0013185
1766255401.8068414,2.30714,0.027501969,-4.0009537
1766255401.8191063,2.3111887,0.027420897,-4.000596
1766255401.82666,2.3152435,0.027338797,-4.0002446
1766255401.8397367,2.3233743,0.027171634,-3.999558
1766255401.8489993,2.3274508,0.027086504,-3.9992232
1766255401.8600686,2.3315337,0.027000207,-3.998894
1766255401.867079,2.335622,0.026912656,-3.998571
1766255401.8813407,2.3438194,0.026732286,-3.997943
1766255401.8886597,2.3479235,0.026639909,-3.9976373
1766255401.900372,2.3520315,0.026546163,-3.9973376
1766255401.9076169,2.356144,0.026451169,-3.9970436
1766255401.9207177,2.365123,0.026742026,-3.9962804
1766255401.9289591,2.369974,0.027118387,-3.9958153
1766255401.9407392,2.374811,0.027500164,-3.9953606
1766255401.9478393,2.3796387,0.027871976,-3.994915
1766255401.9613094,2.3892648,0.028586885,-3.994053
1766255401.969099,2.3940613,0.028930632,-3.9936366
1766255401.9818797,2.3988466,0.029265817,-3.99323
1766255401.9881454,2.4036212,0.029592764,-3.992834
1766255402.0015233,2.413141,0.030222958,-3.9920712
1766255402.0102537,2.417888,0.030526334,-3.9917037
1766255402.0215971,2.422641,0.03083172,-3.9913456
1766255402.0287004,2.427387,0.031129338,-3.9909968
1766255402.0432415,2.4368598,0.031702347,-3.9903243
1766255402.0504372,2.4412374,0.032288693,-3.9900208
1766255402.0621731,2.4456165,0.032861892,-3.9897254
1766255402.068745,2.4499955,0.033422247,-3.9894378
1766255402.0821922,2.4587448,0.034516245,-3.9888897
1766255402.0910642,2.4631138,0.035050385,-3.9886286
1766255402.1020842,2.4674802,0.03557273,-3.988376
1766255402.109592,2.4718444,0.036083434,-3.9881315
1766255402.1231222,2.4805684,0.037070327,-3.9876668
1766255402.1306696,2.484929,0.037546627,-3.9874463
1766255402.1434486,2.489289,0.038011797,-3.987233
1766255402.149608,2.4936483,0.03846612,-3.987027
1766255402.1629303,2.5023618,0.0393547,-3.986639
1766255402.1724873,2.5068088,0.03987229,-3.9864147
1766255402.1832175,2.5112498,0.04037737,-3.986199
1766255402.190061,2.5156846,0.04087018,-3.9859917
1766255402.2045157,2.5245376,0.041819543,-3.9856026
1766255402.211592,2.528957,0.042276118,-3.98542
1766255402.224088,2.5333724,0.04272069,-3.985245
1766255402.2310464,2.53777,0.04313397,-3.9850767
1766255402.2439518,2.5465574,0.043926008,-3.9847615
1766255402.2529116,2.5509474,0.044305027,-3.984614
1766255402.2638524,2.5553348,0.044672847,-3.9844728
1766255402.2713838,2.5597181,0.045029525,-3.9843385
1766255402.2840762,2.5684695,0.04570991,-3.984092
1766255402.2924018,2.5728374,0.046034038,-3.9839795
1766255402.3051398,2.5771923,0.04625698,-3.9838421
1766255402.3113718,2.5815442,0.046471544,-3.983712
1766255402.3240132,2.5902398,0.046875954,-3.9834719
1766255402.3331976,2.5945845,0.04706604,-3.9833612
1766255402.3451357,2.5989275,0.047248118,-3.983257
1766255402.35163,2.603269,0.047422197,-3.9831586
1766255402.3649828,2.6119459,0.0477463,-3.9829788
1766255402.3730488,2.6162796,0.047896378,-3.982898
1766255402.3855162,2.6206138,0.048032068,-3.9828231
1766255402.3917685,2.6249437,0.04815977,-3.9827542
1766255402.405207,2.6335928,0.048391897,-3.9826329
1766255402.412856,2.6379128,0.048496705,-3.98258
1766255402.4254375,2.6418486,0.04865984,-3.9821475
1766255402.432648,2.6457913,0.04881452,-3.9817297
1766255402.4449453,2.653697,0.04909957,-3.9809415
1766255402.4530632,2.657662,0.049234323,-3.9805675
1766255402.4658046,2.6616328,0.04936154,-3.9802063
1766255402.4723012,2.6656077,0.049481228,-3.9798584
1766255402.4858067,2.6735651,0.04969835,-3.9792018
1766255402.4944859,2.6775465,0.049796104,-3.9788952
1766255402.504895,2.6815295,0.049886838,-3.978601
1766255402.512593,2.6855147,0.0499707,-3.978319
1766255402.5257123,2.6895022,0.05004777,-3.9780483
1766255402.5328674,2.6934848,0.05010853,-3.9777884
1766255402.5459592,2.70146,0.050210863,-3.9773042
1766255402.5531533,2.705299,0.050006177,-3.9771178
1766255402.5661213,2.712994,0.049591694,-3.976775
1766255402.5749109,2.7168477,0.049382035,-3.976619
1766255402.586639,2.720704,0.04917084,-3.9764729
1766255402.5935192,2.7245638,0.04895809,-3.9763398
1766255402.6070268,2.7284267,0.048746083,-3.9762166
1766255402.6135905,2.7322931,0.04853219,-3.9761026
1766255402.626583,2.7400382,0.048098166,-3.9759014
1766255402.6332433,2.7439175,0.04787784,-3.9758134
1766255402.646411,2.7516909,0.0474306,-3.9756672
1766255402.655521,2.7555847,0.047203865,-3.9756057
1766255402.6669834,2.7594817,0.046974603,-3.975552
1766255402.6738055,2.7633817,0.046743445,-3.9755063
1766255402.6876516,2.7724824,0.046714388,-3.9752645
1766255402.6952806,2.777011,0.046690445,-3.9751618
1766255402.7072244,2.781526,0.046660468,-3.9750686
1766255402.7144153,2.7860286,0.046624668,-3.9749844
1766255402.7270586,2.7950003,0.046536263,-3.974842
1766255402.7358057,2.7994676,0.046477105,-3.974783
1766255402.747991,2.8039258,0.046412773,-3.9747343
1766255402.754545,2.8083756,0.04634357,-3.974693
1766255402.767961,2.817248,0.046191797,-3.974632
1766255402.7761953,2.8216696,0.04610983,-3.9746127
1766255402.7877133,2.8260806,0.04602422,-3.9746006
1766255402.794874,2.8304815,0.04593518,-3.9745982
1766255402.8082638,2.8350604,0.045432862,-3.974984
1766255402.8156438,2.8396122,0.044920564,-3.9753656
1766255402.828784,2.8486803,0.043911044,-3.9761193
1766255402.835334,2.8531973,0.04341337,-3.976491
1766255402.8487756,2.8622012,0.042430833,-3.977224
1766255402.8563724,2.8666883,0.04194555,-3.977585
1766255402.8682837,2.8711648,0.041464068,-3.9779427
1766255402.875698,2.87563,0.040986117,-3.9782972
1766255402.8887877,2.8845267,0.040036947,-3.9789963
1766255402.89752,2.8889587,0.039567094,-3.979342
1766255402.9088123,2.8933802,0.0391004,-3.979684
1766255402.916165,2.8977916,0.03863689,-3.9800227
1766255402.929561,2.9021938,0.038176585,-3.9803574
1766255402.936124,2.906291,0.03796862,-3.9803207
1766255402.949368,2.9144917,0.0375422,-3.980264
1766255402.956351,2.9185948,0.037323855,-3.9802432
1766255402.9694283,2.9267898,0.036880225,-3.9802144
1766255402.977901,2.93088,0.036654983,-3.980206
1766255402.9894543,2.9349654,0.036427625,-3.9802015
1766255402.9969094,2.939046,0.036198404,-3.9802034
1766255403.0109963,2.947194,0.035735726,-3.980216
1766255403.0178885,2.951265,0.035510484,-3.9802263
1766255403.0299888,2.9553328,0.03528447,-3.980239
1766255403.0371108,2.9593978,0.03505786,-3.9802532
1766255403.049544,2.9675205,0.03460353,-3.9802935
1766255403.0588598,2.9720128,0.03441846,-3.9800885
1766255403.0705032,2.9764907,0.034231845,-3.9798915
1766255403.0775537,2.9809537,0.03404376,-3.9797025
1766255403.0909948,2.9854014,0.033854388,-3.9795208
1766255403.0977557,2.9898655,0.033675287,-3.9793472
1766255403.1106822,2.9987514,0.03331398,-3.9790301
1766255403.1179185,3.003175,0.033131797,-3.9788816
1766255403.130712,3.0119884,0.0327643,-3.9786031
1766255403.1390464,3.0163796,0.03257907,-3.9784727
1766255403.150702,3.0207615,0.032393068,-3.978352
1766255403.1579986,3.0251343,0.032206554,-3.9782364
1766255403.1721783,3.0338345,0.031829663,-3.978021
1766255403.1790364,3.0387747,0.03163596,-3.9787037
1766255403.191156,3.0436895,0.03144135,-3.979372
1766255403.1989336,3.048579,0.031245705,-3.9800258
1766255403.2118714,3.0582857,0.030851021,-3.981292
1766255403.219553,3.0631056,0.030651838,-3.9819052
1766255403.23146,3.0678928,0.030451205,-3.9825056
1766255403.2387455,3.0726597,0.030249376,-3.983093
1766255403.252402,3.0821376,0.029842587,-3.9842312
1766255403.2594707,3.086849,0.029637912,-3.9847825
1766255403.2717493,3.0915413,0.029432666,-3.9853218
1766255403.2791767,3.096214,0.029226987,-3.98585
1766255403.2919297,3.1055012,0.028814767,-3.9868746
1766255403.300068,3.110112,0.028607182,-3.987371
1766255403.3119922,3.1147645,0.028404102,-3.988142
1766255403.3193626,3.1193988,0.028200895,-3.988895
1766255403.3330088,3.1286166,0.027794234,-3.990348
1766255403.3406336,3.1332011,0.027590806,-3.9910483
1766255403.3530915,3.13777,0.027387204,-3.9917293
1766255403.3605325,3.142323,0.027183393,-3.992393
1766255403.3733826,3.1468601,0.026979372,-3.9930403
1766255403.3801918,3.1513674,0.026746027,-3.9936705
1766255403.3929594,3.1603322,0.026279042,-3.994883
1766255403.4002619,3.1647902,0.026045427,-3.9954638
1766255403.4140916,3.1736598,0.0255781,-3.996578
1766255403.4214978,3.1780725,0.025344523,-3.9971118
1766255403.4334824,3.1822019,0.024812475,-3.9972398
1766255403.4405215,3.186323,0.024288243,-3.9973626
1766255403.4538298,3.1945438,0.023269467,-3.9975924
1766255403.4623137,3.1986406,0.022771075,-3.997699
1766255403.4741447,3.2027276,0.022279691,-3.9978004
1766255403.4812,3.2068043,0.021795105,-3.9978962
1766255403.4954267,3.2149262,0.020845411,-3.9980714
1766255403.5021887,3.2189724,0.020379884,-3.9981515
1766255403.5146897,3.2230363,0.019923573,-3.9982257
1766255403.5212793,3.2270913,0.019473271,-3.9982939
1766255403.534776,3.231138,0.019028947,-3.9983563
1766255403.5415065,3.2351766,0.018590674,-3.9984128
1766255403.554341,3.243231,0.017732302,-3.9985085
1766255403.5622041,3.247864,0.01723953,-3.9982183
1766255403.575454,3.2570586,0.016273558,-3.99765
1766255403.5830379,3.2616131,0.015801392,-3.9973724
1766255403.5956724,3.2661445,0.015335189,-3.997099
1766255403.602354,3.2706537,0.01487481,-3.9968317
1766255403.6151605,3.2796116,0.013971255,-3.9963078
1766255403.6239038,3.2840626,0.013528036,-3.996051
1766255403.6349823,3.2884965,0.013090391,-3.9957976
1766255403.6429174,3.2929137,0.0126582505,-3.9955475
1766255403.6557343,3.297315,0.012231515,-3.9953027
1766255403.6629322,3.3016949,0.011803144,-3.9950607
1766255403.676658,3.3104036,0.010963468,-3.9945881
1766255403.6830919,3.3147311,0.010552141,-3.994358
1766255403.6954758,3.3228781,0.009202817,-3.9954662
1766255403.704355,3.3269346,0.00854562,-3.9959943
1766255403.7160676,3.3309805,0.007899513,-3.996508
1766255403.7228875,3.3350074,0.007271452,-3.9970074
1766255403.7363384,3.343034,0.0060462113,-3.997964
1766255403.7443583,3.3470342,0.005448579,-3.9984217
1766255403.75688,3.3510258,0.004860839,-3.998864
1766255403.763211,3.3550086,0.0042828023,-3.9992936
1766255403.7762141,3.3629422,0.0031548354,-4.0001173
1766255403.7856364,3.366892,0.0026047379,-4.0005126
1766255403.7961092,3.3708549,0.0020343952,-4.0008965
1766255403.8042727,3.3748062,0.0014731581,-4.0012674
1766255403.8177588,3.3811233,0.0012680491,-4.0012274
1766255403.825258,3.3842936,0.0011654233,-4.0012074
1766255403.837738,3.3874714,0.0010629611,-4.001188
1766255403.8444602,3.390657,0.00096079474,-4.001168
1766255403.8573182,3.39705,0.00075722655,-4.001124
1766255403.866814,3.4002545,0.00066905457,-4.001102
1766255403.8772395,3.4034634,0.0005815441,-4.00108
1766255403.8848162,3.4066758,0.00049482053,-4.0010576
1766255403.89809,3.4098918,0.00040894706,-4.0010347
1766255403.9049466,3.4131112,0.00032405916,-4.0010114
1766255403.918487,3.4195611,0.00015762477,-4.0009623
1766255403.9250906,3.4227924,7.62014e-05,-4.0009356
1766255403.9387019,3.429394,-9.7823366e-05,-4.0008416
1766255403.946757,3.4328046,-0.00020057432,-4.0007753
1766255403.9584944,3.4362159,-0.00030096897,-4.000708
1766255403.9656827,3.4396276,-0.00039899242,-4.000641
1766255403.9783497,3.4464495,-0.0005880751,-4.000506
1766255403.9864464,3.4498584,-0.0006796452,-4.0004387
1766255403.99918,3.453266,-0.00076953566,-4.0003715
1766255404.005845,3.456668,-0.00085580844,-4.000304
1766255404.0189857,3.4634714,-0.0010233478,-4.0001693
1766255404.0268006,3.466874,-0.001104619,-4.000101
1766255404.03945,3.4702778,-0.0011842916,-4.000033
1766255404.0463972,3.4736834,-0.0012623701,-3.9999642
1766255404.0591998,3.480499,-0.0014135885,-3.9998255
1766255404.0674336,3.483353,-0.0016262248,-3.9993367
1766255404.079915,3.486221,-0.0018265864,-3.9988585
1766255404.0865161,3.4890993,-0.0020221556,-3.998391
1766255404.0992558,3.4948833,-0.0023996835,-3.9974866
1766255404.1088169,3.4977891,-0.0025819077,-3.9970517
1766255404.120087,3.5007045,-0.0027600075,-3.9966264
1766255404.1267843,3.5036294,-0.0029341576,-3.99621
1766255404.139528,3.5065644,-0.0031044122,-3.9958026
1766255404.147052,3.509509,-0.003270788,-3.9954038
1766255404.1603749,3.5154274,-0.0035805388,-3.9946349
1766255404.1670914,3.518398,-0.0037299288,-3.9942648
1766255404.179788,3.5213752,-0.003875715,-3.9939039
1766255404.187641,3.524358,-0.004018012,-3.993552
1766255404.2007582,3.5302744,-0.0039143614,-3.9921541
1766255404.207415,3.5332441,-0.0038625349,-3.9914875
1766255404.2206829,3.539198,-0.0038008243,-3.9902053
1766255404.2286334,3.542189,-0.0037698478,-3.9895895
1766255404.2407877,3.5451894,-0.003738927,-3.98899
1766255404.2477958,3.5481997,-0.003708159,-3.9884067
1766255404.261234,3.5512192,-0.0036775123,-3.9878442
1766255404.2684038,3.554247,-0.003646849,-3.9872978
1766255404.2817025,3.560324,-0.0035850143,-3.9862525
1766255404.2880561,3.5633714,-0.003554227,-3.9857535
1766255404.3015523,3.5694869,-0.003492358,-3.9848008
1766255404.3093898,3.572556,-0.0034614804,-3.984352
1766255404.3220494,3.5753765,-0.003737574,-3.98384
1766255404.3286529,3.5782123,-0.004006125,-3.983344
1766255404.3418407,3.5839295,-0.0045215627,-3.9823997
1766255404.3501787,3.5868108,-0.0047690207,-3.9819505
1766255404.3617814,3.5897133,-0.0050035035,-3.9815218
1766255404.3689396,3.5926287,-0.0052320077,-3.9811084
1766255404.3825555,3.5984933,-0.005671587,-3.980327
1766255404.3900099,3.6014414,-0.00588271,-3.979958
1766255404.4019852,3.6044002,-0.006088195,-3.979604
1766255404.4092286,3.6073692,-0.0062883347,-3.9792688
1766255404.422455,3.6133401,-0.0066732783,-3.978639
1766255404.4306226,3.6163445,-0.0068603153,-3.978344
1766255404.442485,3.6192691,-0.00746494,-3.9782445
1766255404.4498444,3.622207,-0.008055759,-3.9781535
1766255404.4636421,3.6281178,-0.009198682,-3.978004
1766255404.470886,3.6310887,-0.009752149,-3.977942
1766255404.483356,3.6340692,-0.010294332,-3.9778886
1766255404.4898157,3.6370595,-0.0108255735,-3.9778435
1766255404.5029182,3.6430278,-0.011871291,-3.9777768
1766255404.510841,3.6460268,-0.012378451,-3.9777584
1766255404.523167,3.649036,-0.012875238,-3.9777472
1766255404.530245,3.6520553,-0.01336183,-3.9777427
1766255404.5443697,3.6581252,-0.014305715,-3.9777527
1766255404.551193,3.6611753,-0.01476375,-3.9777668
1766255404.5636775,3.6642349,-0.015212938,-3.97779
1766255404.5711818,3.668447,-0.015480387,-3.978012
1766255404.5840144,3.6768162,-0.015999163,-3.978459
1766255404.5913649,3.680974,-0.016250685,-3.9786837
1766255404.6040156,3.6851146,-0.016497,-3.9789095
1766255404.6111112,3.6892393,-0.016737964,-3.9791381
1766255404.6241498,3.6974435,-0.01720289,-3.9795961
1766255404.6316373,3.7014992,-0.017403733,-3.979826
1766255404.6447158,3.7055426,-0.017598666,-3.980055
1766255404.6513684,3.7095742,-0.017787721,-3.9802835
1766255404.664682,3.7135944,-0.01797096,-3.9805148
1766255404.6713784,3.7176027,-0.01814848,-3.980745
1766255404.6845949,3.7255826,-0.018487353,-3.981204
1766255404.6917174,3.7295544,-0.01864914,-3.9814322
1766255404.7051234,3.7335954,-0.018963242,-3.981983
1766255404.7116866,3.7376204,-0.019277634,-3.982524
1766255404.7250912,3.7456305,-0.019885415,-3.9835773
1766255404.7322938,3.7496164,-0.020179193,-3.9840894
1766255404.7450247,3.75359,-0.020466486,-3.984592
1766255404.7518852,3.7575517,-0.020747397,-3.9850848
1766255404.7651947,3.7654395,-0.021290442,-3.9860413
1766255404.772421,3.7693646,-0.02155283,-3.9865055
1766255404.785951,3.7732859,-0.02180367,-3.9869606
1766255404.7924647,3.7771933,-0.02204875,-3.9874067
1766255404.8055038,3.7849677,-0.022522386,-3.988271
1766255404.8128111,3.7888348,-0.02275128,-3.9886901
1766255404.826083,3.7973425,-0.023066519,-3.9898605
1766255404.8339717,3.8015635,-0.023220487,-3.9904246
1766255404.8456943,3.8057635,-0.023372125,-3.990975
1766255404.853095,3.8099449,-0.023512572,-3.9915116
1766255404.8669624,3.8182464,-0.023785962,-3.9925432
1766255404.8741403,3.8223662,-0.023918454,-3.9930391
1766255404.8860683,3.8264656,-0.024047911,-3.9935222
1766255404.8939779,3.8305445,-0.02417431,-3.993992
1766255404.906197,3.8386436,-0.02441806,-3.9948936
1766255404.914362,3.8426545,-0.024552563,-3.9953241
1766255404.9262948,3.8466475,-0.024684165,-3.9957418
1766255404.9336643,3.8506234,-0.024812968,-3.996147
1766255404.9470732,3.854582,-0.024939092,-3.9965394
1766255404.9536376,3.8587053,-0.025398787,-3.996577
1766255404.9666374,3.8668926,-0.026293634,-3.996639
1766255404.9741812,3.8709567,-0.026729226,-3.9966636
1766255404.9871757,3.8750005,-0.02715727,-3.9966831
1766255404.9943073,3.8790462,-0.027581034,-3.996698
1766255405.0069878,3.8870778,-0.028408602,-3.9967136
1766255405.0143485,3.891065,-0.028813103,-3.9967153
1766255405.02941,3.8989854,-0.029604377,-3.9967036
1766255405.0354738,3.90292,-0.029991312,-3.9966905
1766255405.046629,3.9068382,-0.03037244,-3.9966724
1766255405.0546937,3.9107401,-0.030747702,-3.9966495
1766255405.0679414,3.918515,-0.031482622,-3.9965932
1766255405.0766773,3.922544,-0.03180519,-3.996739
1766255405.0874946,3.9265501,-0.032123737,-3.9968767
1766255405.0948882,3.930534,-0.032438215,-3.997007
1766255405.10879,3.9344957,-0.032748587,-3.9971292
1766255405.1150577,3.9384365,-0.033054773,-3.9972444
1766255405.1278553,3.9462578,-0.033654753,-3.9974525
1766255405.1350524,3.950147,-0.033951525,-3.9975462
1766255405.148336,3.9578698,-0.034532417,-3.997713
1766255405.157425,3.9617043,-0.034816254,-3.997787
1766255405.1680253,3.96552,-0.03509561,-3.9978557
1766255405.1759844,3.969317,-0.035370477,-3.9979188
1766255405.1898568,3.9768536,-0.03590689,-3.9980304
1766255405.196542,3.9806821,-0.035539724,-3.9982252
1766255405.2092085,3.9844913,-0.035179943,-3.998412
1766255405.2159867,3.9882824,-0.034827136,-3.9985893
1766255405.2289622,3.995813,-0.03414082,-3.9989207
1766255405.2379336,3.9995537,-0.03380638,-3.9990752
1766255405.2492135,4.0032783,-0.033477202,-3.9992223
1766255405.2565486,4.0069876,-0.033153053,-3.9993622
1766255405.2695105,4.010681,-0.032833785,-3.999494
1766255405.2766085,4.014368,-0.032512072,-3.9996197
1766255405.2900038,4.02169,-0.03188175,-3.9998536
1766255405.2965643,4.0253253,-0.031572837,-3.999962
1766255405.3097658,4.0325465,-0.030966666,-4.0001626
1766255405.3188143,4.036134,-0.030669028,-4.0002537
1766255405.3298872,4.0399218,-0.030321466,-3.9997113
1766255405.3375745,4.0436716,-0.029966753,-3.99918
1766255405.350795,4.0511193,-0.029269459,-3.9981492
1766255405.3584304,4.054818,-0.028926913,-3.9976492
1766255405.3709164,4.0584993,-0.028588673,-3.9971616
1766255405.3776941,4.062163,-0.028254788,-3.996684
1766255405.3905463,4.0658083,-0.02792522,-3.9962163
1766255405.397907,4.069436,-0.027599959,-3.9957578
1766255405.4105477,4.0766306,-0.026961835,-3.9948685
1766255405.418041,4.080199,-0.026649034,-3.99444
1766255405.4314797,4.083752,-0.02634053,-3.9940202
1766255405.4382124,4.087291,-0.02603624,-3.993609
1766255405.452094,4.0948725,-0.025501149,-3.9927537
1766255405.4584522,4.098902,-0.025269665,-3.992312
1766255405.471529,4.106881,-0.024817394,-3.9914672
1766255405.4806685,4.1108284,-0.0246175,-3.9910603
1766255405.4914043,4.11475,-0.024420682,-3.9906638
1766255405.4986613,4.118646,-0.024226872,-3.990278
1766255405.5125294,4.126368,-0.023848336,-3.9895372
1766255405.519799,4.1301956,-0.023663709,-3.9891853
1766255405.5328546,4.1340017,-0.023482276,-3.9888432
1766255405.538831,4.137787,-0.02330391,-3.9885106
1766255405.551966,4.1452994,-0.022942362,-3.9878738
1766255405.560643,4.149026,-0.02275942,-3.9875698
1766255405.573015,4.152731,-0.022579687,-3.9872787
1766255405.5799174,4.155779,-0.022047687,-3.986645
1766255405.5922203,4.1618576,-0.021018073,-3.98543
1766255405.6006703,4.164889,-0.02051986,-3.9848478
1766255405.6127565,4.167915,-0.020032337,-3.9842818
1766255405.6197588,4.170917,-0.01956025,-3.983737
1766255405.63247,4.176907,-0.018645147,-3.9826934
1766255405.641101,4.1798944,-0.018201234,-3.982194
1766255405.653338,4.182876,-0.01776594,-3.981709
1766255405.6602829,4.185852,-0.017339176,-3.9812386
1766255405.6730194,4.191782,-0.016511505,-3.9803522
1766255405.680453,4.1947355,-0.016110769,-3.9799304
1766255405.6940653,4.1976905,-0.01570589,-3.979523
1766255405.7001674,4.2006373,-0.015309797,-3.9791293
1766255405.713328,4.2063518,-0.014351594,-3.9784884
1766255405.7214491,4.209202,-0.013886275,-3.9781904
1766255405.7333426,4.2120476,-0.013429789,-3.9779038
1766255405.7404115,4.214888,-0.01298186,-3.9776282
1766255405.754379,4.220557,-0.012110705,-3.9771097
1766255405.761208,4.2234054,-0.011681141,-3.9768672
1766255405.7741055,4.226248,-0.011259326,-3.9766405
1766255405.7806208,4.2290835,-0.010845001,-3.9764245
1766255405.793265,4.234739,-0.0100378115,-3.9760237
1766255405.8021753,4.2375584,-0.009644568,-3.9758384
1766255405.8143678,4.2403727,-0.009258262,-3.9756632
1766255405.8210335,4.2431827,-0.008878998,-3.9755025
1766255405.8341248,4.2472453,-0.008175682,-3.9760273
1766255405.8416228,4.2492905,-0.007828108,-3.9762886
1766255405.8546245,4.25135,-0.007485721,-3.976549
1766255405.8612537,4.2534227,-0.0071485145,-3.976809
1766255405.8742158,4.2576027,-0.006489703,-3.9773338
1766255405.8825123,4.259708,-0.0061680553,-3.9775963
1766255405.8947592,4.261822,-0.0058514713,-3.9778588
1766255405.901516,4.2639456,-0.005539912,-3.978121
1766255405.9147415,4.2682114,-0.004919869,-3.978645
1766255405.9223986,4.2703533,-0.004611395,-3.9789083
1766255405.9350483,4.272504,-0.0043079476,-3.9791708
1766255405.9419467,4.2746634,-0.004009581,-3.9794323
1766255405.9555387,4.2787914,-0.002924798,-3.9808805
1766255405.9632,4.2807655,-0.002148487,-3.9820442
1766255405.975749,4.282752,-0.0013871824,-3.9831817
1766255405.982773,4.284751,-0.00064055144,-3.9842966
1766255405.995739,4.288785,0.0008268549,-3.9864607
1766255406.0035074,4.2908187,0.001539878,-3.9875104
1766255406.0164654,4.2928634,0.0022396755,-3.9885392
1766255406.023039,4.2949195,0.0029266798,-3.9895434
1766255406.03627,4.2990637,0.0042639724,-3.99149
1766255406.0446477,4.3011518,0.0049148356,-3.9924324
1766255406.0566463,4.3032503,0.005554115,-3.9933543
1766255406.0641053,4.305359,0.006182042,-3.994256
1766255406.0777972,4.309574,0.0073603834,-3.9959915
1766255406.08525,4.3117537,0.008207507,-3.997053
1766255406.097774,4.3139405,0.009037327,-3.9980888
1766255406.1040041,4.3161335,0.009850024,-3.9990997
1766255406.1169767,4.320539,0.011424995,-4.001047
1766255406.1254618,4.3227515,0.012187688,-4.0019784
1766255406.137416,4.32496,0.012941029,-4.0028853
1766255406.1445727,4.3271756,0.013678465,-4.003768
1766255406.1582077,4.331626,0.015106699,-4.00546
1766255406.165611,4.33386,0.015798012,-4.00627
1766255406.178486,4.336099,0.016474362,-4.007051
1766255406.1850111,4.3383436,0.01713588,-4.007808
1766255406.198533,4.342846,0.0184149,-4.009253
1766255406.2064817,4.344835,0.019235373,-4.0096703
1766255406.218198,4.3468328,0.020037815,-4.0100713
1766255406.225862,4.3488398,0.020822687,-4.010452
1766255406.2397332,4.352881,0.022341594,-4.011164
1766255406.2470913,4.354915,0.023076436,-4.0114956
1766255406.2594647,4.3569574,0.023795174,-4.01181
1766255406.2668967,4.3590083,0.024497887,-4.012108
1766255406.2796865,4.3631315,0.025852887,-4.012649
1766255406.2877564,4.3652024,0.026505616,-4.012896
1766255406.3001983,4.367279,0.027143188,-4.0131283
1766255406.3074172,4.3693614,0.027765866,-4.0133457
1766255406.3217506,4.3735437,0.028967237,-4.0137353
1766255406.328494,4.375644,0.029546373,-4.0139046
1766255406.341154,4.377028,0.030280152,-4.014134
1766255406.347514,4.3784337,0.030995328,-4.0143466
1766255406.3676107,4.3812923,0.032386713,-4.0147233
1766255406.3763168,4.382743,0.03306371,-4.0148892
1766255406.3909507,4.384211,0.03372346,-4.015036
1766255406.3990345,4.3856964,0.034366325,-4.015169
1766255406.4111621,4.388717,0.03560298,-4.015394
1766255406.4229598,4.3902526,0.03619755,-4.0154862
1766255406.433112,4.391805,0.036776744,-4.015566
1766255406.4409356,4.393374,0.037340723,-4.0156293
1766255406.4540586,4.396567,0.03844697,-4.015721
1766255406.4620557,4.398186,0.038977467,-4.01575
1766255406.4735959,4.399717,0.03960198,-4.01579
1766255406.4812195,4.401263,0.040208004,-4.0158195
1766255406.4948268,4.4044037,0.041365825,-4.0158386
1766255406.502048,4.4059978,0.04191859,-4.015834
1766255406.5138607,4.407617,0.042464685,-4.0158195
1766255406.5211046,4.409252,0.042994533,-4.015796
1766255406.5344965,4.412571,0.044006824,-4.0157237
1766255406.542855,4.4142547,0.044489603,-4.0156713
1766255406.554727,4.4159536,0.044957034,-4.015611
1766255406.5615368,4.417668,0.045409292,-4.015544
1766255406.5751872,4.4211383,0.046268936,-4.01539
1766255406.5827005,4.4229054,0.04666372,-4.0153036
1766255406.5954664,4.424686,0.04704417,-4.0152082
1766255406.601808,4.4265313,0.047752652,-4.0150228
1766255406.615537,4.4302516,0.04910699,-4.014643
1766255406.6233363,4.432127,0.049754053,-4.0144496
1766255406.6351109,4.434013,0.050381996,-4.0142536
1766255406.6422088,4.435909,0.05099149,-4.0140514
1766255406.6564507,4.4397225,0.052146975,-4.0136404
1766255406.663724,4.4416385,0.05269327,-4.013433
1766255406.6756663,4.4435625,0.053222053,-4.0132246
1766255406.682717,4.445494,0.05373378,-4.0130153
1766255406.696106,4.4493814,0.054708347,-4.0125866
1766255406.7045956,4.451337,0.05517208,-4.012372
1766255406.7164686,4.4533,0.05562045,-4.012157
1766255406.7230422,4.4552712,0.056053694,-4.0119424
1766255406.7364535,4.459294,0.05676178,-4.0121374
1766255406.7447069,4.461317,0.0570938,-4.0122185
1766255406.7562268,4.463349,0.057411723,-4.0122924
1766255406.7637057,4.4653883,0.057715766,-4.0123596
1766255406.7772477,4.4694877,0.058282755,-4.012477
1766255406.785024,4.4715476,0.05854625,-4.0125275
1766255406.7970912,4.4735937,0.05882647,-4.012568
1766255406.8043716,4.4756465,0.059093613,-4.0126038
1766255406.8176053,4.479772,0.059589073,-4.012661
1766255406.8250997,4.4818444,0.059817553,-4.012683
1766255406.8377383,4.4839234,0.060033392,-4.0127006
1766255406.8444977,4.486009,0.06023694,-4.012708
1766255406.8574226,4.490486,0.060462635,-4.012889
1766255406.8664868,4.492713,0.060564227,-4.0129714
1766255406.8783758,4.4949427,0.060656462,-4.013049
1766255406.8846738,4.4971747,0.060739476,-4.013122
1766255406.8987863,4.501646,0.06087867,-4.0132427
1766255406.9063158,4.503885,0.06093532,-4.013296
1766255406.919216,4.506126,0.06098359,-4.0133457
1766255406.925367,4.5083694,0.061023727,-4.0133905
1766255406.938871,4.5128484,0.06106955,-4.0134654
1766255406.9474087,4.515084,0.061075732,-4.0134897
1766255406.9586103,4.5173216,0.06107465,-4.0135098
1766255406.9656732,4.5195622,0.061066303,-4.013526
1766255406.9786038,4.5238824,0.06079279,-4.01417
1766255406.9867043,4.525965,0.06053321,-4.0147834
1766255406.9995492,4.5280533,0.06027191,-4.0153675
1766255407.0060909,4.530145,0.060009122,-4.0159335
1766255407.0195253,4.534352,0.059500173,-4.017012
1766255407.0286083,4.536462,0.059243925,-4.0175257
1766255407.0401642,4.538575,0.058986537,-4.0180216
1766255407.0472207,4.540693,0.05872794,-4.0184903
1766255407.060184,4.5449386,0.058206726,-4.019379
1766255407.0676863,4.547066,0.05794376,-4.019799
1766255407.080352,4.5492005,0.05766075,-4.020203
1766255407.0868835,4.551337,0.057375945,-4.020592
1766255407.1004157,4.555615,0.05680128,-4.021305
1766255407.1085,4.5580864,0.05581003,-4.0222096
1766255407.1206782,4.560552,0.054831143,-4.023086
1766255407.127664,4.563012,0.05386439,-4.0239353
1766255407.140266,4.5679164,0.051966246,-4.0255527
1766255407.1489003,4.5703664,0.051034804,-4.0263085
1766255407.162177,4.572812,0.050114058,-4.027039
1766255407.1676297,4.5752525,0.049203627,-4.0277443
1766255407.1814935,4.5801177,0.04741219,-4.029081
1766255407.1896448,4.5825424,0.0465306,-4.029713
1766255407.2017324,4.584962,0.045658235,-4.030308
1766255407.2083576,4.5873766,0.044794932,-4.0308795
1766255407.2214134,4.592171,0.043055095,-4.0319533
1766255407.2293017,4.5948634,0.04226891,-4.032676
1766255407.2420468,4.5975447,0.04149078,-4.033371
1766255407.2483566,4.600216,0.040720742,-4.034024
1766255407.2616892,4.605527,0.03920587,-4.03525
1766255407.2695696,4.6081667,0.038461488,-4.035825
1766255407.2817857,4.610796,0.037725884,-4.0363736
1766255407.289486,4.6134033,0.037003875,-4.0368977
1766255407.3026955,4.6185875,0.035585247,-4.0378437
1766255407.3094687,4.621165,0.03488842,-4.038282
1766255407.3226857,4.623732,0.03419989,-4.0386963
1766255407.3290162,4.6262903,0.033519648,-4.039088
1766255407.3415797,4.631379,0.032184012,-4.0398026
1766255407.3507833,4.6339316,0.031528685,-4.0401115
1766255407.362794,4.636085,0.031225324,-4.0403104
1766255407.3699677,4.638237,0.030923521,-4.04049
1766255407.3827016,4.642533,0.030325243,-4.040796
1766255407.3914552,4.6446767,0.030028885,-4.040922
1766255407.4035072,4.6468177,0.0297346,-4.041017
1766255407.4100516,4.648955,0.029442506,-4.0410953
1766255407.4226868,4.653232,0.028866103,-4.041202
1766255407.4312322,4.6553726,0.028582124,-4.041231
1766255407.4428794,4.65751,0.028301107,-4.041245
1766255407.450828,4.659643,0.028023332,-4.041229
1766255407.463398,4.663898,0.027477805,-4.041155
1766255407.471165,4.6660185,0.027210044,-4.0410976
1766255407.483764,4.668275,0.027337022,-4.04139
1766255407.4905028,4.670523,0.027458234,-4.0416603
1766255407.503953,4.6727943,0.027587803,-4.041895
1766255407.5107658,4.675057,0.027711926,-4.042109
1766255407.524067,4.679559,0.027945438,-4.0424805
1766255407.531356,4.6818,0.028055474,-4.042638
1766255407.5446136,4.686261,0.028263446,-4.0429
1766255407.5521517,4.6884823,0.028361743,-4.042989
1766255407.5648253,4.690669,0.028472375,-4.0430617
1766255407.5714955,4.6928496,0.028578874,-4.0431194
1766255407.5847778,4.6971893,0.028779183,-4.043189
1766255407.592657,4.699349,0.028873108,-4.0432024
1766255407.6038306,4.7015023,0.028963063,-4.0431857
1766255407.6120784,4.703712,0.028757801,-4.0430183
1766255407.625602,4.7081075,0.028359374,-4.0426564
1766255407.633558,4.710293,0.028194781,-4.042463
1766255407.6459587,4.7124705,0.028034009,-4.0422606
1766255407.6525345,4.7146406,0.027876958,-4.0420346
1766255407.6655858,4.7189574,0.02757243,-4.0415597
1766255407.6739783,4.7211046,0.027423793,-4.0413113
1766255407.6860986,4.723243,0.02727718,-4.041057
1766255407.6934338,4.7253737,0.02713272,-4.040796
1766255407.7071264,4.727496,0.0269905,-4.0405126
1766255407.7132998,4.729612,0.026856773,-4.0402236
1766255407.7270386,4.733822,0.026595535,-4.03963
1766255407.7338545,4.735916,0.026467731,-4.039325
1766255407.7470462,4.7399487,0.026764255,-4.038221
1766255407.7548325,4.7419567,0.026907047,-4.037655
1766255407.7670705,4.7439585,0.02704643,-4.0370903
1766255407.7748296,4.7459545,0.027182404,-4.036527
1766255407.7889214,4.7499514,0.02746989,-4.0354066
1766255407.7955499,4.7519393,0.027608486,-4.034849
1766255407.808164,4.753921,0.027743677,-4.03428
1766255407.8151765,4.755897,0.027875597,-4.0337133
1766255407.8287203,4.7598314,0.028130332,-4.032589
1766255407.8369424,4.7617908,0.02825359,-4.032031
1766255407.849073,4.763744,0.02837434,-4.031477
1766255407.8560739,4.765681,0.028504852,-4.030912
1766255407.8701935,4.770279,0.028906882,-4.0305767
1766255407.878072,4.7725577,0.029101478,-4.0304
1766255407.8900425,4.7748237,0.02929213,-4.0302167
1766255407.8965337,4.7770762,0.02947907,-4.030028
1766255407.9098473,4.781545,0.029842068,-4.029603
1766255407.9177828,4.783762,0.030018063,-4.029384
1766255407.9303885,4.785973,0.030182354,-4.0291615
1766255407.936828,4.788174,0.030343039,-4.028935
1766255407.9515705,4.792544,0.030653106,-4.028473
1766255407.958108,4.7947135,0.030802399,-4.02822
1766255407.9711637,4.7968726,0.030948058,-4.027966
1766255407.9776099,4.799021,0.031090224,-4.0277095
1766255407.9917314,4.8011584,0.031228894,-4.0274515
1766255407.9975219,4.803905,0.031183163,-4.0268583
1766255408.0107367,4.8093224,0.03112407,-4.0256767
1766255408.0182388,4.8119955,0.031096786,-4.025088
1766255408.0321023,4.817275,0.031046389,-4.02393
1766255408.0393977,4.819882,0.031023106,-4.0233607
1766255408.0516639,4.822468,0.03100086,-4.0227976
1766255408.0583184,4.825033,0.03097938,-4.022226
1766255408.0712678,4.8301177,0.030955344,-4.0211024
1766255408.0807245,4.832637,0.030952163,-4.020551
1766255408.0919185,4.835136,0.03094884,-4.020006
1766255408.0989285,4.837615,0.030945554,-4.019468
1766255408.1116848,4.842515,0.030939743,-4.018384
1766255408.1203651,4.8444076,0.031294804,-4.018381
1766255408.1324196,4.8462934,0.031642646,-4.0183725
1766255408.139028,4.848189,0.031994738,-4.0183587
1766255408.151911,4.8519588,0.03267768,-4.018315
1766255408.160126,4.8538322,0.033009086,-4.0182686
1766255408.1735873,4.855698,0.033334184,-4.0182185
1766255408.1807387,4.857555,0.03365317,-4.018165
1766255408.1936264,4.861244,0.034272805,-4.0180497
1766255408.2012799,4.8630753,0.034573473,-4.0179877
1766255408.2139273,4.864898,0.034868028,-4.017905
1766255408.22092,4.8667197,0.035166886,-4.017821
1766255408.2350495,4.8703356,0.035745975,-4.0176454
1766255408.2419777,4.8726707,0.035884183,-4.017884
1766255408.2542536,4.874985,0.036020797,-4.0181117
1766255408.2612321,4.8772793,0.036155812,-4.0183105
1766255408.27392,4.8818073,0.036420867,-4.01868
1766255408.283198,4.8840423,0.03655072,-4.018851
1766255408.296155,4.8862543,0.036684595,-4.019013
1766255408.3016303,4.8884478,0.0368165,-4.0191665
1766255408.3154333,4.8927813,0.037074152,-4.019409
1766255408.323341,4.8949227,0.037199546,-4.019519
1766255408.335183,4.897048,0.037322428,-4.0196204
1766255408.3422256,4.899157,0.03744279,-4.019715
1766255408.3554935,4.903329,0.037674177,-4.0198803
1766255408.363126,4.9053926,0.037785124,-4.019932
1766255408.3760786,4.9083633,0.03736406,-4.020277
1766255408.3823528,4.911297,0.036951978,-4.0206084
1766255408.3953,4.917055,0.03615335,-4.021231
1766255408.403565,4.9198813,0.035765987,-4.021523
1766255408.416106,4.9226727,0.035386037,-4.021782
1766255408.4228382,4.9254303,0.035013106,-4.0220284
1766255408.4358995,4.9308333,0.03426869,-4.0224857
1766255408.4441266,4.9334874,0.033905484,-4.0226974
1766255408.4563801,4.936111,0.033547696,-4.0228972
1766255408.4628255,4.938704,0.033195063,-4.023065
1766255408.4762297,4.9438024,0.03250497,-4.023369
1766255408.4842508,4.946308,0.032167356,-4.0235057
1766255408.4960907,4.9491663,0.031635888,-4.023697
1766255408.5032325,4.9519887,0.031113548,-4.023878
1766255408.5165997,4.9575286,0.030095039,-4.024169
1766255408.524169,4.960248,0.029598186,-4.0243006
1766255408.5365963,4.9629335,0.029109204,-4.0244226
1766255408.543486,4.9655867,0.028627783,-4.0245357
1766255408.5561485,4.970797,0.02768666,-4.0247335
1766255408.565247,4.9733458,0.027219458,-4.0247974
1766255408.577592,4.975864,0.026759407,-4.0248528
1766255408.5842597,4.978351,0.026306441,-4.0249
1766255408.5972097,4.9832354,0.025421515,-4.024969
1766255408.6057322,4.985633,0.024989497,-4.0249915
1766255408.6184483,4.988002,0.024564497,-4.0249844
1766255408.6246572,4.990636,0.024350861,-4.025164
1766255408.6380162,4.9957876,0.02392353,-4.025485
1766255408.6460786,4.9983115,0.02371501,-4.025627
1766255408.65758,5.0008006,0.023509864,-4.025757
1766255408.664826,5.0032563,0.023307864,-4.0258527
1766255408.6781104,5.008068,0.022912677,-4.026012
1766255408.685859,5.0104246,0.022719914,-4.0260754
1766255408.6990838,5.012749,0.022530872,-4.026129
1766255408.7052445,5.0150294,0.022340303,-4.0261717
1766255408.7184267,5.019499,0.021970883,-4.0261836
1766255408.7263227,5.021689,0.021791738,-4.0261755
1766255408.7389348,5.02385,0.021616073,-4.026159
1766255408.7456236,5.025982,0.021443816,-4.0261335
1766255408.7589402,5.0284405,0.021603173,-4.025651
1766255408.7671535,5.029656,0.021681167,-4.025385
1766255408.7797372,5.030815,0.021758646,-4.0251164
1766255408.7860835,5.0319643,0.021835085,-4.0248456
1766255408.799949,5.034233,0.021984225,-4.024299
1766255408.8077734,5.035352,0.0220572,-4.0240235
1766255408.8199883,5.036461,0.022129616,-4.023725
1766255408.8274739,5.0375586,0.022201646,-4.0234256
1766255408.8409028,5.039723,0.0223434,-4.0228243
1766255408.8484893,5.040788,0.022395456,-4.0225224
1766255408.8607144,5.0418434,0.022446636,-4.0222197
1766255408.8676677,5.042888,0.022497134,-4.0218954
1766255408.880692,5.0437236,0.022206115,-4.0231776
1766255408.8889146,5.044149,0.022064922,-4.023782
1766255408.90086,5.0445786,0.021926677,-4.024362
1766255408.9081316,5.045013,0.021791218,-4.024919
1766255408.9215605,5.045951,0.021524433,-4.0259147
1766255408.9288013,5.0464253,0.02139357,-4.0263824
1766255408.9408085,5.046903,0.021264099,-4.0268307
1766255408.9488423,5.047384,0.021136057,-4.0272593
1766255408.9617012,5.0483546,0.020884335,-4.02806
1766255408.9694462,5.0488443,0.020760542,-4.0284076
1766255408.9814491,5.0493364,0.020637974,-4.028738
1766255408.9888484,5.0498195,0.02052332,-4.0290523
1766255409.0030887,5.050305,0.020409942,-4.0293503
1766255409.0086057,5.0509996,0.020452749,-4.029507
1766255409.0222201,5.0523825,0.020526752,-4.0297594
1766255409.028634,5.053071,0.020558126,-4.0298557
1766255409.0415986,5.054443,0.02061013,-4.030016
1766255409.0507324,5.0551267,0.02063094,-4.0300794
1766255409.062142,5.0557914,0.020669632,-4.0301332
1766255409.0690968,5.056455,0.020704702,-4.030151
1766255409.0832121,5.057779,0.02076417,-4.030158
1766255409.0902956,5.0584393,0.0207888,-4.030147
1766255409.1026788,5.059099,0.020810215,-4.030127
1766255409.1094575,5.0597587,0.020828636,-4.0300975
1766255409.1228895,5.061075,0.020857334,-4.0299606
1766255409.1320317,5.061447,0.020413069,-4.02997
1766255409.1429718,5.0618243,0.019976443,-4.0299706
1766255409.1500428,5.0622067,0.01954746,-4.029961
1766255409.164003,5.062594,0.019125931,-4.029943
1766255409.17002,5.0629864,0.018711485,-4.029916
1766255409.1833405,5.0637846,0.017902901,-4.029786
1766255409.18996,5.06419,0.017508363,-4.029709
1766255409.2031107,5.064566,0.01709656,-4.029624
1766255409.2103298,5.0649467,0.016691001,-4.029532
1766255409.2232616,5.0657187,0.015897868,-4.029301
1766255409.2307186,5.0661106,0.015510046,-4.0291634
1766255409.2449894,5.0669055,0.014751428,-4.028871
1766255409.2521212,5.0676,0.014618048,-4.0282173
1766255409.26415,5.0682907,0.014484896,-4.027572
1766255409.2705898,5.0689826,0.014355964,-4.0269127
1766255409.283952,5.0703583,0.014097778,-4.0256186
1766255409.2917035,5.0710416,0.013969049,-4.0249844
1766255409.3038337,5.0717225,0.013841044,-4.024358
1766255409.3114898,5.072401,0.013714158,-4.02374
1766255409.3248851,5.073753,0.013465029,-4.022481
1766255409.3321023,5.07442,0.013340522,-4.021864
1766255409.3444018,5.075085,0.013217482,-4.0212555
1766255409.3513,5.075749,0.0130959675,-4.020655
1766255409.3644202,5.0764112,0.012976066,-4.0200634
1766255409.371995,5.077072,0.012857844,-4.0194793
1766255409.3848524,5.0782375,0.012721701,-4.017737
1766255409.3920164,5.0787454,0.012703475,-4.016617
1766255409.4051642,5.079766,0.012678528,-4.014446
1766255409.4136117,5.080278,0.012671919,-4.013394
1766255409.425311,5.0807915,0.012666883,-4.012345
1766255409.4320867,5.081307,0.012663476,-4.0113177
1766255409.4452498,5.081824,0.012661618,-4.010313
1766255409.4521663,5.082342,0.01266098,-4.00933
1766255409.465453,5.083382,0.012662284,-4.0074277
1766255409.4724789,5.083912,0.012689639,-4.0064898
1766255409.48548,5.0849733,0.012747193,-4.0046782
1766255409.493711,5.085505,0.012777694,-4.003804
1766255409.5067027,5.086108,0.012248933,-4.003029
1766255409.5126278,5.086711,0.011735938,-4.0022726
1766255409.5259871,5.0879135,0.0107559,-4.000775
1766255409.5342052,5.0885134,0.010287895,-4.000054
1766255409.545527,5.0891123,0.009833723,-3.999351
1766255409.5532293,5.0897236,0.009381266,-3.998666
1766255409.5666528,5.090942,0.008514202,-3.9973497
1766255409.5744755,5.09155,0.008098754,-3.9966981
1766255409.587275,5.092157,0.0076949564,-3.9960647
1766255409.593712,5.092763,0.007302531,-3.9954488
1766255409.6065402,5.093971,0.006550237,-3.9942703
1766255409.6156466,5.094573,0.006189607,-3.993707
1766255409.6271102,5.095186,0.0058299974,-3.993141
1766255409.6346524,5.095717,0.0057149148,-3.99212
1766255409.6480966,5.0967803,0.005504257,-3.9901662
1766255409.6554773,5.0973125,0.00540852,-3.9892323
1766255409.6679542,5.097845,0.0053189546,-3.988326
1766255409.6745484,5.098378,0.005235257,-3.9874306
1766255409.6877956,5.0989113,0.005157222,-3.9865623
1766255409.6948357,5.099444,0.0050812378,-3.9857206
1766255409.7087061,5.1005073,0.0049473955,-3.9841163
1766255409.7155662,5.1010385,0.0048894365,-3.9833527
1766255409.7281985,5.102101,0.0047901995,-3.9818656
1766255409.73642,5.1026316,0.0047484566,-3.981159
1766255409.749388,5.103162,0.0047116363,-3.9804764
1766255409.7552674,5.103691,0.0046796165,-3.9798174
1766255409.768508,5.105122,0.0044141957,-3.9793735
1766255409.7770417,5.1058364,0.004291601,-3.979149
1766255409.7890584,5.106547,0.0041754707,-3.9789371
1766255409.795771,5.1072526,0.004065632,-3.9787369
1766255409.8090756,5.1086516,0.0038640962,-3.9783714
1766255409.8175006,5.109346,0.0037719598,-3.978206
1766255409.8299568,5.110036,0.0036850981,-3.978032
1766255409.8362079,5.1107216,0.0036031634,-3.9778702
1766255409.8496335,5.112052,0.003449234,-3.97758
1766255409.8581018,5.112712,0.0033788362,-3.9774518
1766255409.8697007,5.113368,0.0033126166,-3.9773343
1766255409.876352,5.1140203,0.003250372,-3.9772081
1766255409.88946,5.114814,0.0021877834,-3.9755125
1766255409.8975823,5.1152143,0.0016760945,-3.9747095
1766255409.9102478,5.1156154,0.0011792239,-3.9739354
1766255409.9168062,5.1160183,0.00069442566,-3.973189
1766255409.930388,5.1168284,-0.00024037305,-3.9717484
1766255409.9385064,5.117235,-0.0006910597,-3.9710677
1766255409.9510024,5.1176424,-0.0011310452,-3.9704127
1766255409.9579196,5.1180506,-0.0015606384,-3.9697828
1766255409.9709249,5.118868,-0.0023897067,-3.9685967
1766255409.979085,5.1192923,-0.0027989002,-3.968024
1766255409.991705,5.119716,-0.0031983396,-3.9674747
1766255409.9975169,5.12014,-0.0035881507,-3.9669483
1766255410.0109787,5.1205635,-0.0039684656,-3.966444
1766255410.0182436,5.1207266,-0.004230506,-3.9658897
1766255410.0311396,5.1210704,-0.0047341343,-3.9648337
1766255410.0385876,5.1212497,-0.004976152,-3.9643314
1766255410.0519447,5.121434,-0.005211795,-3.9638505
1766255410.0582042,5.1216216,-0.0054325536,-3.9633908
1766255410.0715704,5.1220098,-0.00585533,-3.9625323
1766255410.0786498,5.1222105,-0.006057435,-3.9621186
1766255410.091331,5.1226234,-0.0064436477,-3.96135
1766255410.1006749,5.122835,-0.006628003,-3.960994
1766255410.111891,5.1230507,-0.0068065547,-3.9606566
1766255410.1191196,5.1232853,-0.0069849747,-3.9603372
1766255410.1325927,5.123764,-0.007323132,-3.959723
1766255410.1406968,5.1235423,-0.00685934,-3.9600077
1766255410.1510997,5.1233344,-0.0064039365,-3.9602947
1766255410.1594296,5.1231394,-0.0059566214,-3.9605842
1766255410.1725159,5.1227856,-0.005084733,-3.96117
1766255410.1810772,5.122626,-0.004659373,-3.9614491
1766255410.1925874,5.122482,-0.0042383755,-3.9617314
1766255410.1999855,5.122349,-0.0038236498,-3.9620163
1766255410.2133217,5.122114,-0.0030117638,-3.9625945
1766255410.2209826,5.122012,-0.00261411,-3.9628875
1766255410.2331245,5.121919,-0.0022217333,-3.963165
1766255410.2405496,5.1218357,-0.0018345073,-3.9634457
1766255410.2537916,5.1216955,-0.0010750421,-3.964015
1766255410.2617366,5.121702,-0.0014406992,-3.9640515
1766255410.2737937,5.1217155,-0.0017943955,-3.9640977
1766255410.2809238,5.121736,-0.0021365348,-3.9641373
1766255410.294469,5.121798,-0.002787893,-3.9642437
1766255410.3020341,5.1218386,-0.0030981698,-3.9643097
1766255410.3142552,5.1218853,-0.0033989144,-3.9643838
1766255410.321435,5.121939,-0.0036906572,-3.9644654
1766255410.3343034,5.121999,-0.0039739795,-3.9645383
1766255410.341269,5.1220665,-0.004261425,-3.9646184
1766255410.3542721,5.1222205,-0.0048144544,-3.9647982
1766255410.3616493,5.1223063,-0.0050807307,-3.9648979
1766255410.3770921,5.1224957,-0.0055944836,-3.9651144
1766255410.3828528,5.1225986,-0.0058426326,-3.965215
1766255410.3952155,5.1225505,-0.0062591713,-3.9652064
1766255410.4024975,5.1225114,-0.0066668754,-3.9652064
1766255410.4151652,5.1225114,-0.0074390746,-3.9652312
1766255410.4229112,5.1225243,-0.007812261,-3.9652548
1766255410.4352615,5.1225452,-0.0081770215,-3.9652705
1766255410.4429977,5.122574,-0.008533513,-3.9652936
1766255410.4571044,5.122653,-0.009222397,-3.9653604
1766255410.463267,5.1227036,-0.009555288,-3.9654033
1766255410.4752767,5.122779,-0.009891376,-3.9654524
1766255410.482814,5.1228604,-0.010219987,-3.9654922
1766255410.4961128,5.123042,-0.010854956,-3.9655895
1766255410.504399,5.123142,-0.011161384,-3.9656467
1766255410.5163543,5.123348,-0.011349356,-3.9662423
1766255410.5231616,5.1235595,-0.011533711,-3.966829
1766255410.5372543,5.1239934,-0.011891231,-3.9679406
1766255410.5447807,5.124232,-0.012065563,-3.9684846
1766255410.5576668,5.1244736,-0.012235694,-3.969021
1766255410.5640426,5.124719,-0.012401466,-3.9695501
1766255410.577428,5.1252203,-0.01271941,-3.970586
1766255410.5857246,5.125476,-0.012871334,-3.9710743
1766255410.5973468,5.1257343,-0.013018511,-3.971556
1766255410.6051912,5.125996,-0.013160934,-3.9720306
1766255410.6184466,5.1265287,-0.013431759,-3.9729602
1766255410.6258028,5.1267924,-0.013569053,-3.9734147
1766255410.638105,5.1270595,-0.013701838,-3.9738436
1766255410.6446981,5.12784,-0.013959127,-3.9741502
1766255410.6580188,5.129369,-0.0144749405,-3.9747653
1766255410.666465,5.130106,-0.014784312,-3.9751
1766255410.6786559,5.1308203,-0.015154052,-3.975471
1766255410.6859088,5.1315136,-0.01557792,-3.975866
1766255410.6992939,5.1328497,-0.016488748,-3.9767785
1766255410.7068913,5.133508,-0.016930532,-3.9772885
1766255410.7194095,5.134163,-0.017338166,-3.9778287
1766255410.7255013,5.1348166,-0.017703611,-3.978395
1766255410.7385383,5.1361265,-0.018310923,-3.979557
1766255410.747791,5.136787,-0.018563174,-3.980163
1766255410.7587628,5.1374526,-0.018789742,-3.9807818
1766255410.7659316,5.1381316,-0.01899925,-3.9814095
1766255410.7800922,5.140394,-0.018790893,-3.9826813
1766255410.7868447,5.141524,-0.018682538,-3.9833002
1766255410.7992833,5.1426525,-0.018574454,-3.9839165
1766255410.8064063,5.1437807,-0.018468538,-3.984527
1766255410.819743,5.1449084,-0.018366437,-3.98513
1766255410.8267312,5.1460357,-0.01826955,-3.9857235
1766255410.8393393,5.148306,-0.018106135,-3.9868557
1766255410.8470986,5.1494484,-0.018041398,-3.9873917
1766255410.8598926,5.1517315,-0.017938865,-3.9884145
1766255410.8680172,5.152872,-0.017901635,-3.988899
1766255410.8806565,5.1540117,-0.017873745,-3.9893637
1766255410.887159,5.1551504,-0.017854892,-3.98979
1766255410.9002,5.1568832,-0.018347746,-3.9916565
1766255410.9097555,5.157762,-0.018605806,-3.9925358
1766255410.921537,5.1586447,-0.018865801,-3.9933789
1766255410.9276443,5.1595306,-0.019126968,-3.9941857
1766255410.9414217,5.16042,-0.019388594,-3.9949358
1766255410.9478588,5.161311,-0.019649945,-3.9956505
1766255410.9622543,5.163099,-0.020168656,-3.9969738
1766255410.9680014,5.1639943,-0.020424532,-3.9975832
1766255410.9810681,5.1648903,-0.0206772,-3.998158
1766255410.9883633,5.16577,-0.020925323,-3.9986982
1766255411.001973,5.1675296,-0.02140834,-3.9996386
1766255411.0087895,5.168408,-0.021642445,-4.0000606
1766255411.0218565,5.1698833,-0.022381788,-4.0005736
1766255411.0298789,5.170487,-0.022882154,-4.000672
1766255411.0424516,5.1710963,-0.02337238,-4.000728
1766255411.0489159,5.1717105,-0.023852177,-4.000763
1766255411.0617454,5.172953,-0.024782067,-4.000768
1766255411.070649,5.173581,-0.02523218,-4.0007405
1766255411.0827522,5.174211,-0.025671769,-4.0006948
1766255411.0893078,5.1748405,-0.026099885,-4.0006123
1766255411.102991,5.1760845,-0.026918635,-4.000405
1766255411.1102545,5.1766953,-0.027308863,-4.0002832
1766255411.12302,5.1772857,-0.027684145,-4.00015
1766255411.1301045,5.177868,-0.028048111,-4.0000095
1766255411.1433923,5.1784425,-0.028401865,-3.9998422
1766255411.1505818,5.1790113,-0.028746482,-3.9996693
1766255411.1644216,5.180909,-0.029744118,-3.997781
1766255411.1709423,5.1818376,-0.030228578,-3.9968605
1766255411.1843498,5.183659,-0.031172957,-3.995067
1766255411.1923475,5.184553,-0.031634048,-3.994179
1766255411.204936,5.185449,-0.03208802,-3.9933078
1766255411.2108033,5.186336,-0.032535397,-3.992452
1766255411.2247224,5.187215,-0.03297629,-3.9916105
1766255411.2315583,5.188086,-0.033410765,-3.9907835
1766255411.2448623,5.189808,-0.034260403,-3.9891572
1766255411.2534463,5.1906595,-0.034675278,-3.9883573
1766255411.2669342,5.192339,-0.03546827,-3.986794
1766255411.2748456,5.1931067,-0.036618676,-3.9854891
1766255411.2873619,5.1938705,-0.037745208,-3.98421
1766255411.2932465,5.19463,-0.03884821,-3.982945
1766255411.306939,5.195386,-0.039928086,-3.981705
1766255411.314123,5.1961365,-0.040985245,-3.9804888
1766255411.3277276,5.1976237,-0.043033015,-3.9781263
1766255411.3343976,5.1983595,-0.04402435,-3.976979
1766255411.3476636,5.199061,-0.0450008,-3.9758399
1766255411.3549685,5.1997576,-0.045955997,-3.9747229
1766255411.3681865,5.2011337,-0.04780352,-3.9725533
1766255411.3753943,5.2018137,-0.048696294,-3.9715
1766255411.388598,5.203155,-0.050421264,-3.9694555
1766255411.3958972,5.203816,-0.051254153,-3.9684525
1766255411.4080892,5.2039,-0.05275213,-3.9668076
1766255411.4154809,5.203987,-0.054213453,-3.9651988
1766255411.4294026,5.2041836,-0.05703717,-3.9620876
1766255411.436449,5.204293,-0.05840097,-3.9605844
1766255411.4489484,5.204408,-0.059733696,-3.9591086
1766255411.4556146,5.2045302,-0.06103612,-3.9576666
1766255411.4690926,5.204792,-0.06355319,-3.954885
1766255411.476953,5.204931,-0.06476922,-3.9535446
1766255411.4887328,5.2050815,-0.065956675,-3.9522386
1766255411.4958806,5.205237,-0.06711695,-3.9509575
1766255411.5097904,5.2055616,-0.06935743,-3.9484937
1766255411.5170436,5.2057304,-0.07043828,-3.947311
1766255411.5287073,5.206334,-0.071792066,-3.9466643
1766255411.5359037,5.206931,-0.07311299,-3.9460363
1766255411.549502,5.208104,-0.07565887,-3.9448178
1766255411.5573897,5.2086744,-0.07688965,-3.944236
1766255411.568775,5.209239,-0.07808989,-3.9436736
1766255411.5762682,5.209798,-0.07926014,-3.9431305
1766255411.5900965,5.2109,-0.08151247,-3.9421027
1766255411.5971797,5.211444,-0.08259542,-3.941607
1766255411.6102543,5.211983,-0.083650105,-3.9411306
1766255411.6165314,5.2125177,-0.08467697,-3.9406734
1766255411.6297166,5.21355,-0.08663602,-3.9398139
1766255411.6377635,5.21406,-0.08757538,-3.9394119
1766255411.6500077,5.2145653,-0.088488445,-3.9390182
1766255411.6570334,5.2150006,-0.08946535,-3.9397092
1766255411.6704504,5.215864,-0.0913373,-3.9410634
1766255411.6777172,5.2162924,-0.09223335,-3.9417274
1766255411.6905367,5.216718,-0.09310341,-3.9423833
1766255411.696971,5.217129,-0.093941,-3.9430182
1766255411.7105107,5.2179446,-0.09554203,-3.9442663
1766255411.7185378,5.218349,-0.09630621,-3.94488
1766255411.7297907,5.2187514,-0.09704668,-3.945487
1766255411.7378442,5.219152,-0.0977638,-3.9460876
1766255411.7523859,5.2199464,-0.09912918,-3.9472358
1766255411.7585661,5.2203407,-0.09977624,-3.9478018
1766255411.7707512,5.2207327,-0.10040149,-3.9483614
1766255411.7778983,5.2211223,-0.101005346,-3.948915
1766255411.7912805,5.2212167,-0.10258397,-3.9491625
1766255411.7990212,5.2212744,-0.10333345,-3.9492788
1766255411.8112528,5.2213387,-0.10405716,-3.949399
1766255411.8184078,5.22141,-0.10475565,-3.949523
1766255411.8318775,5.2214866,-0.10542943,-3.9496498
1766255411.838511,5.221572,-0.10607134,-3.9497807
1766255411.851377,5.221761,-0.10728463,-3.9500349
1766255411.8584437,5.221864,-0.10785689,-3.9501579
1766255411.8720498,5.222086,-0.10893534,-3.950408
1766255411.8809438,5.222204,-0.10944261,-3.950534
1766255411.8921428,5.2223263,-0.1099292,-3.9506607
1766255411.8989809,5.2224526,-0.110395506,-3.9507725
1766255411.9125698,5.2224274,-0.11077476,-3.9517097
1766255411.9203486,5.222422,-0.11094193,-3.9521646
1766255411.9332588,5.222422,-0.11109444,-3.95261
1766255411.9391806,5.2224274,-0.11123245,-3.9530458
1766255411.953661,5.2224536,-0.111465685,-3.9538581
1766255411.964599,5.222474,-0.1115614,-3.954251
1766255411.9757977,5.222515,-0.11164842,-3.9546363
1766255411.982101,5.22256,-0.11172209,-3.955013
1766255411.9952664,5.2226605,-0.11182991,-3.95574
1766255412.0037246,5.2227163,-0.11186429,-3.956074
1766255412.0163798,5.2227755,-0.1118859,-3.9563997
1766255412.0226042,5.2228374,-0.11189499,-3.956717
1766255412.0355678,5.2229805,-0.11147598,-3.9568365
1766255412.0447576,5.223058,-0.11105674,-3.9566512
1766255412.0559704,5.223139,-0.11063535,-3.9564576
1766255412.0629902,5.2232227,-0.11021191,-3.9562683
1766255412.0758064,5.223309,-0.10978653,-3.956083
1766255412.0827942,5.223399,-0.109359235,-3.9559016
1766255412.0966077,5.223589,-0.10849855,-3.95555
1766255412.102861,5.223689,-0.108065054,-3.9553661
1766255412.11611,5.223792,-0.10762939,-3.955186
1766255412.1231384,5.2238865,-0.10719051,-3.955009
1766255412.136751,5.224084,-0.10630632,-3.954665
1766255412.1435144,5.224187,-0.105861075,-3.9544976
1766255412.1569085,5.2243996,-0.10496487,-3.9541461
1766255412.1644194,5.2243633,-0.10434783,-3.9544613
1766255412.1773844,5.224334,-0.10373341,-3.9547677
1766255412.1838174,5.2243104,-0.10312154,-3.9550655
1766255412.1969948,5.224283,-0.1018945,-3.9556386
1766255412.2057528,5.224279,-0.101284206,-3.9558983
1766255412.2177725,5.224281,-0.10067598,-3.9561515
1766255412.224024,5.2242885,-0.10006977,-3.956398
1766255412.237003,5.224319,-0.098863326,-3.9568734
1766255412.2448702,5.2243414,-0.098263144,-3.9571025
1766255412.257369,5.224369,-0.09766506,-3.9573104
1766255412.2641928,5.2244186,-0.09706148,-3.9575136
1766255412.27708,5.224531,-0.0958618,-3.957906
1766255412.28592,5.2237115,-0.09553088,-3.9582675
1766255412.2972534,5.2229137,-0.095198095,-3.9586189
1766255412.3045712,5.222138,-0.09486339,-3.9589448
1766255412.318036,5.2206473,-0.09418853,-3.959571
1766255412.3249156,5.2199316,-0.09384875,-3.9598713
1766255412.3373446,5.21923,-0.09350537,-3.9601636
1766255412.3444097,5.218547,-0.09316117,-3.9604478
1766255412.3575125,5.2172327,-0.09247148,-3.9609616
1766255412.3656528,5.2166004,-0.09212655,-3.9612076
1766255412.378309,5.215984,-0.09178178,-3.9614472
1766255412.3848765,5.2153835,-0.091437116,-3.9616802
1766255412.3975627,5.214798,-0.09109249,-3.9619062
1766255412.4048169,5.2142396,-0.090751834,-3.9621253
1766255412.4184046,5.212953,-0.09040155,-3.9625459
1766255412.4250355,5.2122293,-0.09038425,-3.962763
1766255412.4385214,5.210835,-0.09032717,-3.9631758
1766255412.4472404,5.210164,-0.09028781,-3.9633715
1766255412.4582167,5.2095103,-0.09024137,-3.9635441
1766255412.4653478,5.2088733,-0.09018802,-3.9637105
1766255412.4792604,5.207646,-0.0900645,-3.9640236
1766255412.4862728,5.207056,-0.08999333,-3.964171
1766255412.4988194,5.2064824,-0.08991609,-3.9643126
1766255412.5058544,5.205924,-0.0898329,-3.9644322
1766255412.5184639,5.2048526,-0.0896492,-3.9646556
1766255412.5273383,5.2043395,-0.089548774,-3.9647593
1766255412.5391307,5.203731,-0.08934558,-3.9653404
1766255412.5463274,5.203116,-0.089131266,-3.9659042
1766255412.5593624,5.201936,-0.08869558,-3.966947
1766255412.5669906,5.2013702,-0.08847431,-3.9674459
1766255412.5798938,5.20082,-0.08825095,-3.9679298
1766255412.5862985,5.200285,-0.08802557,-3.9683995
1766255412.599429,5.1992593,-0.08756883,-3.9692976
1766255412.607799,5.198764,-0.087336436,-3.9697065
1766255412.6192577,5.198283,-0.087101944,-3.970103
1766255412.6264722,5.197817,-0.08686526,-3.9704869
1766255412.6401532,5.1969266,-0.086384945,-3.971218
1766255412.6482098,5.1965017,-0.08614119,-3.9715657
1766255412.6603491,5.1960897,-0.08589507,-3.9718823
1766255412.6671073,5.195804,-0.08530123,-3.9727416
1766255412.6795425,5.195272,-0.08412871,-3.9743886
1766255412.6883793,5.195025,-0.08354967,-3.9751773
1766255412.6989927,5.194788,-0.08297504,-3.9759433
1766255412.7072513,5.1945605,-0.08240443,-3.976665
1766255412.7213776,5.194135,-0.081273876,-3.9780445
1766255412.7286534,5.193937,-0.08071322,-3.978703
1766255412.7411225,5.193748,-0.08015521,-3.979341
1766255412.748043,5.193569,-0.0795996,-3.979959
1766255412.7607362,5.193212,-0.07849286,-3.9810922
1766255412.7700162,5.193047,-0.07794297,-3.9816306
1766255412.78093,5.192891,-0.07739549,-3.9821506
1766255412.7884514,5.192744,-0.07685045,-3.9826524
1766255412.8020873,5.1924944,-0.07474779,-3.9839838
1766255412.8093112,5.192382,-0.07371669,-3.9845936
1766255412.8218753,5.1922913,-0.07270149,-3.9851823
1766255412.8287594,5.192209,-0.07169871,-3.985751
1766255412.8419716,5.192066,-0.0697288,-3.9868283
1766255412.849976,5.192005,-0.06876089,-3.9873376
1766255412.8617885,5.1919513,-0.06780392,-3.9878054
1766255412.8692827,5.1919036,-0.06685774,-3.9882545
1766255412.8823736,5.1918287,-0.064996965,-3.9890983
1766255412.8898804,5.191796,-0.064078666,-3.9894927
1766255412.9023163,5.1917686,-0.063170254,-3.9898694
1766255412.9094174,5.1917467,-0.062271412,-3.9902053
1766255412.92304,5.191194,-0.05980852,-3.9898002
1766255412.930894,5.190939,-0.058599707,-3.9895935
1766255412.94264,5.1906977,-0.057405576,-3.989384
1766255412.9508402,5.1904697,-0.056225754,-3.9891713
1766255412.9645267,5.190255,-0.05505997,-3.988936
1766255412.9698293,5.1900606,-0.05391751,-3.988699
1766255412.9831684,5.1897073,-0.05167364,-3.9882176
1766255412.9904387,5.1895475,-0.050571788,-3.987973
1766255413.0037823,5.189261,-0.048406422,-3.987476
1766255413.0115123,5.189133,-0.047342163,-3.9872046
1766255413.023182,5.1890154,-0.046289884,-3.9869313
1766255413.0311143,5.1889076,-0.04524949,-3.9866567
1766255413.045684,5.1888237,-0.044223554,-3.986381
1766255413.0506337,5.18928,-0.04265582,-3.986721
1766255413.0642478,5.190183,-0.039588746,-3.9873273
1766255413.0709534,5.1906314,-0.038088843,-3.9875956
1766255413.084572,5.1915216,-0.03515462,-3.9880884
1766255413.093192,5.1919646,-0.033719037,-3.9883142
1766255413.1044064,5.1924,-0.032295484,-3.9885263
1766255413.1115878,5.1928344,-0.030891202,-3.988703
1766255413.1250668,5.1937003,-0.028138492,-3.9890218
1766255413.1330338,5.1941314,-0.026789166,-3.9891644
1766255413.1448834,5.1945605,-0.025457295,-3.9892962
1766255413.1518648,5.1949883,-0.024142517,-3.9894178
1766255413.1652632,5.195414,-0.022844676,-3.9895058
1766255413.1721356,5.1958385,-0.021563848,-3.9895847
1766255413.1852906,5.1969256,-0.019852066,-3.9884975
1766255413.1923666,5.197461,-0.019011186,-3.9879637
1766255413.2058122,5.198518,-0.017359369,-3.986915
1766255413.213667,5.199039,-0.016548347,-3.98638
1766255413.2260978,5.199556,-0.015747247,-3.9858515
1766255413.2327416,5.200068,-0.014956074,-3.9853294
1766255413.2454853,5.200575,-0.014174809,-3.9848137
1766255413.2530878,5.2010703,-0.013406281,-3.9843044
1766255413.2654648,5.202045,-0.011898536,-3.9832847
1766255413.2732947,5.202523,-0.0111595895,-3.982775
1766255413.2863755,5.2034636,-0.009712045,-3.9817753
1766255413.2942061,5.204434,-0.008940539,-3.9812996
1766255413.3067467,5.2053885,-0.008177549,-3.9808295
1766255413.313347,5.2063274,-0.007422794,-3.9803457
1766255413.3262594,5.208168,-0.0059338133,-3.9793954
1766255413.335891,5.2090664,-0.0052005164,-3.9789295
1766255413.3471272,5.209951,-0.0044741537,-3.9784703
1766255413.3536777,5.210821,-0.0037545848,-3.9780173
1766255413.3670623,5.2125177,-0.0023362597,-3.977094
1766255413.375157,5.2133455,-0.0016375608,-3.9766433
1766255413.3876696,5.214147,-0.0009409454,-3.9762
1766255413.3939643,5.2149353,-0.00025068133,-3.9757645
1766255413.4073675,5.216474,0.0011122983,-3.9749162
1766255413.4157302,5.217225,0.0017857115,-3.9744835
1766255413.427494,5.2181816,0.002235888,-3.9748216
1766255413.4347544,5.219122,0.0026852726,-3.9751482
1766255413.4491658,5.2209544,0.003582056,-3.9757695
1766255413.455831,5.2218447,0.0040300186,-3.976065
1766255413.469049,5.2227197,0.0044768383,-3.976328
1766255413.4748585,5.2235794,0.004922128,-3.9765828
1766255413.4880428,5.2252545,0.0058073793,-3.9770696
1766255413.4974658,5.2260704,0.0062472634,-3.9773023
1766255413.5087874,5.2268724,0.0066853785,-3.9775279
1766255413.515481,5.22766,0.0071218917,-3.9777236
1766255413.5287845,5.2284346,0.0075569195,-3.9779134
1766255413.5354192,5.2291946,0.007990594,-3.978097
1766255413.549114,5.230978,0.009022883,-3.9785216
1766255413.5555356,5.2319856,0.009618406,-3.9787605
1766255413.5687854,5.232973,0.0102090975,-3.9789689
1766255413.5759454,5.23394,0.010794914,-3.9791706
1766255413.5895786,5.2358155,0.011952376,-3.9795537
1766255413.5968602,5.236725,0.012524428,-3.9797354
1766255413.6097806,5.2384577,0.013657428,-3.98008
1766255413.6172707,5.2392974,0.014218527,-3.9802184
1766255413.6305292,5.2401204,0.014776371,-3.980351
1766255413.6365557,5.240927,0.015331201,-3.9804776
1766255413.649546,5.2424903,0.016432533,-3.9807127
1766255413.6587224,5.243246,0.016979128,-3.9808211
1766255413.6701515,5.2439857,0.017522857,-3.9809
1766255413.6769369,5.245058,0.018054878,-3.980249
1766255413.6903598,5.2471104,0.019118136,-3.9789858
1766255413.6984515,5.248101,0.019647777,-3.9783726
1766255413.7115169,5.2490687,0.020176329,-3.9777708
1766255413.7171662,5.2500143,0.020704031,-3.977161
1766255413.730682,5.2518396,0.021757469,-3.9759746
1766255413.7386394,5.2527204,0.022283563,-3.9753978
1766255413.750873,5.25358,0.022809481,-3.9748313
1766255413.7577543,5.2544184,0.023337474,-3.9742749
1766255413.7711525,5.2560325,0.024392108,-3.9731548
1766255413.7788272,5.256809,0.024917785,-3.9726105
1766255413.7917564,5.257567,0.025442034,-3.9720767
1766255413.7982311,5.2583055,0.02596488,-3.9715536
1766255413.8110983,5.2600436,0.026835697,-3.97061
1766255413.8205225,5.260879,0.027272519,-3.9701333
1766255413.8320415,5.261693,0.027711783,-3.9696667
1766255413.8390262,5.262485,0.028153593,-3.96921
1766255413.8531957,5.2640076,0.029044881,-3.9683263
1766255413.8596568,5.2647386,0.029493798,-3.9678993
1766255413.8717756,5.26545,0.0299445,-3.967463
1766255413.8790996,5.2661424,0.030396791,-3.9670372
1766255413.8925261,5.2668166,0.030850545,-3.9666216
1766255413.8996243,5.2674727,0.03130788,-3.9662163
1766255413.9123936,5.2687325,0.032227978,-3.9654367
1766255413.9197128,5.2693367,0.032691244,-3.965043
1766255413.9331229,5.2694693,0.033911474,-3.9641502
1766255413.9408503,5.2695265,0.034516715,-3.9637213
1766255413.9538295,5.269578,0.035118897,-3.9633033
1766255413.9600053,5.2696223,0.035717938,-3.962897
1766255413.973043,5.2696877,0.036901135,-3.9620829
1766255413.981612,5.2697115,0.037487257,-3.9616933
1766255413.992909,5.2697287,0.038069937,-3.9613152
1766255414.0005317,5.269739,0.038649496,-3.9609487
1766255414.0145662,5.2697406,0.039800815,-3.9602494
1766255414.022154,5.2697315,0.040373307,-3.959898
1766255414.0347428,5.269722,0.040941857,-3.959558
1766255414.0418243,5.2697053,0.04150893,-3.959229
1766255414.0547822,5.269443,0.04325412,-3.9591467
1766255414.061992,5.2692018,0.0444191,-3.95938
1766255414.0746284,5.268959,0.04556974,-3.9595904
1766255414.0821607,5.2687144,0.046706375,-3.9597993
1766255414.0949132,5.2682204,0.0489401,-3.9602134
1766255414.1028428,5.2679625,0.050041497,-3.960419
1766255414.114799,5.2677035,0.051131893,-3.9606233
1766255414.1217418,5.2674437,0.052212138,-3.960805
1766255414.1348517,5.266919,0.054344688,-3.9611669
1766255414.1427896,5.266654,0.05539789,-3.961347
1766255414.1548789,5.266388,0.056442842,-3.9615269
1766255414.1620355,5.2661204,0.057479594,-3.961706
1766255414.175698,5.2655845,0.059530694,-3.9620197
1766255414.1830375,5.2654276,0.06080809,-3.9616401
1766255414.1954541,5.2652664,0.062071625,-3.9612744
1766255414.2031145,5.2651014,0.06332171,-3.960922
1766255414.215768,5.264762,0.06578322,-3.9602554
1766255414.2238975,5.264588,0.066995434,-3.9599216
1766255414.2358966,5.264411,0.06819579,-3.9595995
1766255414.2429962,5.2642355,0.06938119,-3.9592888
1766255414.2571855,5.263877,0.07171865,-3.9586995
1766255414.26346,5.263694,0.07287069,-3.9584203
1766255414.275883,5.263509,0.07401152,-3.9581327
1766255414.2829223,5.2633214,0.07514126,-3.9578555
1766255414.2961345,5.263132,0.0762601,-3.9575877
1766255414.3033414,5.262941,0.07736826,-3.9573295
1766255414.316148,5.2628,0.08010307,-3.9557548
1766255414.3237665,5.262708,0.08144974,-3.9549873
1766255414.3378618,5.262517,0.08409953,-3.9535172
1766255414.3447556,5.2624183,0.08540372,-3.952814
1766255414.3567574,5.2623177,0.08669466,-3.9521315
1766255414.3640661,5.2622147,0.08797239,-3.9514692
1766255414.3775036,5.262001,0.09048707,-3.950176
1766255414.385518,5.2618914,0.091723904,-3.9495597
1766255414.397592,5.2617855,0.09294702,-3.9489627
1766255414.4045665,5.2616777,0.09415737,-3.9483848
1766255414.4185977,5.2614555,0.09654254,-3.947286
1766255414.4285614,5.2613416,0.09771862,-3.9467494
1766255414.4397655,5.2614307,0.09928756,-3.9470298
1766255414.453066,5.2615147,0.1008377,-3.9473083
1766255414.4704266,5.261593,0.10236935,-3.9475853
1766255414.474819,5.261666,0.10388248,-3.947861
1766255414.4887156,5.2617946,0.106865145,-3.9483905
1766255414.4948819,5.261852,0.10832946,-3.9486449
1766255414.5080667,5.2619514,0.111206666,-3.949154
1766255414.5163023,5.261994,0.112620845,-3.9494088
1766255414.528244,5.262031,0.11401963,-3.9496639
1766255414.5351844,5.2620635,0.11540366,-3.9499004
1766255414.5483658,5.2620907,0.11677347,-3.9501374
1766255414.555074,5.262121,0.11813023,-3.9503746
1766255414.5678458,5.262209,0.120334685,-3.9509435
1766255414.5757358,5.262266,0.12119327,-3.9512725
1766255414.5887587,5.2623663,0.1229022,-3.9518857
1766255414.5964797,5.26241,0.12375244,-3.9521902
1766255414.6087537,5.26245,0.124599874,-3.952493
1766255414.6153724,5.2624865,0.12544464,-3.9527938
1766255414.6279502,5.2625394,0.1271223,-3.95339
1766255414.6363468,5.2625604,0.12795742,-3.953665
1766255414.6488693,5.2625775,0.12878998,-3.9539385
1766255414.6564884,5.262591,0.12961994,-3.9542098
1766255414.6690638,5.2626057,0.13127068,-3.9547465
1766255414.6763124,5.2626066,0.13209069,-3.9550118
1766255414.6886935,5.2626033,0.13290688,-3.955255
1766255414.6961029,5.2621636,0.13349973,-3.9548957
1766255414.7091317,5.2612996,0.13468716,-3.9542155
1766255414.7176552,5.260875,0.13528202,-3.9538937
1766255414.7290676,5.2604547,0.13587792,-3.953583
1766255414.7363868,5.2600384,0.13647509,-3.9532676
1766255414.7507463,5.259216,0.13767384,-3.952669
1766255414.75769,5.2588086,0.13827536,-3.952385
1766255414.7706096,5.2584157,0.13887349,-3.9521108
1766255414.7766623,5.258025,0.13947201,-3.9518464
1766255414.789846,5.257251,0.14066975,-3.951315
1766255414.7979002,5.2568674,0.14126925,-3.9510632
1766255414.8094742,5.2564864,0.1418696,-3.9508207
1766255414.816761,5.256108,0.1424711,-3.9505873
1766255414.830918,5.255911,0.14367695,-3.950671
1766255414.837891,5.2558103,0.14428319,-3.9506981
1766255414.850671,5.2557073,0.14489232,-3.9507275
1766255414.856799,5.2556024,0.14550434,-3.9507592
1766255414.869639,5.2553887,0.14673568,-3.9508302
1766255414.8787572,5.2552805,0.14735459,-3.9508698
1766255414.8895528,5.255172,0.14797568,-3.9508946
1766255414.8970132,5.255062,0.14859916,-3.9509225
1766255414.9112098,5.254952,0.14922531,-3.9509535
1766255414.916841,5.2548523,0.14985195,-3.9509873
1766255414.9305885,5.2546515,0.15111595,-3.9510636
1766255414.9375327,5.2545505,0.15175396,-3.951089
1766255414.9506116,5.255157,0.15324932,-3.9509785
1766255414.9584966,5.2554445,0.15399972,-3.9509308
1766255414.9707823,5.2557225,0.15475132,-3.9508882
1766255414.9778702,5.2559915,0.1555038,-3.9508507
1766255414.991414,5.2565145,0.15700737,-3.9507585
1766255414.9982746,5.256763,0.1577609,-3.9507198
1766255415.0108337,5.2570033,0.15851602,-3.9506862
1766255415.0175018,5.2572355,0.15927318,-3.9506574
1766255415.0312414,5.257675,0.16079515,-3.9506142
1766255415.038968,5.257883,0.1615605,-3.950583
1766255415.0508966,5.2580853,0.16232619,-3.9505568
1766255415.0582268,5.25828,0.16309492,-3.950535
1766255415.071315,5.2584667,0.16386634,-3.950518
1766255415.077978,5.258681,0.1644884,-3.9501603
1766255415.0911078,5.259088,0.16574807,-3.9494712
1766255415.0984564,5.259281,0.16638532,-3.9491396
1766255415.1111684,5.259647,0.16767512,-3.948514
1766255415.1196332,5.2598157,0.16832799,-3.9482198
1766255415.131965,5.259978,0.16898663,-3.9479373
1766255415.1390164,5.2601337,0.1696513,-3.9476526
1766255415.1521137,5.260427,0.17099866,-3.9471183
1766255415.1600623,5.260564,0.17168038,-3.9468684
1766255415.1723032,5.260694,0.1723666,-3.9466302
1766255415.1789792,5.260818,0.17305705,-3.9464033
1766255415.191578,5.260935,0.17375176,-3.9461734
1766255415.1990578,5.2610545,0.17445199,-3.9459543
1766255415.2120214,5.261522,0.17483649,-3.944647
1766255415.2190924,5.26174,0.17505294,-3.9440265
1766255415.232579,5.261949,0.1752855,-3.9434276
1766255415.2391245,5.2621484,0.17553407,-3.9428494
1766255415.251238,5.2625184,0.17607816,-3.941732
1766255415.259322,5.2626905,0.17637259,-3.9412034
1766255415.272055,5.2629957,0.17700657,-3.940205
1766255415.2808635,5.2631364,0.1773425,-3.9397354
1766255415.2926934,5.2632685,0.17769083,-3.9392736
1766255415.29973,5.2633924,0.17805165,-3.9388306
1766255415.3126059,5.2635083,0.1784251,-3.9384062
1766255415.3198006,5.2636166,0.1788114,-3.9380004
1766255415.3328097,5.2644362,0.17999235,-3.936708
1766255415.339746,5.2648234,0.18059672,-3.9360888
1766255415.3528874,5.2651963,0.18120964,-3.935494
1766255415.3601077,5.2655554,0.18183078,-3.934923
1766255415.3727899,5.266235,0.18309546,-3.933851
1766255415.3803782,5.2665553,0.18373832,-3.9333496
1766255415.3935032,5.2671595,0.18504564,-3.9323945
1766255415.4009404,5.267445,0.18571039,-3.9319499
1766255415.413407,5.2677193,0.18638349,-3.9315267
1766255415.4202642,5.267981,0.18706542,-3.9311247
1766255415.4339206,5.2684703,0.18845707,-3.9303823
1766255415.4427989,5.268698,0.18916713,-3.9300313
1766255415.4535563,5.2690096,0.18963245,-3.928685
1766255415.4609845,5.2693086,0.19011322,-3.927384
1766255415.4742644,5.2698555,0.19112414,-3.9249134
1766255415.481579,5.2701106,0.19164984,-3.9237425
1766255415.4942982,5.270354,0.19218855,-3.9226096
1766255415.5007865,5.270585,0.19274023,-3.9215174
1766255415.5143752,5.271012,0.19388309,-3.9194517
1766255415.5222578,5.2712073,0.1944746,-3.918477
1766255415.533968,5.271391,0.19507961,-3.9175398
1766255415.5417197,5.271567,0.1956962,-3.916636
1766255415.5551271,5.271887,0.19696951,-3.9149368
1766255415.562975,5.2720304,0.19762479,-3.9141407
1766255415.5760956,5.272422,0.19865377,-3.9131713
1766255415.5827987,5.2727966,0.19968562,-3.912243
1766255415.5960584,5.2734985,0.20175894,-3.910502
1766255415.6037452,5.2738266,0.2028015,-3.9096897
1766255415.6155908,5.274142,0.20384453,-3.908915
1766255415.6224608,5.274442,0.20489308,-3.9081779
1766255415.6358554,5.274999,0.20700864,-3.9068122
1766255415.6443326,5.275257,0.20807624,-3.90618
1766255415.657401,5.275502,0.20915061,-3.905582
1766255415.6630194,5.275734,0.21023142,-3.905018
1766255415.67624,5.276159,0.21240936,-3.9039912
1766255415.6847167,5.276354,0.21350546,-3.903527
1766255415.6980636,5.2765374,0.2146063,-3.9030921
1766255415.7038608,5.2769866,0.2156303,-3.9030411
1766255415.7182145,5.2778373,0.21769443,-3.9030042
1766255415.7249959,5.2782407,0.21873537,-3.9030178
1766255415.738463,5.27863,0.21978265,-3.903052
1766255415.744051,5.279004,0.22083652,-3.9031024
1766255415.7578816,5.2797174,0.22296228,-3.903262
1766255415.766741,5.2800536,0.22403383,-3.9033709
1766255415.777781,5.2803764,0.22511032,-3.903499
1766255415.7847335,5.2806854,0.22619137,-3.9036453
1766255415.7978754,5.2812653,0.22836678,-3.9039824
1766255415.8063934,5.2815366,0.22946127,-3.904177
1766255415.8185694,5.281795,0.23056059,-3.9043877
1766255415.824919,5.2820506,0.23166536,-3.9046144
1766255415.8385913,5.281643,0.23507929,-3.9056401
1766255415.8469236,5.281437,0.23677677,-3.906158
1766255415.8588955,5.2812295,0.23846872,-3.9066832
1766255415.8661644,5.28102,0.24015543,-3.9072156
1766255415.8791304,5.2805953,0.24351321,-3.9083006
1766255415.8868601,5.2803907,0.24518336,-3.9088523
1766255415.8999217,5.2801833,0.24684885,-3.9094036
1766255415.906323,5.279972,0.24851008,-3.90996
1766255415.9190924,5.2795396,0.2518215,-3.911087
1766255415.9291756,5.2793174,0.2534726,-3.9116569
1766255415.939882,5.279091,0.2551213,-3.9122305
1766255415.9470844,5.278861,0.25676796,-3.9128013
1766255415.9600966,5.278687,0.25931308,-3.9143853
1766255415.9688067,5.278594,0.26059422,-3.915173
1766255415.9816203,5.278495,0.2618808,-3.9159577
1766255415.9874213,5.27839,0.2631725,-3.9167387
1766255416.0002534,5.2782793,0.26446924,-3.9175096
1766255416.0075312,5.278163,0.26577088,-3.9182765
1766255416.0203872,5.2779155,0.26838896,-3.9197974
1766255416.0277903,5.277784,0.26970547,-3.9205513
1766255416.041072,5.2774816,0.2723559,-3.9220436
1766255416.0484858,5.2773237,0.27368888,-3.9227738
1766255416.0617764,5.277161,0.2750266,-3.9234984
1766255416.0681198,5.2769947,0.27636838,-3.9242172
1766255416.0810318,5.276823,0.27771366,-3.92493
1766255416.0885763,5.2770543,0.2792852,-3.9261427
1766255416.1019375,5.277487,0.2824241,-3.9285011
1766255416.1088037,5.2776885,0.28399187,-3.9296477
1766255416.1231863,5.2780557,0.2871277,-3.931886
1766255416.129807,5.2782264,0.28869584,-3.932978
1766255416.1422422,5.278389,0.2902648,-3.9340515
1766255416.1495519,5.278544,0.29183483,-3.9350965
1766255416.1629045,5.27883,0.29497793,-3.9371328
1766255416.1708503,5.278962,0.29655033,-3.9381247
1766255416.182478,5.279091,0.29813084,-3.939099
1766255416.1896622,5.279213,0.29971167,-3.940056
1766255416.2036068,5.2794356,0.30287507,-3.9418972
1766255416.2110987,5.2794337,0.30478573,-3.9424627
1766255416.22378,5.279426,0.3066903,-3.9430192
1766255416.2302306,5.279413,0.30858937,-3.943566
1766255416.244053,5.27937,0.3123734,-3.9446309
1766255416.251406,5.2793393,0.31425944,-3.9451401
1766255416.2638175,5.279305,0.31614053,-3.9456398
1766255416.2711737,5.2792645,0.3180174,-3.9461298
1766255416.2851617,5.2791643,0.32175702,-3.9470806
1766255416.2917807,5.279104,0.3236197,-3.9475417
1766255416.3044484,5.2790375,0.32547796,-3.9479852
1766255416.311298,5.2789645,0.3273322,-3.9484189
1766255416.324873,5.2787995,0.33103055,-3.9492583
1766255416.332558,5.2790146,0.33296293,-3.949938
1766255416.3444672,5.2792172,0.3348909,-3.9506018
1766255416.352005,5.279408,0.33681476,-3.9512403
1766255416.3659952,5.2797546,0.3406492,-3.952473
1766255416.3729117,5.2799106,0.3425587,-3.953068
1766255416.3853197,5.280055,0.34446272,-3.9536493
1766255416.3917875,5.280189,0.34636137,-3.954217
1766255416.4052143,5.2804246,0.35014707,-3.9552948
1766255416.4135678,5.280527,0.3520353,-3.955815
1766255416.4246628,5.280619,0.35392037,-3.9563227
1766255416.4327676,5.280702,0.35580263,-3.956818
1766255416.4463208,5.280776,0.35768244,-3.9573016
1766255416.452617,5.2808404,0.35956016,-3.9577734
1766255416.4658985,5.2814126,0.36294934,-3.9593434
1766255416.472774,5.2819,0.36447078,-3.9604363
1766255416.485796,5.2828155,0.36752516,-3.9625442
1766255416.4949532,5.283245,0.36905733,-3.9635603
1766255416.5124314,5.283656,0.3705928,-3.9645388
1766255416.5177398,5.2840495,0.37213188,-3.9654937
1766255416.534484,5.2847834,0.3752219,-3.9673343
1766255416.542965,5.2851243,0.37677336,-3.9682207
1766255416.5585222,5.2854486,0.3783293,-3.969085
1766255416.569337,5.2857556,0.37988785,-3.969914
1766255416.5823061,5.2860465,0.38144985,-3.9707224
1766255416.5875196,5.286322,0.38301474,-3.9715106
1766255416.6005774,5.286686,0.3862826,-3.9732456
1766255416.608107,5.2867794,0.3879834,-3.9741864
1766255416.6211848,5.2869344,0.39138824,-3.975963
1766255416.6292317,5.286997,0.3930934,-3.976815
1766255416.6415658,5.287049,0.39480117,-3.9776428
1766255416.6479707,5.2870917,0.39651385,-3.978447
1766255416.6608846,5.2871475,0.39994773,-3.9799862
1766255416.6695,5.2871604,0.4016679,-3.980707
1766255416.6812644,5.2871633,0.4033898,-3.981406
1766255416.6887815,5.287157,0.40511358,-3.9820838
1766255416.702126,5.287115,0.4085679,-3.9833755
1766255416.7093525,5.28708,0.41029927,-3.9839904
1766255416.7222214,5.2870374,0.4120344,-3.9845693
1766255416.7287362,5.286717,0.4136247,-3.9848282
1766255416.7424538,5.2860684,0.41682845,-3.98531
1766255416.7504365,5.285741,0.41844216,-3.985533
1766255416.7629094,5.285411,0.42006323,-3.9857442
1766255416.7694848,5.285079,0.42169067,-3.9859307
1766255416.7825453,5.284406,0.42496124,-3.9862719
1766255416.7906458,5.2840695,0.42660204,-3.986427
1766255416.8031323,5.2837296,0.42824775,-3.9865723
1766255416.8098683,5.283387,0.4298987,-3.9867072
1766255416.8226292,5.2826934,0.4332181,-3.9869227
1766255416.832047,5.282342,0.43488726,-3.9870167
1766255416.8435655,5.2819877,0.43656307,-3.9871016
1766255416.8505194,5.281631,0.43824568,-3.9871778
1766255416.863494,5.28092,0.4400269,-3.9871562
1766255416.870405,5.280212,0.4418058,-3.987129
1766255416.883857,5.2788143,0.4453666,-3.9870358
1766255416.890497,5.2781234,0.44714817,-3.986983
1766255416.903807,5.276756,0.4507159,-3.986866
1766255416.913073,5.2760787,0.45250338,-3.9868019
1766255416.924295,5.275406,0.45429423,-3.9867215
1766255416.931398,5.2747335,0.456081,-3.9866378
1766255416.9443278,5.2734003,0.4596673,-3.9864614
1766255416.9520772,5.2727394,0.46146652,-3.9863691
1766255416.9656222,5.2720823,0.4632686,-3.9862747
1766255416.9716313,5.271429,0.46507284,-3.9861655
1766255416.9849033,5.2691865,0.4677197,-3.9853802
1766255416.9930668,5.2680855,0.4690599,-3.9849958
1766255417.0054607,5.2670026,0.4704087,-3.9846175
1766255417.011974,5.265932,0.47176957,-3.9842446
1766255417.025097,5.2638264,0.47452858,-3.9834936
1766255417.0331368,5.2627907,0.47592688,-3.9831264
1766255417.0455358,5.2617664,0.47733766,-3.9827647
1766255417.052161,5.260753,0.47876075,-3.9824083
1766255417.0652783,5.2597504,0.4801953,-3.9820578
1766255417.0726447,5.258758,0.48163998,-3.9817133
1766255417.0863254,5.2567964,0.48455286,-3.981023
1766255417.0930252,5.2558303,0.48602214,-3.980688
1766255417.1071498,5.254874,0.4875004,-3.9803598
1766255417.1127853,5.2537823,0.48897275,-3.9797142
1766255417.125964,5.251636,0.4919508,-3.9784596
1766255417.133151,5.2505813,0.49345744,-3.9778504
1766255417.146304,5.249538,0.49497628,-3.9772558
1766255417.1532295,5.248506,0.49651363,-3.9766755
1766255417.1664197,5.246478,0.49962226,-3.9755576
1766255417.1734276,5.245482,0.50119144,-3.9750116
1766255417.186973,5.2435236,0.50435734,-3.9739635
1766255417.1939125,5.2425613,0.5059547,-3.9734612
1766255417.2065456,5.2416105,0.50756246,-3.972973
1766255417.2138326,5.2406664,0.50918424,-3.9724987
1766255417.226148,5.2388124,0.51246345,-3.971574
1766255417.2347488,5.2380457,0.5142741,-3.9714634
1766255417.2466075,5.2372856,0.5160939,-3.9713564
1766255417.2540996,5.236532,0.517923,-3.9712532
1766255417.2674835,5.235046,0.5216059,-3.971059
1766255417.2748866,5.234313,0.5234579,-3.9709587
1766255417.287744,5.233587,0.525315,-3.9708633
1766255417.2941227,5.2328672,0.5271785,-3.970773
1766255417.3073514,5.2314487,0.53092664,-3.9706073
1766255417.3156338,5.2307496,0.5328122,-3.970532
1766255417.3273196,5.2300563,0.5347062,-3.9704514
1766255417.33522,5.2293696,0.53660905,-3.9703758
1766255417.3483896,5.2286897,0.53852105,-3.9703052
1766255417.354928,5.2280188,0.54044247,-3.9702394
1766255417.368091,5.226968,0.5430148,-3.970025
1766255417.3754756,5.2264495,0.5443335,-3.9699173
1766255417.38867,5.225429,0.5470318,-3.9697218
1766255417.3974996,5.2249255,0.5484104,-3.9696338
1766255417.4087458,5.2244267,0.5498084,-3.9695518
1766255417.415908,5.223933,0.55122554,-3.969476
1766255417.430054,5.2229605,0.5541187,-3.9693215
1766255417.4372535,5.2224813,0.55559415,-3.9692526
1766255417.4493685,5.2220063,0.55708873,-3.9691892
1766255417.4561756,5.221536,0.55860233,-3.969131
1766255417.4695747,5.2206106,0.5616828,-3.96903
1766255417.4774835,5.2201557,0.5632475,-3.9689772
1766255417.4895976,5.2192507,0.5646591,-3.9696243
1766255417.4967473,5.218359,0.56608886,-3.9702601
1766255417.5104244,5.216615,0.56900233,-3.971499
1766255417.5178988,5.215762,0.5704862,-3.9721026
1766255417.530841,5.214921,0.5719884,-3.9726822
1766255417.5370967,5.21409,0.5735092,-3.9732518
1766255417.550564,5.21246,0.5766065,-3.9743614
1766255417.5584602,5.2116675,0.57817966,-3.9749017
1766255417.5710418,5.2108846,0.57977015,-3.9754326
1766255417.5774486,5.210112,0.58137727,-3.9759407
1766255417.591904,5.208596,0.58463967,-3.9769301
1766255417.598717,5.207852,0.58629465,-3.9774113
1766255417.6112053,5.2064557,0.58800876,-3.97754
1766255417.6178122,5.205083,0.58973855,-3.9776685
1766255417.631576,5.202405,0.59324956,-3.9779005
1766255417.639294,5.201099,0.5950312,-3.9780152
1766255417.6515017,5.1998143,0.5968295,-3.9781282
1766255417.658476,5.19855,0.59864455,-3.9782398
1766255417.672136,5.1960816,0.60232246,-3.9784577
1766255417.6802258,5.194876,0.6041835,-3.9785523
1766255417.6925325,5.193689,0.6060585,-3.9786456
1766255417.6989107,5.19252,0.6079472,-3.978737
1766255417.712036,5.190242,0.61176866,-3.9789145
1766255417.7201467,5.1891294,0.61370057,-3.9789999
1766255417.7322125,5.1880345,0.61564696,-3.9790714
1766255417.7397544,5.1871476,0.6175426,-3.9788768
1766255417.752903,5.1862736,0.6194536,-3.9786859
1766255417.7593563,5.1854115,0.6213795,-3.9784985
1766255417.7737126,5.183723,0.6252717,-3.978135
1766255417.7805963,5.1828966,0.6272315,-3.9779494
1766255417.7938235,5.181279,0.631187,-3.9775894
1766255417.801532,5.180489,0.63318324,-3.9774146
1766255417.8125913,5.1797104,0.6351922,-3.9772432
1766255417.8208218,5.178943,0.63721454,-3.9770749
1766255417.83399,5.177444,0.6413003,-3.976727
1766255417.8418338,5.1767116,0.6433642,-3.9765577
1766255417.8544528,5.1759934,0.6454427,-3.9763916
1766255417.8607538,5.175287,0.6475342,-3.9762287
1766255417.8737667,5.1741977,0.6519826,-3.9762552
1766255417.8825033,5.173667,0.6542193,-3.9762583
1766255417.8940487,5.173146,0.6564643,-3.9762626
1766255417.901198,5.1726336,0.65871793,-3.9762678
1766255417.9150915,5.171603,0.6632514,-3.9762821
1766255417.9226751,5.1710844,0.66553247,-3.9762907
1766255417.9351594,5.1705747,0.66782457,-3.9762893
1766255417.9417062,5.1700735,0.67012787,-3.9762888
1766255417.9551308,5.1690974,0.67476743,-3.9762917
1766255417.9641893,5.168623,0.6771019,-3.9762957
1766255417.9752421,5.168157,0.67944485,-3.9763017
1766255417.9825535,5.1677,0.6817956,-3.9762986
1766255417.9968305,5.1674933,0.6870223,-3.9755027
1766255418.0042825,5.167389,0.6896428,-3.975124
1766255418.017012,5.167284,0.69226897,-3.974757
1766255418.0227454,5.167179,0.69490147,-3.9744017
1766255418.0358973,5.1669683,0.7001879,-3.9737053
1766255418.0444129,5.1668625,0.7028426,-3.9733732
1766255418.0568678,5.16678,0.7055015,-3.9730513
1766255418.0637503,5.166697,0.70816773,-3.9727397
1766255418.0774612,5.166532,0.7135176,-3.9721487
1766255418.084566,5.16645,0.7161997,-3.97186
1766255418.0981066,5.166368,0.71888626,-3.971582
1766255418.1036181,5.1662865,0.72157764,-3.971314
1766255418.1168234,5.1662054,0.7242743,-3.9710557
1766255418.1239557,5.166614,0.72715753,-3.970616
1766255418.1380684,5.1674056,0.7329357,-3.9697673
1766255418.1444318,5.167787,0.7358314,-3.9693575
1766255418.1577432,5.168159,0.7387315,-3.9689593
1766255418.164455,5.1685214,0.7416356,-3.9685733
1766255418.1795452,5.16922,0.74745154,-3.967837
1766255418.1844242,5.1695566,0.75036204,-3.9674788
1766255418.1976452,5.169885,0.753274,-3.9671323
1766255418.2052398,5.170233,0.7561915,-3.9667978
1766255418.21825,5.1709046,0.7620347,-3.9661627
1766255418.2252734,5.17123,0.76496166,-3.9658618
1766255418.2388577,5.1718574,0.77082825,-3.9652774
1766255418.2466087,5.1713176,0.77394164,-3.9652565
1766255418.2585695,5.1707907,0.77705723,-3.9652386
1766255418.26547,5.1702757,0.7801743,-3.9652243
1766255418.2785125,5.1692777,0.7864038,-3.9652085
1766255418.286756,5.1687946,0.7895169,-3.9651978
1766255418.2996635,5.168321,0.7926288,-3.9651918
1766255418.306362,5.1678567,0.79573977,-3.9651904
1766255418.3189566,5.1669526,0.8019608,-3.965201
1766255418.327041,5.166512,0.805072,-3.9652128
1766255418.33997,5.166071,0.8081787,-3.9652195
1766255418.3459518,5.165637,0.8112868,-3.9652305
1766255418.359431,5.1647906,0.81750727,-3.9652653
1766255418.3671587,5.164431,0.8206205,-3.9661262
1766255418.3794234,5.1640763,0.8237343,-3.966971
1766255418.3864462,5.1637254,0.82684815,-3.9677854
1766255418.3995328,5.163035,0.83307546,-3.9693701
1766255418.4072664,5.1626954,0.8361894,-3.9701407
1766255418.4201932,5.1623597,0.8393057,-3.9708967
1766255418.426508,5.1620274,0.8424231,-3.9716387
1766255418.4398627,5.161373,0.84866273,-3.9730532
1766255418.4487088,5.1610513,0.8517855,-3.97374
1766255418.4597447,5.160733,0.85490984,-3.9744139
1766255418.4671822,5.1604195,0.8580349,-3.9750748
1766255418.4805267,5.159804,0.8642844,-3.9763591
1766255418.4885116,5.1595016,0.86740816,-3.9769685
1766255418.5003815,5.159412,0.87079525,-3.9777644
1766255418.5072532,5.159321,0.87417716,-3.9785428
1766255418.5204787,5.159229,0.87755436,-3.979304
1766255418.5275903,5.1591353,0.8809274,-3.9800482
1766255418.5408738,5.158946,0.8876629,-3.9814696
1766255418.5478826,5.1588497,0.89102614,-3.9821475
1766255418.562086,5.1586556,0.8977428,-3.9834533
1766255418.5692437,5.1585565,0.9010913,-3.984082
1766255418.582542,5.1584573,0.90443516,-3.9846945
1766255418.5886753,5.158358,0.90777457,-3.9852762
1766255418.602038,5.1581593,0.9144403,-3.986393
1766255418.6098688,5.1580596,0.91776735,-3.9869282
1766255418.6219583,5.158396,0.9207045,-3.9862475
1766255418.6291506,5.158721,0.9236475,-3.985582
1766255418.6426303,5.15904,0.92660004,-3.9849231
1766255418.6492565,5.159348,0.9295585,-3.9842775
1766255418.6624608,5.1599345,0.9354927,-3.9830248
1766255418.6695287,5.1602135,0.93846625,-3.9824173
1766255418.6830776,5.1607447,0.94442046,-3.9812398
1766255418.6903343,5.1609974,0.94740003,-3.9806607
1766255418.702737,5.161242,0.95038146,-3.9800935
1766255418.7102306,5.1614747,0.95336366,-3.9795375
1766255418.7236316,5.1619167,0.959337,-3.9784586
1766255418.7313094,5.162126,0.96232903,-3.977935
1766255418.743514,5.162328,0.96532494,-3.9774137
1766255418.750735,5.1619825,0.96842366,-3.9765089
1766255418.7641454,5.1613097,0.97462064,-3.97476
1766255418.7718546,5.1609817,0.9777146,-3.9739165
1766255418.7835968,5.1606593,0.9808059,-3.973093
1766255418.7908113,5.1603417,0.9838947,-3.972284
1766255418.8047283,5.159719,0.9900682,-3.970726
1766255418.812179,5.159413,0.9931548,-3.9699762
1766255418.8249998,5.15911,0.9962426,-3.9692457
1766255418.8319197,5.1588106,0.99933213,-3.9685345
1766255418.8456554,5.158222,1.0055218,-3.9671576
1766255418.853839,5.1579337,1.008622,-3.966497
1766255418.865188,5.157648,1.0117239,-3.965855
1766255418.8732445,5.157365,1.0148259,-3.9652321
1766255418.8869522,5.157962,1.020866,-3.9633818
1766255418.8933856,5.158242,1.0238891,-3.9624958
1766255418.9059975,5.1585107,1.0269147,-3.961638
1766255418.9130137,5.1587677,1.0299437,-3.9608076
1766255418.9263244,5.159283,1.0360168,-3.959228
1766255418.9342675,5.159525,1.0390611,-3.958478
1766255418.946443,5.1597567,1.0421109,-3.9577503
1766255418.9548094,5.159979,1.0451666,-3.9570484
1766255418.9685585,5.160398,1.0512928,-3.9557207
1766255418.9764495,5.1605954,1.0543606,-3.9550953
1766255418.9885182,5.1607847,1.0574306,-3.9544954
1766255418.995047,5.160979,1.0605097,-3.9539168
1766255419.008438,5.1602283,1.0665702,-3.95245
1766255419.0175254,5.1598587,1.0696075,-3.9517612
1766255419.0277286,5.1594934,1.0726502,-3.9511018
1766255419.035468,5.1591315,1.0756987,-3.950471
1766255419.049211,5.158773,1.0787534,-3.9498656
1766255419.055315,5.1584167,1.0818142,-3.9492877
1766255419.0685606,5.157733,1.0879619,-3.9482126
1766255419.075414,5.1573935,1.0910412,-3.9477153
1766255419.0890627,5.157055,1.0941234,-3.9472444
1766255419.0958667,5.156718,1.0972083,-3.9467993
1766255419.1087794,5.156047,1.1033878,-3.9459803
1766255419.1157396,5.155713,1.1064836,-3.945607
1766255419.1301575,5.1553802,1.1095841,-3.9452572
1766255419.1361387,5.154731,1.1128643,-3.9455254
1766255419.1496696,5.1534543,1.1194409,-3.9460757
1766255419.156017,5.152827,1.122737,-3.946358
1766255419.1701255,5.1515923,1.1293408,-3.9469433
1766255419.17864,5.150985,1.1326473,-3.947246
1766255419.189792,5.150384,1.1359565,-3.9475555
1766255419.197619,5.149777,1.1392654,-3.9478657
1766255419.2102964,5.1485825,1.1458938,-3.9485042
1766255419.218022,5.1479955,1.1492141,-3.9488316
1766255419.2303064,5.147415,1.1525394,-3.949164
1766255419.2367835,5.1468415,1.1558696,-3.9495006
1766255419.249856,5.1457133,1.1625464,-3.9501743
1766255419.2589664,5.144795,1.1659206,-3.9505785
1766255419.270413,5.143897,1.1693001,-3.9509847
1766255419.2780747,5.1430135,1.1726805,-3.9513934
1766255419.2915154,5.1412864,1.1794425,-3.9522166
1766255419.2988446,5.140443,1.1828235,-3.9526243
1766255419.3115592,5.1396127,1.1862048,-3.9530334
1766255419.3174243,5.138795,1.1895863,-3.9534433
1766255419.330613,5.137196,1.1963514,-3.9542637
1766255419.3394742,5.136418,1.199724,-3.9546735
1766255419.351418,5.1356516,1.2030979,-3.9550757
1766255419.3580458,5.134897,1.2064737,-3.955477
1766255419.3715084,5.133423,1.2132282,-3.9562757
1766255419.3795233,5.132459,1.2164311,-3.9553208
1766255419.391837,5.131513,1.2196374,-3.954398
1766255419.398416,5.1305847,1.2228469,-3.9535081
1766255419.4113994,5.128783,1.2292801,-3.9518166
1766255419.4198492,5.1279087,1.2325044,-3.9510124
1766255419.432219,5.12705,1.2357323,-3.950235
1766255419.4388354,5.126207,1.2389644,-3.9494832
1766255419.4520073,5.12538,1.242201,-3.9487581
1766255419.4587634,5.1245685,1.2454414,-3.9480572
1766255419.473074,5.12299,1.2519292,-3.9467275
1766255419.4792502,5.1222234,1.2551751,-3.9460979
1766255419.4922316,5.1214714,1.2584221,-3.945491
1766255419.499826,5.1207485,1.2616684,-3.9449067
1766255419.5128489,5.119194,1.2679282,-3.9443705
1766255419.5195327,5.1183653,1.2709483,-3.944402
1766255419.5329013,5.1167564,1.2770184,-3.9444861
1766255419.5403707,5.115976,1.2800684,-3.944539
1766255419.5534365,5.1152105,1.2831284,-3.9445977
1766255419.5598004,5.1144605,1.2861974,-3.944664
1766255419.5727236,5.113005,1.2923642,-3.9448214
1766255419.5816731,5.1123,1.295456,-3.9449127
1766255419.5931299,5.111608,1.2985533,-3.9450126
1766255419.6004703,5.1109295,1.3016564,-3.945119
1766255419.6139023,5.109613,1.3078817,-3.945356
1766255419.6213546,5.1089745,1.3110055,-3.945486
1766255419.6341412,5.1077747,1.3145491,-3.9453616
1766255419.6406813,5.1065907,1.3180972,-3.9452507
1766255419.6533885,5.1042976,1.325194,-3.9450672
1766255419.6625166,5.1031866,1.3287411,-3.9449942
1766255419.6745322,5.102099,1.3322865,-3.944934
1766255419.6812224,5.101033,1.3358299,-3.9448857
1766255419.695312,5.098967,1.3429121,-3.9448242
1766255419.7019815,5.0979657,1.346452,-3.9448106
1766255419.714866,5.096991,1.3499967,-3.9448075
1766255419.7214348,5.096036,1.3535424,-3.9448147
1766255419.734739,5.0941825,1.3606398,-3.944858
1766255419.7429953,5.093283,1.3641924,-3.9448936
1766255419.7546253,5.0924025,1.3677478,-3.9449375
1766255419.761836,5.0914373,1.3710996,-3.9444332
1766255419.7753851,5.090493,1.3744578,-3.943952
1766255419.7817566,5.089574,1.3778294,-3.9434934
1766255419.7946796,5.0877957,1.3845857,-3.9426415
1766255419.8018925,5.086936,1.3879703,-3.9422512
1766255419.8152177,5.0852737,1.3947532,-3.9415305
1766255419.8233914,5.0844703,1.3981526,-3.941199
1766255419.835315,5.083686,1.4015576,-3.9408863
1766255419.8426325,5.0829196,1.4049685,-3.9405913
1766255419.8557744,5.081444,1.4118099,-3.9400601
1766255419.8641877,5.080731,1.4152372,-3.9398208
1766255419.8759797,5.080035,1.4186672,-3.9395986
1766255419.8833568,5.079356,1.4220992,-3.9393935
1766255419.8960474,5.078958,1.4288892,-3.939093
1766255419.904794,5.0787683,1.4322906,-3.9389684
1766255419.9160173,5.0785847,1.4356968,-3.9388583
1766255419.9240627,5.0784216,1.4390923,-3.9387622
1766255419.93661,5.0781136,1.4459015,-3.9386113
1766255419.944426,5.0779686,1.4493161,-3.9385555
1766255419.95645,5.07783,1.4527376,-3.9385157
1766255419.9637735,5.0776978,1.4561652,-3.9384882
1766255419.9772031,5.077453,1.4630339,-3.9384716
1766255419.985113,5.07734,1.4664732,-3.9384823
1766255419.9972343,5.0772395,1.4699113,-3.9385052
1766255420.0045898,5.077145,1.4733526,-3.938543
1766255420.0187497,5.077293,1.4765191,-3.9387662
1766255420.0244176,5.077441,1.479695,-3.938996
1766255420.0379443,5.07774,1.4860758,-3.9394753
1766255420.045032,5.077891,1.489281,-3.9397242
1766255420.0582972,5.0780425,1.4924964,-3.9399815
1766255420.0656514,5.0781665,1.4957185,-3.940245
1766255420.0793843,5.078417,1.5021855,-3.9407902
1766255420.086059,5.0785437,1.5054283,-3.941072
1766255420.0999472,5.078801,1.5119321,-3.9416525
1766255420.1077824,5.0789313,1.5151935,-3.9419537
1766255420.1201284,5.079062,1.5184616,-3.9422593
1766255420.1271656,5.0791936,1.5217371,-3.9425693
1766255420.1404216,5.0793233,1.5250174,-3.9428833
1766255420.1470828,5.079998,1.5280863,-3.942915
1766255420.160404,5.08131,1.5342618,-3.943016
1766255420.1671262,5.0819473,1.5373663,-3.943085
1766255420.181385,5.0831876,1.5436041,-3.9432545
1766255420.1888273,5.083791,1.5467367,-3.9433544
1766255420.2007117,5.0843925,1.5498785,-3.9434633
1766255420.2074234,5.084984,1.5530297,-3.943585
1766255420.2204742,5.086135,1.5593626,-3.9438524
1766255420.229588,5.086695,1.5625451,-3.9439979
1766255420.2403855,5.087246,1.5657386,-3.9441504
1766255420.248184,5.087787,1.5689433,-3.9443097
1766255420.260756,5.0888395,1.5753833,-3.9446561
1766255420.2688081,5.089473,1.5785613,-3.9447927
1766255420.2828903,5.090086,1.5817509,-3.944938
1766255420.287979,5.0906873,1.5849484,-3.9450915
1766255420.3011112,5.091856,1.5913687,-3.9454215
1766255420.3105052,5.0924234,1.5945922,-3.9456007
1766255420.3215053,5.0929804,1.5978256,-3.9457865
1766255420.3285027,5.093527,1.6010692,-3.9459784
1766255420.3427064,5.094588,1.6075885,-3.9463797
1766255420.349961,5.0951033,1.6108643,-3.9465883
1766255420.361016,5.095604,1.61414,-3.9468064
1766255420.3688364,5.096095,1.6174247,-3.9470296
1766255420.38249,5.097048,1.6240165,-3.9474916
1766255420.3906,5.0973983,1.6273683,-3.9487991
1766255420.4023538,5.097742,1.6307261,-3.9500835
1766255420.409675,5.098079,1.6340902,-3.9513428
1766255420.4229777,5.098732,1.6408395,-3.953796
1766255420.4311304,5.0990458,1.644224,-3.9549904
1766255420.443892,5.099354,1.6476167,-3.956164
1766255420.4498656,5.0996547,1.6510181,-3.9573164
1766255420.4629543,5.1002364,1.6578438,-3.9595559
1766255420.4711335,5.100517,1.6612663,-3.9606464
1766255420.482747,5.10079,1.6646944,-3.9617176
1766255420.490298,5.101057,1.6681277,-3.96277
1766255420.5041914,5.1015577,1.6749882,-3.9648187
1766255420.5112784,5.101798,1.6784272,-3.965813
1766255420.5236423,5.101533,1.6818132,-3.9671257
1766255420.53066,5.101275,1.6852081,-3.968412
1766255420.5435922,5.1007786,1.6920259,-3.9709046
1766255420.552185,5.1005397,1.6954492,-3.9721117
1766255420.5649128,5.1003065,1.6988817,-3.9732883
1766255420.5721347,5.1000905,1.7023252,-3.9744391
1766255420.5854158,5.0996733,1.7092329,-3.976667
1766255420.5931263,5.099471,1.7126963,-3.977744
1766255420.6079016,5.099273,1.7161659,-3.978797
1766255420.6125472,5.099079,1.7196419,-3.9798212
1766255420.6249511,5.0987034,1.7266146,-3.9817977
1766255420.633776,5.0985208,1.730112,-3.9827502
1766255420.6456537,5.0983095,1.733379,-3.9838436
1766255420.6522648,5.0981045,1.7366586,-3.9849083
1766255420.6657772,5.097712,1.7432524,-3.9869418
1766255420.6739974,5.097523,1.7465641,-3.987918
1766255420.6862316,5.0973396,1.7498848,-3.988867
1766255420.6924005,5.0971613,1.7532142,-3.98979
1766255420.7055058,5.096989,1.7565522,-3.9906867
1766255420.7127082,5.0968084,1.7598997,-3.9915574
1766255420.726234,5.0964627,1.7666228,-3.9932115
1766255420.733379,5.0962973,1.7699991,-3.9940004
1766255420.7462962,5.096137,1.7733859,-3.994764
1766255420.7530627,5.095981,1.7767829,-3.9955027
1766255420.7673826,5.0956826,1.7836043,-3.9969018
1766255420.7733743,5.095663,1.7868371,-3.996583
1766255420.786392,5.0955815,1.7933474,-3.9959557
1766255420.7947564,5.095541,1.79662,-3.9956458
1766255420.807136,5.0955005,1.7999046,-3.995338
1766255420.8140204,5.0954604,1.8032019,-3.9950316
1766255420.827304,5.095381,1.8098364,-3.994423
1766255420.8350387,5.0953407,1.8131741,-3.9941201
1766255420.8485086,5.0953007,1.8165257,-3.993818
1766255420.8539438,5.0952716,1.8198982,-3.9935167
1766255420.8673477,5.0952144,1.8266755,-3.992919
1766255420.8756826,5.0951858,1.8300782,-3.9926236
1766255420.8873975,5.095157,1.8334898,-3.9923308
1766255420.8944001,5.095128,1.8369106,-3.9920404
1766255420.9072008,5.0945234,1.8435544,-3.9911606
1766255420.9157617,5.094229,1.8468971,-3.9907324
1766255420.9284701,5.0939403,1.8502544,-3.990311
1766255420.9346461,5.093675,1.8536307,-3.989895
1766255420.9476209,5.0931582,1.8604267,-3.9890835
1766255420.9563618,5.0929055,1.863845,-3.9886878
1766255420.96817,5.0926566,1.8672746,-3.9883015
1766255420.9755588,5.092412,1.8707143,-3.9879234
1766255420.9891946,5.0919333,1.877621,-3.987192
1766255420.99695,5.0916986,1.8810885,-3.9868386
1766255421.0092387,5.091463,1.884569,-3.9864936
1766255421.0161374,5.0912304,1.8880605,-3.986158
1766255421.0290837,5.0906386,1.8962034,-3.9858532
1766255421.0376542,5.090349,1.9002743,-3.9857056
1766255421.0493352,5.090064,1.9043454,-3.9855614
1766255421.0565674,5.0897827,1.908417,-3.9854205
1766255421.0703988,5.0892324,1.9165592,-3.9851508
1766255421.0773456,5.088968,1.9206314,-3.9850228
1766255421.0904264,5.088707,1.924701,-3.9848995
1766255421.096813,5.08845,1.928768,-3.9847813
1766255421.1097925,5.0881968,1.9328334,-3.9846678
1766255421.1172423,5.0879474,1.9368979,-3.984559
1766255421.1301448,5.08746,1.9450268,-3.9843562
1766255421.1378515,5.0872216,1.9490926,-3.9842613
1766255421.1514277,5.086469,1.9572157,-3.9840472
1766255421.1586027,5.0859613,1.9612732,-3.9839294
1766255421.1715348,5.085464,1.965331,-3.9838178
1766255421.1785653,5.0849767,1.9693881,-3.9837122
1766255421.1916423,5.0840306,1.9774989,-3.9835193
1766255421.199421,5.0835724,1.9815526,-3.9834316
1766255421.2116046,5.083123,1.9856058,-3.9833493
1766255421.21878,5.0826826,1.9896591,-3.9832728
1766255421.2330256,5.081816,1.9977652,-3.9831345
1766255421.2401311,5.0813956,2.0018203,-3.9830723
1766255421.2530646,5.0809827,2.0058773,-3.9830143
1766255421.2591987,5.0805774,2.0099351,-3.982961
1766255421.2726433,5.079789,2.0180488,-3.9828691
1766255421.280613,5.0794845,2.0220037,-3.982113
1766255421.29253,5.079185,2.0259573,-3.9813802
1766255421.2995377,5.078886,2.0299149,-3.9806705
1766255421.3140094,5.078304,2.0378282,-3.9793162
1766255421.3211353,5.0780196,2.0417855,-3.9786751
1766255421.3330584,5.0777397,2.0457435,-3.978054
1766255421.3399613,5.077464,2.0497026,-3.9774523
1766255421.353151,5.0771923,2.0536635,-3.9768693
1766255421.3603048,5.076925,2.057625,-3.976305
1766255421.373643,5.0764046,2.065544,-3.975236
1766255421.3807025,5.0761514,2.0695007,-3.9747312
1766255421.393428,5.075658,2.0774086,-3.9737747
1766255421.4016669,5.0757813,2.0821729,-3.9734278
1766255421.414173,5.075902,2.086921,-3.9730952
1766255421.4203913,5.07602,2.0916536,-3.9727798
1766255421.4342356,5.0762577,2.1010761,-3.9721887
1766255421.4421034,5.076378,2.1057682,-3.9719121
1766255421.4537358,5.076496,2.110449,-3.9716482
1766255421.46078,5.0766125,2.1151183,-3.971397
1766255421.4743538,5.0768404,2.12442,-3.9709399
1766255421.481948,5.076952,2.1290517,-3.9707303
1766255421.4942772,5.0770617,2.1336708,-3.970533
1766255421.501155,5.0771694,2.1382778,-3.9703476
1766255421.5142703,5.0773983,2.1474757,-3.9700103
1766255421.522905,5.0775104,2.1520596,-3.969861
1766255421.5349314,5.0777316,2.15647,-3.9699051
1766255421.5420492,5.0779486,2.160877,-3.969955
1766255421.5556543,5.078371,2.16968,-3.970072
1766255421.563019,5.0785766,2.1740744,-3.9701395
1766255421.5753982,5.078778,2.1784627,-3.9702146
1766255421.5818586,5.078972,2.1828475,-3.9702964
1766255421.595497,5.079347,2.191597,-3.9704769
1766255421.6035,5.079529,2.1959624,-3.970575
1766255421.6154363,5.0797067,2.2003222,-3.970678
1766255421.6228414,5.0798807,2.2046769,-3.9707882
1766255421.6365871,5.080215,2.2133725,-3.9710212
1766255421.643834,5.080376,2.2177138,-3.9711432
1766255421.6563566,5.0807014,2.2215695,-3.9711375
1766255421.6629665,5.0810184,2.2254314,-3.9711392
1766255421.6763418,5.0816283,2.2331676,-3.9711704
1766255421.6845796,5.081921,2.2370398,-3.9711971
1766255421.696252,5.082207,2.2409139,-3.9712305
1766255421.7036085,5.0824857,2.2447898,-3.9712706
1766255421.7175348,5.083023,2.2525477,-3.971368
1766255421.7247868,5.0832806,2.256428,-3.9714284
1766255421.7371964,5.0835314,2.2603111,-3.9714935
1766255421.7437208,5.083776,2.264197,-3.971563
1766255421.7570822,5.0842466,2.2719772,-3.971715
1766255421.7652771,5.0844736,2.2758696,-3.971797
1766255421.7769635,5.0846944,2.2797623,-3.971887
1766255421.7841148,5.0843396,2.283097,-3.9714906
1766255421.797922,5.0836987,2.289835,-3.970745
1766255421.805308,5.0833883,2.2932198,-3.9703953
1766255421.8181503,5.083084,2.2966156,-3.9700603
1766255421.8245733,5.0827856,2.3000226,-3.9697459
1766255421.8376994,5.0822034,2.3068717,-3.9691563
1766255421.846785,5.081919,2.3103137,-3.9688802
1766255421.8586984,5.0816393,2.3137672,-3.968616
1766255421.8650565,5.081364,2.3172295,-3.9683638
1766255421.8780591,5.080825,2.32418,-3.9679074
1766255421.8862817,5.080561,2.3276656,-3.967697
1766255421.899008,5.080301,2.331158,-3.9674978
1766255421.905102,5.080044,2.334657,-3.9673102
1766255421.9189465,5.079528,2.3410616,-3.9662545
1766255421.9275532,5.079274,2.3442888,-3.965763
1766255421.9392006,5.0790415,2.3475256,-3.9652894
1766255421.9461727,5.078811,2.3507795,-3.9648335
1766255421.9594111,5.0783577,2.3573382,-3.963973
1766255421.9674292,5.078134,2.3606403,-3.9635684
1766255421.9805448,5.077913,2.3639555,-3.963189
1766255421.9865117,5.077694,2.3672833,-3.9628263
1766255422.0000935,5.0772624,2.3739755,-3.9621494
1766255422.0081496,5.077047,2.377349,-3.961835
1766255422.0204005,5.0768332,2.3807359,-3.9615357
1766255422.027023,5.076622,2.3841364,-3.9612586
1766255422.0404816,5.0761585,2.3917716,-3.959884
1766255422.0487413,5.07593,2.3955982,-3.9592328
1766255422.0624692,5.0757036,2.3994303,-3.9586055
1766255422.0677676,5.0754795,2.4032674,-3.9580019
1766255422.0809445,5.0750833,2.4109838,-3.9568832
1766255422.0886848,5.0748873,2.4148474,-3.9563575
1766255422.1020103,5.0746927,2.4187148,-3.9558537
1766255422.108777,5.0744996,2.422587,-3.9553714
1766255422.121406,5.074117,2.4303482,-3.9544687
1766255422.129507,5.073929,2.4342384,-3.9540577
1766255422.1426694,5.0737414,2.4381354,-3.953666
1766255422.148822,5.073553,2.4420388,-3.9532933
1766255422.1620982,5.074024,2.450145,-3.9529176
1766255422.1707613,5.0746655,2.45434,-3.9529066
1766255422.1819966,5.0752907,2.4585333,-3.9529142
1766255422.189065,5.075899,2.462725,-3.9529324
1766255422.2028217,5.077071,2.471105,-3.9529984
1766255422.2104173,5.0776362,2.4752953,-3.953046
1766255422.222973,5.0781865,2.4794862,-3.9531035
1766255422.2290733,5.0787234,2.4836786,-3.953178
1766255422.2423081,5.07976,2.4920695,-3.9533525
1766255422.2513933,5.0802608,2.4962678,-3.9534523
1766255422.263161,5.0807495,2.5004678,-3.95356
1766255422.270326,5.081228,2.504668,-3.9536762
1766255422.28377,5.0821505,2.513065,-3.9539504
1766255422.291052,5.0823617,2.5170913,-3.9546776
1766255422.3036556,5.0825663,2.5211196,-3.9553974
1766255422.3106601,5.0827656,2.5251505,-3.95611
1766255422.323528,5.0829587,2.529184,-3.9568152
1766255422.331038,5.0831456,2.5332205,-3.9575136
1766255422.34388,5.0835023,2.5413032,-3.9588976
1766255422.3515487,5.0836716,2.5453496,-3.9595783
1766255422.365032,5.083834,2.5493991,-3.9602513
1766255422.3710327,5.0839863,2.5534475,-3.9609175
1766255422.3842926,5.084271,2.5615456,-3.9622333
1766255422.3911104,5.0844026,2.5655944,-3.962883
1766255422.4045246,5.084647,2.5736907,-3.964161
1766255422.4125175,5.0844293,2.5770328,-3.964932
1766255422.4247704,5.0842123,2.5803912,-3.965693
1766255422.4321632,5.0839953,2.5837653,-3.966447
1766255422.4461966,5.083586,2.5905633,-3.9679224
1766255422.4528275,5.083381,2.593985,-3.9686441
1766255422.4655359,5.083176,2.5974214,-3.969355
1766255422.471872,5.0829706,2.6008704,-3.9700558
1766255422.4852545,5.082558,2.607802,-3.9714339
1766255422.4931042,5.082352,2.611283,-3.9721074
1766255422.5053766,5.0821457,2.6147735,-3.9727705
1766255422.512622,5.081916,2.618268,-3.9734237
1766255422.5269346,5.081457,2.625286,-3.9746974
1766255422.5332675,5.081228,2.62881,-3.9753208
1766255422.5460703,5.080575,2.6320343,-3.975541
1766255422.5540566,5.0799313,2.6352758,-3.9757597
1766255422.5663865,5.0792966,2.638534,-3.9759765
1766255422.5734434,5.078671,2.6418078,-3.9761915
1766255422.5861049,5.0774336,2.6484025,-3.9766216
1766255422.5938249,5.0768213,2.6517224,-3.976836
1766255422.6067574,5.0756197,2.6584024,-3.9772558
1766255422.6146913,5.0750303,2.6617627,-3.9774609
1766255422.6270869,5.0744476,2.6651368,-3.9776623
1766255422.6333997,5.073872,2.6685252,-3.977866
1766255422.6469169,5.072745,2.6753404,-3.9782603
1766255422.6550002,5.0721936,2.6787667,-3.978451
1766255422.6667833,5.072587,2.682322,-3.9783535
1766255422.674706,5.072966,2.6858861,-3.97826
1766255422.6869063,5.0736837,2.6930387,-3.9780993
1766255422.696338,5.0740237,2.6966274,-3.9780245
1766255422.707642,5.074352,2.7002254,-3.9779525
1766255422.7158911,5.074669,2.7038326,-3.9778836
1766255422.7284896,5.0752525,2.7110891,-3.9777539
1766255422.7365313,5.0755305,2.7147334,-3.9776995
1766255422.7481277,5.0758,2.7183888,-3.9776468
1766255422.7548316,5.076061,2.722055,-3.9775958
1766255422.7687063,5.0765595,2.7294157,-3.9775002
1766255422.7762103,5.0767975,2.7331073,-3.9774563
1766255422.7888954,5.0770464,2.7368112,-3.9774218
1766255422.795048,5.0773168,2.740554,-3.977637
1766255422.8082335,5.077834,2.748057,-3.9780574
1766255422.8168306,5.078081,2.7518182,-3.9782627
1766255422.8283317,5.0783205,2.7555869,-3.9784646
1766255422.8362522,5.0785527,2.7593632,-3.9786687
1766255422.8493707,5.0789933,2.7669399,-3.979067
1766255422.8569243,5.0791907,2.7707298,-3.979262
1766255422.8717735,5.079381,2.7745256,-3.9794548
1766255422.8799336,5.0795646,2.7783256,-3.9796457
1766255422.8958955,5.079911,2.785936,-3.9800334
1766255422.9074154,5.080074,2.789747,-3.9802241
1766255422.922145,5.0802298,2.7935624,-3.9804134
1766255422.9280198,5.0803785,2.7973826,-3.9806006
1766255422.9434974,5.080969,2.8048117,-3.978882
1766255422.952268,5.0812407,2.8085442,-3.9780712
1766255422.964334,5.081502,2.8122842,-3.9772837
1766255422.970592,5.081753,2.8160307,-3.9765196
1766255422.9845293,5.082224,2.8235397,-3.9750602
1766255422.9920926,5.082444,2.8273017,-3.9743636
1766255423.0052345,5.0826545,2.8310685,-3.9736993
1766255423.0112097,5.0828557,2.8348405,-3.9730556
1766255423.0245461,5.08325,2.8424044,-3.9718277
1766255423.03243,5.083434,2.8461962,-3.9712427
1766255423.0452094,5.0836096,2.849995,-3.9706762
1766255423.0512133,5.083777,2.853801,-3.9701388
1766255423.064897,5.084557,2.8580592,-3.9694848
1766255423.0715027,5.085314,2.8623123,-3.9688516
1766255423.0851176,5.0867534,2.8708081,-3.9676483
1766255423.091697,5.0874376,2.8750508,-3.9670773
1766255423.1054056,5.0887437,2.8835227,-3.9660168
1766255423.1130881,5.089367,2.8877537,-3.9655151
1766255423.1250644,5.089971,2.8919826,-3.9650319
1766255423.13219,5.0905566,2.8962102,-3.964567
1766255423.1451418,5.091673,2.904663,-3.9636903
1766255423.1540105,5.0922046,2.9088886,-3.9632897
1766255423.165384,5.092714,2.913104,-3.9629066
1766255423.1732001,5.0932064,2.917317,-3.9625409
1766255423.186342,5.093683,2.9215264,-3.9621923
1766255423.192799,5.0941257,2.925648,-3.9612763
1766255423.2058394,5.094969,2.933881,-3.9595528
1766255423.2126935,5.0953693,2.9379933,-3.9587436
1766255423.2259815,5.096129,2.9462125,-3.9572117
1766255423.2349918,5.0964885,2.95032,-3.9564874
1766255423.2459779,5.096834,2.9544306,-3.95579
1766255423.253142,5.097167,2.9585402,-3.955134
1766255423.26639,5.097793,2.9667537,-3.9538994
1766255423.2747567,5.098088,2.9708552,-3.953321
1766255423.2868621,5.09837,2.9749522,-3.952768
1766255423.293344,5.0986404,2.9790447,-3.9522402
1766255423.3065484,5.0991454,2.9872189,-3.9512863
1766255423.3151822,5.099455,2.991181,-3.9517848
1766255423.3267558,5.099753,2.9951434,-3.9522815
1766255423.3336406,5.10004,2.999107,-3.9527762
1766255423.3469644,5.1003156,3.0030715,-3.9532692
1766255423.353866,5.10058,3.0070374,-3.9537609
1766255423.3676126,5.101077,3.0149713,-3.9547582
1766255423.3739388,5.1013093,3.0189369,-3.955256
1766255423.3869739,5.1017356,3.026824,-3.9562514
1766255423.396154,5.1019344,3.0307655,-3.9567482
1766255423.40762,5.102124,3.0347059,-3.957254
1766255423.4150326,5.102305,3.0386457,-3.957759
1766255423.4285998,5.1026397,3.0465243,-3.958765
1766255423.4368849,5.102998,3.0500708,-3.958888
1766255423.4489372,5.103343,3.0536263,-3.9590192
1766255423.4553587,5.1036844,3.057181,-3.9591677
1766255423.4684572,5.104329,3.064314,-3.9594855
1766255423.476472,5.1046333,3.0678902,-3.9596546
1766255423.4888315,5.104925,3.0714717,-3.95983
1766255423.4951544,5.1052065,3.075058,-3.9600112
1766255423.5084634,5.105735,3.0822444,-3.9604132
1766255423.5164316,5.105983,3.0858443,-3.9606209
1766255423.529013,5.1061645,3.089438,-3.9608343
1766255423.5355914,5.1063366,3.0930362,-3.9610512
1766255423.54877,5.106651,3.1002476,-3.9614935
1766255423.557093,5.106794,3.1038606,-3.9617298
1766255423.5690455,5.1070414,3.1070645,-3.9623866
1766255423.5762486,5.107278,3.1102805,-3.9630342
1766255423.5893178,5.107504,3.113508,-3.9636726
1766255423.596009,5.1077356,3.116739,-3.9643016
1766255423.6106527,5.1081686,3.1232343,-3.965541
1766255423.6164827,5.1083703,3.126499,-3.9661508
1766255423.6293726,5.108746,3.1330626,-3.9673429
1766255423.6380951,5.10892,3.136362,-3.967925
1766255423.6506364,5.109085,3.1396732,-3.9684978
1766255423.6569893,5.1092415,3.1429958,-3.9690697
1766255423.6701999,5.109527,3.1496756,-3.9701865
1766255423.6784089,5.1096573,3.1530294,-3.9707315
1766255423.6907783,5.11002,3.1559443,-3.9708881
1766255423.6977181,5.1103706,3.1588752,-3.9710455
1766255423.7107923,5.111034,3.1647825,-3.971381
1766255423.7192225,5.1113477,3.1677594,-3.9715478
1766255423.731576,5.11165,3.170752,-3.971714
1766255423.7383902,5.1119246,3.1737554,-3.9718797
1766255423.752026,5.1124396,3.179808,-3.9722068
1766255423.7600374,5.1126814,3.1828563,-3.972379
1766255423.772573,5.112912,3.1859179,-3.9725497
1766255423.7786074,5.1131334,3.1889918,-3.9727192
1766255423.7920783,5.113548,3.1951745,-3.973054
1766255423.8008246,5.1137414,3.1982837,-3.9732192
1766255423.8118038,5.1139154,3.2014022,-3.9733937
1766255423.8193872,5.1148143,3.2045925,-3.9731529
1766255423.832813,5.116537,3.2110088,-3.972695
1766255423.8403265,5.1173615,3.2142355,-3.9724774
1766255423.8525643,5.118163,3.217475,-3.972267
1766255423.8596663,5.1189413,3.2207267,-3.9720755
1766255423.8728979,5.12043,3.2272618,-3.9717138
1766255423.8813276,5.121147,3.2305346,-3.9715438
1766255423.8928108,5.1218433,3.2338169,-3.9713807
1766255423.9002216,5.1225185,3.237109,-3.9712243
1766255423.913519,5.1238093,3.2437239,-3.9709573
1766255423.9208446,5.1244254,3.247048,-3.970833
1766255423.9335945,5.125022,3.2503831,-3.9707148
1766255423.9409392,5.1256003,3.2537303,-3.970602
1766255423.95443,5.125951,3.2600007,-3.9707906
1766255423.962189,5.1261187,3.2631543,-3.9708984
1766255423.9741886,5.1262765,3.2663205,-3.9710083
1766255423.9812913,5.126424,3.2694983,-3.97112
1766255423.994821,5.1266885,3.275888,-3.9713511
1766255424.002612,5.1268053,3.2791002,-3.9714699
1766255424.014934,5.1269116,3.2823243,-3.9716027
1766255424.0216334,5.126992,3.2855527,-3.9717379
1766255424.035125,5.1271224,3.292047,-3.9720135
1766255424.043156,5.1271725,3.2953134,-3.9721537
1766255424.0544682,5.127212,3.298592,-3.9722953
1766255424.0624235,5.127242,3.3018827,-3.9724503
1766255424.075713,5.1268888,3.3046389,-3.9724586
1766255424.0818179,5.126534,3.3074167,-3.9724734
1766255424.0950615,5.1258197,3.313034,-3.9725232
1766255424.1023362,5.1254582,3.31587,-3.9725573
1766255424.1155818,5.124728,3.3216004,-3.9726675
1766255424.123836,5.12436,3.3244948,-3.9727304
1766255424.135456,5.1239896,3.3274086,-3.972798
1766255424.1429539,5.123617,3.3303416,-3.9728706
1766255424.1565967,5.1228666,3.336264,-3.973028
1766255424.164292,5.122488,3.3392513,-3.9731257
1766255424.1763628,5.1221094,3.3422518,-3.9732273
1766255424.182654,5.121729,3.3452675,-3.973333
1766255424.196402,5.121346,3.3482985,-3.9734426
1766255424.203146,5.1207013,3.351418,-3.9740014
1766255424.2164907,5.1194224,3.3577,-3.975108
1766255424.2237988,5.1187887,3.3608632,-3.9756553
1766255424.2369063,5.1181593,3.364041,-3.9761953
1766255424.2433534,5.1175385,3.3672323,-3.9767287
1766255424.2568467,5.1163077,3.3736598,-3.9777734
1766255424.263526,5.1156974,3.3768957,-3.9782941
1766255424.2765458,5.114488,3.3834062,-3.9793153
1766255424.2849202,5.113889,3.3866796,-3.9798157
1766255424.2966988,5.1132936,3.3899648,-3.9803092
1766255424.3041537,5.112702,3.3932617,-3.9807963
1766255424.3177402,5.1115274,3.3998978,-3.981768
1766255424.3252594,5.110955,3.403322,-3.9815774
1766255424.3374872,5.110386,3.4067576,-3.9813967
1766255424.3441887,5.1098204,3.4102046,-3.9812255
1766255424.3572304,5.109258,3.4136631,-3.981063
1766255424.3643327,5.1086993,3.4171326,-3.9809086
1766255424.3780673,5.1075926,3.4241002,-3.9806497
1766255424.3849168,5.107054,3.4276016,-3.9805312
1766255424.398295,5.1059885,3.4346285,-3.9803152
1766255424.4059117,5.105461,3.438154,-3.9802167
1766255424.4182549,5.1049376,3.4416878,-3.9801366
1766255424.424882,5.104418,3.4452305,-3.9800618
1766255424.4377615,5.1033897,3.4523423,-3.9799266
1766255424.4470272,5.1029267,3.4557066,-3.9800253
1766255424.4585764,5.102471,3.4590812,-3.9801245
1766255424.465377,5.102019,3.4624684,-3.9802358
1766255424.4794521,5.1015706,3.4658668,-3.980348
1766255424.485488,5.1011267,3.4692748,-3.9804614
1766255424.4985263,5.100251,3.4761178,-3.980691
1766255424.5056822,5.099819,3.479552,-3.980807
1766255424.5187213,5.0989676,3.4864461,-3.9810643
1766255424.5271049,5.0985475,3.4899058,-3.9811935
1766255424.5389159,5.098131,3.493375,-3.9813228
1766255424.5464447,5.097719,3.496853,-3.981452
1766255424.5594056,5.096907,3.5038357,-3.9817104
1766255424.5675805,5.096507,3.5073378,-3.9818513
1766255424.5809975,5.096158,3.510505,-3.9817362
1766255424.5868895,5.0958123,3.5136847,-3.9816282
1766255424.5999959,5.0951004,3.5200758,-3.9814332
1766255424.6079092,5.09475,3.5232897,-3.981345
1766255424.6204078,5.0944033,3.526516,-3.9812748
1766255424.6274812,5.09406,3.5297549,-3.98121
1766255424.6409214,5.093383,3.5362701,-3.9810953
1766255424.648794,5.0930495,3.5395465,-3.9810448
1766255424.6606014,5.092719,3.5428348,-3.9809985
1766255424.6681502,5.092374,3.5461369,-3.9809701
1766255424.6816618,5.091695,3.55277,-3.9809263
1766255424.6894224,5.091361,3.556099,-3.9809105
1766255424.701476,5.0917287,3.5600731,-3.980871
1766255424.7079732,5.0920835,3.5640414,-3.9808354
1766255424.721329,5.0927563,3.5719628,-3.9808006
1766255424.729659,5.093075,3.5759172,-3.9807882
1766255424.7425249,5.0933847,3.5798604,-3.980779
1766255424.7486606,5.0936837,3.5838008,-3.9807727
1766255424.7617135,5.094251,3.5916743,-3.9807673
1766255424.7711904,5.0945206,3.5956063,-3.980782
1766255424.7829583,5.094781,3.5995343,-3.9807997
1766255424.7894142,5.095032,3.6034582,-3.9808197
1766255424.802392,5.0952744,3.607378,-3.9808426
1766255424.809857,5.0955167,3.611306,-3.9808674
1766255424.823113,5.0959754,3.6191525,-3.9809365
1766255424.8302765,5.0963683,3.6228278,-3.9810908
1766255424.8431275,5.0971212,3.6301894,-3.9813962
1766255424.851239,5.0974817,3.6338763,-3.9815474
1766255424.8632007,5.0978317,3.6375663,-3.9816976
1766255424.8698466,5.098171,3.6412585,-3.981859
1766255424.8835425,5.0988183,3.6486359,-3.9821804
1766255424.8918338,5.099127,3.652325,-3.9823406
1766255424.9045246,5.0994253,3.656014,-3.9825003
1766255424.9104009,5.0997133,3.6597033,-3.9826593
1766255424.923856,5.1002603,3.6670833,-3.982998
1766255424.9335773,5.100519,3.6707745,-3.9831653
1766255424.9447181,5.1007814,3.6744716,-3.9833307
1766255424.9521668,5.101034,3.6781697,-3.9834948
1766255424.9649897,5.100877,3.6822317,-3.983419
1766255424.9731677,5.1007195,3.6862843,-3.9833474
1766255424.985652,5.1004024,3.6943598,-3.9832428
1766255424.9917946,5.1002426,3.6983826,-3.9831963
1766255425.005726,5.0999193,3.7063997,-3.9831138
1766255425.0130231,5.0997524,3.710398,-3.9830775
1766255425.025459,5.0995846,3.714388,-3.9830577
1766255425.032388,5.099415,3.7183704,-3.9830403
1766255425.045942,5.099071,3.7263143,-3.9830117
1766255425.0537515,5.098897,3.7302763,-3.983
1766255425.066176,5.0987206,3.7342315,-3.98299
1766255425.072745,5.0985427,3.738179,-3.9829953
1766255425.0857942,5.097977,3.7416422,-3.9826791
1766255425.093281,5.097406,3.7451074,-3.9823737
1766255425.106578,5.096284,3.7520387,-3.981792
1766255425.1130476,5.0957327,3.7555046,-3.9815152
1766255425.1273186,5.0946493,3.7624378,-3.9810164
1766255425.1336842,5.094116,3.765905,-3.9807792
1766255425.1470003,5.093589,3.7693725,-3.9805496
1766255425.1533592,5.0930667,3.7728403,-3.9803274
1766255425.167416,5.092048,3.7797775,-3.979906
1766255425.1748407,5.091547,3.783243,-3.9797218
1766255425.1867452,5.0910506,3.7867057,-3.979545
1766255425.193892,5.0905595,3.7901657,-3.9793758
1766255425.2072036,5.090073,3.7936232,-3.979214
1766255425.214648,5.08975,3.7971106,-3.9794137
1766255425.2285497,5.089125,3.8040762,-3.979817
1766255425.234603,5.088824,3.8075554,-3.9800203
1766255425.247867,5.088225,3.8145077,-3.980419
1766255425.2567132,5.087928,3.8179812,-3.9806144
1766255425.2682848,5.087632,3.8214521,-3.9808075
1766255425.275443,5.087339,3.8249202,-3.9810107
1766255425.2884202,5.0867586,3.8318448,-3.9814117
1766255425.2980642,5.086479,3.8353012,-3.9816093
1766255425.309967,5.0862017,3.8387537,-3.9818053
1766255425.3157625,5.085926,3.8422031,-3.9819996
1766255425.329611,5.0853806,3.8490946,-3.9824073
1766255425.3377671,5.0851336,3.8528502,-3.9828632
1766255425.3495414,5.0848885,3.8565986,-3.983311
1766255425.3562171,5.0846453,3.8603404,-3.983751
1766255425.3699872,5.084404,3.8640747,-3.9841835
1766255425.3765264,5.08415,3.867799,-3.9846094
1766255425.390081,5.0836473,3.875225,-3.9854608
1766255425.3968735,5.0833983,3.8789268,-3.9858751
1766255425.4099174,5.082907,3.8863106,-3.9866824
1766255425.4184804,5.0826645,3.8899937,-3.987075
1766255425.4301817,5.0824227,3.8936715,-3.9874706
1766255425.4375024,5.082183,3.8973444,-3.9878583
1766255425.451191,5.081712,3.904662,-3.988611
1766255425.4577413,5.081537,3.9085395,-3.9893074
1766255425.4700706,5.0813613,3.912408,-3.9899879
1766255425.4774191,5.081185,3.9162667,-3.9906604
1766255425.4909577,5.0808315,3.923954,-3.9919596
1766255425.499016,5.080654,3.9277825,-3.9925866
1766255425.5105314,5.0805016,3.9316008,-3.9931977
1766255425.5178828,5.0803485,3.9354095,-3.9937937
1766255425.532674,5.080042,3.943001,-3.9949567
1766255425.539013,5.079889,3.9467838,-3.9955158
1766255425.5513346,5.0797358,3.9505584,-3.9960601
1766255425.5581348,5.079582,3.9543252,-3.9965894
1766255425.5725715,5.079276,3.9618337,-3.9976048
1766255425.5794675,5.079114,3.9655764,-3.9980998
1766255425.5915203,5.079025,3.9691184,-3.998435
1766255425.59903,5.078933,3.9726539,-3.9987593
1766255425.6118476,5.0787416,3.9797053,-3.9993746
1766255425.619885,5.0786424,3.983221,-3.9996657
1766255425.6331651,5.0785403,3.9867303,-3.9999547
1766255425.639241,5.0784364,3.9902332,-4.000232
1766255425.6525843,5.078221,3.99722,-4.0007534
1766255425.6607926,5.0781064,4.000707,-4.0009975
1766255425.6724248,5.07799,4.004187,-4.0012307
1766255425.6801684,5.0778723,4.007659,-4.0014625
1766255425.6938438,5.077632,4.0145774,-4.001895
1766255425.700943,5.077509,4.0180244,-4.0020957
1766255425.7130642,5.0770574,4.021668,-4.0027523
1766255425.7199514,5.07661,4.0252995,-4.0033865
1766255425.733481,5.075711,4.0325327,-4.0046005
1766255425.7419262,5.075266,4.036134,-4.0051756
1766255425.7534359,5.074824,4.0397253,-4.0057297
1766255425.7604256,5.0743847,4.0433073,-4.0062633
1766255425.7739458,5.073516,4.0504403,-4.0072722
1766255425.781624,5.073085,4.0539913,-4.0077553
1766255425.7945418,5.0726514,4.0575376,-4.00822
1766255425.8006995,5.0722203,4.0610733,-4.0086675
1766255425.814382,5.0713677,4.0681133,-4.0095096
1766255425.8224158,5.070945,4.071619,-4.009905
1766255425.834004,5.070524,4.075116,-4.0102887
1766255425.8415477,5.0702376,4.0786314,-4.010419
1766255425.8551314,5.0696673,4.085636,-4.010649
1766255425.862365,5.0693903,4.089137,-4.01075
1766255425.8747923,5.069114,4.0926285,-4.0108414
1766255425.8817782,5.068839,4.096109,-4.010931
1766255425.8948467,5.068565,4.0995793,-4.011012
1766255425.9019299,5.068292,4.1030393,-4.011085
1766255425.9155943,5.0677514,4.1099286,-4.0112042
1766255425.9224746,5.067483,4.1133595,-4.0112514
1766255425.9367635,5.0672154,4.116781,-4.011298
1766255425.942692,5.0669613,4.1201816,-4.011337
1766255425.9575794,5.066457,4.1269584,-4.0113897
1766255425.9643226,5.066207,4.1303353,-4.0114045
1766255425.9771173,5.0662208,4.136335,-4.010081
1766255425.9850583,5.066223,4.1393313,-4.009445
1766255425.9961908,5.066222,4.1423254,-4.008819
1766255426.003568,5.066218,4.145317,-4.0082026
1766255426.0167336,5.0662165,4.151277,-4.0069966
1766255426.025323,5.0662127,4.154254,-4.0064073
1766255426.0379379,5.066206,4.157229,-4.005837
1766255426.0437982,5.066197,4.1602025,-4.0052752
1766255426.0571065,5.0661716,4.1661434,-4.004177
1766255426.0659058,5.0661554,4.1691093,-4.003641
1766255426.0767682,5.066137,4.1720715,-4.003114
1766255426.0840986,5.0661135,4.1750245,-4.0026073
1766255426.097998,5.0661354,4.1804442,-4.0009794
1766255426.1056972,5.066141,4.1831565,-4.0001907
1766255426.1184108,5.0661435,4.1858706,-3.9994185
1766255426.1247566,5.066142,4.1885867,-3.9986622
1766255426.1383815,5.0661283,4.194025,-3.9972222
1766255426.1470428,5.066116,4.1967473,-3.9965253
1766255426.158827,5.066106,4.1994658,-3.995844
1766255426.165807,5.066092,4.2021856,-3.9951777
1766255426.179799,5.0660543,4.207626,-3.9938927
1766255426.1874585,5.06603,4.2103453,-3.9932864
1766255426.2003043,5.066003,4.213064,-3.9926953
1766255426.2057848,5.065972,4.215783,-3.9921196
1766255426.218918,5.0655127,4.221135,-3.990956
1766255426.2272792,5.065087,4.223776,-3.9903703
1766255426.2398803,5.0646663,4.226418,-3.9898138
1766255426.2466993,5.064251,4.2290616,-3.9892733
1766255426.2600842,5.063435,4.234353,-3.9882395
1766255426.2682662,5.0630345,4.237,-3.9877462
1766255426.2806652,5.062639,4.239647,-3.9872687
1766255426.286664,5.0622478,4.2422934,-3.9868195
1766255426.3020682,5.0614777,4.247604,-3.9859655
1766255426.308972,5.0610986,4.2502594,-3.9855604
1766255426.3208249,5.060722,4.252916,-3.98517
1766255426.327466,5.060349,4.255573,-3.9847937
1766255426.3414018,5.059613,4.26089,-3.984108
1766255426.3497977,5.059088,4.2633853,-3.9836287
1766255426.3622649,5.058571,4.2658863,-3.9831665
1766255426.368581,5.0580616,4.268372,-3.982722
1766255426.3828397,5.057066,4.273356,-3.981884
1766255426.390335,5.05658,4.2758536,-3.9815035
1766255426.407136,5.056102,4.2783546,-3.9811387
1766255426.4148002,5.05563,4.2808585,-3.9807894
1766255426.4351194,5.0547085,4.2858777,-3.9801362
1766255426.4425962,5.054258,4.2883925,-3.9798312
1766255426.4597669,5.0538187,4.2909174,-3.9795527
1766255426.4687028,5.0533857,4.293447,-3.9792876
1766255426.4818778,5.05296,4.2959805,-3.9790351
1766255426.487461,5.052541,4.2985168,-3.9787955
1766255426.5011857,5.051532,4.3024955,-3.9784462
1766255426.5088253,5.0510406,4.3045044,-3.9783013
1766255426.5218234,5.0500827,4.3085594,-3.9780436
1766255426.5293207,5.0496416,4.3106265,-3.9779284
1766255426.5410745,5.049208,4.3127046,-3.9778235
1766255426.5484774,5.048782,4.314794,-3.9777284
1766255426.561456,5.047951,4.319006,-3.9775906
1766255426.5700781,5.0475464,4.3211274,-3.9775348
1766255426.5814643,5.047149,4.3232584,-3.9774876
1766255426.5883684,5.0467587,4.325398,-3.9774487
1766255426.6018615,5.046375,4.3275466,-3.977418
1766255426.608437,5.0460043,4.3297043,-3.9773946
1766255426.6219077,5.045929,4.334401,-3.9770205
1766255426.6285625,5.0462093,4.3369336,-3.976665
1766255426.641471,5.046746,4.342002,-3.9759984
1766255426.649732,5.047003,4.344539,-3.9756863
1766255426.6622036,5.047253,4.3470783,-3.9754026
1766255426.6688352,5.047497,4.34962,-3.9751318
1766255426.6832213,5.0479984,4.3547034,-3.9746249
1766255426.6901343,5.048241,4.3572474,-3.9743893
1766255426.702448,5.0484786,4.3597927,-3.9741652
1766255426.7089884,5.0487113,4.36234,-3.9739673
1766255426.7224324,5.049161,4.3674383,-3.973602
1766255426.7311575,5.04938,4.3699903,-3.9734344
1766255426.7424703,5.04904,4.372631,-3.973956
1766255426.7500465,5.048707,4.375273,-3.9744687
1766255426.7632992,5.0480623,4.3805614,-3.9754896
1766255426.7710774,5.04775,4.383207,-3.9759877
1766255426.7839665,5.047444,4.385853,-3.976478
1766255426.7901697,5.047143,4.3884983,-3.9769607
1766255426.802745,5.046557,4.39379,-3.977904
1766255426.811774,5.046273,4.3964458,-3.9783752
1766255426.8232763,5.0459943,4.399102,-3.978839
1766255426.8316414,5.0457187,4.4017587,-3.979295
1766255426.8444192,5.0451775,4.4070725,-3.9801857
1766255426.8523238,5.0449114,4.40973,-3.9806204
1766255426.864353,5.044648,4.4123874,-3.9810588
1766255426.870701,5.044397,4.41528,-3.981318
1766255426.884445,5.044146,4.418166,-3.9815745
1766255426.8911767,5.0438886,4.4210467,-3.9818285
1766255426.903916,5.043376,4.4267874,-3.9823277
1766255426.9114077,5.0431213,4.429648,-3.9825842
1766255426.9250877,5.0426154,4.4353495,-3.9830863
1766255426.931997,5.0423646,4.4381914,-3.9833317
1766255426.94561,5.042115,4.441027,-3.9835727
1766255426.9510887,5.0418515,4.443838,-3.983811
1766255426.9643655,5.04133,4.449444,-3.9842968
1766255426.9729784,5.041072,4.452238,-3.9845328
1766255426.984775,5.040816,4.455026,-3.9847643
1766255426.9918876,5.0405617,4.4578075,-3.9849916
1766255427.005598,5.039316,4.462987,-3.9867897
1766255427.0129344,5.038708,4.4655747,-3.9876635
1766255427.0257127,5.0381126,4.4681687,-3.9885151
1766255427.0321314,5.037526,4.470761,-3.9893453
1766255427.0456026,5.0363812,4.4759407,-3.9909432
1766255427.0539615,5.0358224,4.478528,-3.9917114
1766255427.0656884,5.035272,4.481114,-3.9924672
1766255427.0728762,5.0347304,4.4836974,-3.9932034
1766255427.0862691,5.033657,4.4888673,-3.994618
1766255427.094013,5.0331254,4.491453,-3.995297
1766255427.1059165,5.032602,4.4940352,-3.9959576
1766255427.112697,5.0320864,4.496614,-3.9966073
1766255427.1260767,5.0296955,4.502718,-3.9981132
1766255427.1342201,5.0285363,4.50575,-3.9988334
1766255427.146582,5.0274,4.5087695,-3.999532
1766255427.1529386,5.026287,4.5117764,-4.0002093
1766255427.1670532,5.024128,4.5177593,-4.0015154
1766255427.1747782,5.02308,4.520733,-4.0021377
1766255427.187976,5.022052,4.5236945,-4.00274
1766255427.1932993,5.0210433,4.526644,-4.0033216
1766255427.2068262,5.0190845,4.532509,-4.004427
1766255427.215511,5.0181336,4.5354247,-4.004957
1766255427.2273417,5.017201,4.5383296,-4.0054684
1766255427.2339363,5.0162873,4.541209,-4.0059605
1766255427.2473123,5.015391,4.544079,-4.006434
1766255427.2540147,5.0143228,4.5471873,-4.007059
1766255427.2679472,5.0122466,4.553357,-4.0082464
1766255427.2740684,5.011238,4.556419,-4.0088096
1766255427.2873766,5.009278,4.5624943,-4.009871
1766255427.2961197,5.0083423,4.565508,-4.01037
1766255427.3080788,5.007425,4.5685062,-4.0108485
1766255427.3147283,5.0065246,4.571489,-4.011312
1766255427.3281171,5.0056415,4.5744567,-4.0117555
1766255427.3350022,5.0047755,4.5774097,-4.01218
1766255427.3489602,5.0030937,4.583273,-4.012971
1766255427.3550076,5.002278,4.586183,-4.013339
1766255427.3690262,5.0014787,4.5890794,-4.013695
1766255427.3757565,5.0007033,4.5919585,-4.014032
1766255427.3892217,4.998616,4.5973806,-4.01407
1766255427.3976078,4.997606,4.600074,-4.014076
1766255427.4093049,4.99565,4.6054254,-4.014063
1766255427.4183276,4.9947023,4.6080847,-4.0140505
1766255427.4301455,4.9937754,4.6107326,-4.0140295
1766255427.436183,4.9928684,4.61337,-4.014
1766255427.4502642,4.9911194,4.6186256,-4.013915
1766255427.458343,4.9902735,4.6212373,-4.013861
1766255427.470665,4.9894466,4.623838,-4.013807
1766255427.4769275,4.9886374,4.626427,-4.013745
1766255427.4920368,4.987073,4.6315713,-4.013601
1766255427.5002496,4.9860067,4.633802,-4.014002
1766255427.5130894,4.9849777,4.636045,-4.0143833
1766255427.5188901,4.9839735,4.6382833,-4.0147514
1766255427.5324957,4.9820366,4.642746,-4.015439
1766255427.540914,4.981103,4.644971,-4.015759
1766255427.5530539,4.980192,4.6471915,-4.016063
1766255427.5598443,4.979304,4.649408,-4.0163527
1766255427.5743628,4.977592,4.653825,-4.0168962
1766255427.5822597,4.976773,4.656022,-4.017147
1766255427.59452,4.9759736,4.658213,-4.0173845
1766255427.6008716,4.975195,4.6603985,-4.0176096
1766255427.6148252,4.9736958,4.664751,-4.018022
1766255427.622216,4.9729743,4.6669188,-4.018214
1766255427.6350262,4.971375,4.6687346,-4.018044
1766255427.6421685,4.969813,4.670551,-4.0178704
1766255427.6553767,4.9667807,4.6741853,-4.0175157
1766255427.6642098,4.96531,4.6760025,-4.017334
1766255427.676076,4.9638743,4.6778193,-4.017155
1766255427.681951,4.962472,4.679635,-4.0169735
1766255427.6957653,4.959763,4.6832633,-4.016602
1766255427.703343,4.958455,4.6850758,-4.0164123
1766255427.7156327,4.9571767,4.6868863,-4.0162196
1766255427.7230163,4.955928,4.688699,-4.0160313
1766255427.7363994,4.9535165,4.6923203,-4.015647
1766255427.7436056,4.9523535,4.69413,-4.0154514
1766255427.7559254,4.9514527,4.695575,-4.014841
1766255427.762618,4.9505734,4.697029,-4.0142384
1766255427.7764719,4.9488783,4.699961,-4.013073
1766255427.7840292,4.948062,4.7014375,-4.0125017
1766255427.7965431,4.947266,4.70292,-4.0119386
1766255427.8032618,4.9464784,4.7044168,-4.011384
1766255427.8174458,4.9449635,4.7074285,-4.0102973
1766255427.824021,4.9442363,4.7089443,-4.0097737
1766255427.8373342,4.943528,4.710466,-4.0092573
1766255427.8434808,4.9428396,4.7119937,-4.0087485
1766255427.857092,4.941518,4.715067,-4.007753
1766255427.8652136,4.9408793,4.716611,-4.007267
1766255427.8768392,4.9402595,4.71816,-4.006798
1766255427.8845644,4.9396753,4.719604,-4.0061994
1766255427.8981712,4.9385595,4.722511,-4.005036
1766255427.9052305,4.938028,4.723974,-4.0044703
1766255427.9176247,4.9375134,4.725444,-4.0039153
1766255427.9240866,4.9370155,4.7269197,-4.003381
1766255427.9378242,4.9360595,4.729902,-4.0023437
1766255427.9468355,4.9356008,4.731407,-4.0018415
1766255427.9583578,4.935157,4.7329187,-4.00135
1766255427.9654934,4.9347277,4.734435,-4.000869
1766255427.9791746,4.933914,4.7374835,-3.999955
1766255427.9873357,4.93353,4.739015,-3.9995136
1766255427.9995892,4.9331594,4.7405505,-3.9990823
1766255428.006393,4.9328027,4.74209,-3.9986615
1766255428.0199392,4.932295,4.7446547,-3.997344
1766255428.0270567,4.932056,4.7459517,-3.9967206
1766255428.0381484,4.931827,4.7472577,-3.9961128
1766255428.0464892,4.931608,4.7485733,-3.9955208
1766255428.0599816,4.931199,4.7512307,-3.9943817
1766255428.0676737,4.9310093,4.752571,-3.9938345
1766255428.080178,4.930815,4.753931,-3.993313
1766255428.086694,4.93063,4.7552986,-3.9928062
1766255428.0999637,4.9302893,4.7580523,-3.9918346
1766255428.1074574,4.9301324,4.759439,-3.9913695
1766255428.1198738,4.929984,4.760832,-3.9909184
1766255428.128396,4.929845,4.7622313,-3.9904912
1766255428.1406274,4.9290605,4.7654285,-3.9908993
1766255428.1489124,4.928667,4.7670317,-3.9910996
1766255428.1605492,4.9282866,4.7686357,-3.991297
1766255428.1671379,4.9279194,4.770241,-3.9914916
1766255428.180482,4.9272265,4.7734547,-3.9918852
1766255428.1888905,4.9268985,4.775063,-3.9920783
1766255428.2007325,4.9265823,4.776672,-3.9922693
1766255428.2075515,4.9262786,4.778282,-3.9924583
1766255428.2218456,4.925693,4.78152,-3.9928308
1766255428.229114,4.925417,4.7831397,-3.99302
1766255428.2415264,4.9251513,4.78476,-3.9932075
1766255428.2481878,4.9248967,4.7863812,-3.9933925
1766255428.2612696,4.9240956,4.78974,-3.9936779
1766255428.2700565,4.9235554,4.791475,-3.9937804
1766255428.2816563,4.923031,4.7932076,-3.9938893
1766255428.2887113,4.9225287,4.794932,-3.9939983
1766255428.3019009,4.9215713,4.798375,-3.9942148
1766255428.3103533,4.921115,4.8000937,-3.994322
1766255428.323055,4.920672,4.8018107,-3.9944289
1766255428.329294,4.9202433,4.803526,-3.9945412
1766255428.3422964,4.9194236,4.806952,-3.9947622
1766255428.3513231,4.919033,4.808662,-3.9948707
1766255428.3635173,4.9186563,4.8103585,-3.9949777
1766255428.369996,4.9182916,4.8120537,-3.9950829
1766255428.383478,4.9175987,4.8154364,-3.9953015
1766255428.39118,4.9181995,4.8169346,-3.9957364
1766255428.4038322,4.9187903,4.8184342,-3.99616
1766255428.4100442,4.919372,4.819935,-3.9965727
1766255428.4235606,4.920509,4.82294,-3.9973655
1766255428.43164,4.9210677,4.8244543,-3.9977503
1766255428.4446597,4.9216185,4.825969,-3.9981241
1766255428.4513257,4.922162,4.827485,-3.9984872
1766255428.464546,4.923229,4.8305173,-3.9991827
1766255428.471952,4.9237537,4.8320336,-3.9995148
1766255428.4843533,4.9242725,4.8335495,-3.9998415
1766255428.4909666,4.924786,4.835065,-4.0001583
1766255428.5036814,4.9257774,4.8380837,-4.000764
1766255428.513444,4.9269648,4.839875,-4.0008836
1766255428.5245469,4.9281316,4.84166,-4.000996
1766255428.5312371,4.9292784,4.843438,-4.001108
1766255428.5444083,4.9315133,4.846976,-4.0013123
1766255428.5525353,4.932603,4.8487353,-4.0014043
1766255428.565062,4.9336734,4.8504896,-4.0014896
1766255428.5714605,4.9347258,4.8522387,-4.001569
1766255428.585138,4.936756,4.8557444,-4.001719
1766255428.5927975,4.9377456,4.8574886,-4.0017843
1766255428.6052644,4.9387183,4.8592267,-4.0018435
1766255428.6134899,4.939675,4.860959,-4.0018964
1766255428.6253972,4.9415417,4.864407,-4.0019846
1766255428.6329226,4.9424515,4.866123,-4.002025
1766255428.6457667,4.9434767,4.8678875,-4.0028453
1766255428.6520638,4.944469,4.869648,-4.003641
1766255428.665773,4.9463997,4.8731537,-4.005157
1766255428.6733768,4.947339,4.874899,-4.0058784
1766255428.6851528,4.9482617,4.876639,-4.006579
1766255428.6921911,4.949168,4.878373,-4.007256
1766255428.70556,4.9509335,4.881826,-4.0085454
1766255428.7135382,4.9517903,4.8835526,-4.0091567
1766255428.726257,4.952632,4.885274,-4.0097475
1766255428.7326536,4.9534583,4.8869905,-4.0103188
1766255428.7462368,4.955066,4.8904085,-4.0114026
1766255428.7539308,4.955848,4.8921094,-4.0119157
1766255428.7667685,4.9562144,4.8939276,-4.012118
1766255428.7734413,4.9565744,4.8957386,-4.012309
1766255428.7865274,4.9572587,4.899332,-4.0126657
1766255428.7944133,4.9575825,4.901115,-4.012829
1766255428.8068852,4.957899,4.90289,-4.0129824
1766255428.813986,4.9582095,4.9046574,-4.013125
1766255428.8268924,4.9588103,4.908166,-4.0133805
1766255428.8346417,4.959101,4.9099083,-4.0134964
1766255428.8468337,4.9593854,4.911643,-4.0136023
1766255428.854312,4.9596634,4.9133697,-4.013698
1766255428.867589,4.96019,4.9167933,-4.013862
1766255428.8747818,4.9604435,4.9184933,-4.0139303
1766255428.8872023,4.960691,4.9201846,-4.013993
1766255428.894513,4.9603543,4.9220777,-4.0140758
1766255428.9076872,4.959699,4.92583,-4.014215
1766255428.9155576,4.9593797,4.9276896,-4.0142717
1766255428.9274197,4.959065,4.9295387,-4.01432
1766255428.9348984,4.9587708,4.931391,-4.014361
1766255428.948088,4.958195,4.9350624,-4.0144186
1766255428.9563813,4.957914,4.936883,-4.0144362
1766255428.9687276,4.957637,4.938694,-4.0144467
1766255428.974911,4.957364,4.9404945,-4.0144496
1766255428.9887128,4.956834,4.9440646,-4.01444
1766255428.9958801,4.956579,4.9458365,-4.0144243
1766255429.0080738,4.95633,4.9475985,-4.0144024
1766255429.0158424,4.956085,4.9493504,-4.0143743
1766255429.0285718,4.956544,4.953435,-4.0142946
1766255429.0366619,4.9567633,4.955452,-4.0142503
1766255429.0499156,4.9569764,4.957453,-4.0142007
1766255429.0557895,4.9571843,4.9594374,-4.014147
1766255429.068657,4.9576006,4.963343,-4.0140243
1766255429.0772502,4.95781,4.9652643,-4.013957
1766255429.089027,4.9580154,4.9671702,-4.0138884
1766255429.0964112,4.9582176,4.969061,-4.0138164
1766255429.109455,4.9586134,4.972798,-4.0136623
1766255429.1172547,4.958807,4.9746437,-4.01358
1766255429.1296885,4.9589977,4.976475,-4.0134945
1766255429.1366258,4.959151,4.9782906,-4.0134106
1766255429.1500874,4.960236,4.981421,-4.0123324
1766255429.158157,4.9607615,4.982971,-4.0118065
1766255429.170306,4.9612765,4.984512,-4.011289
1766255429.1770718,4.9617805,4.986042,-4.01078
1766255429.1912692,4.9627576,4.989071,-4.0097966
1766255429.1978977,4.9632316,4.9905696,-4.009317
1766255429.2103093,4.963697,4.9920597,-4.008845
1766255429.2176142,4.9641523,4.9935393,-4.0083804
1766255429.2312553,4.9650335,4.9964666,-4.0074735
1766255429.2383945,4.96546,4.9979143,-4.007037
1766255429.2510264,4.9658766,4.999352,-4.0066085
1766255429.2584684,4.966285,5.000779,-4.006187
1766255429.2724895,4.9665194,5.0033894,-4.0054026
1766255429.2795362,4.9663577,5.004576,-4.00504
1766255429.2917984,4.966208,5.0057597,-4.0046906
1766255429.2989018,4.9660625,5.006937,-4.0043483
1766255429.3121316,4.9659214,5.008108,-4.0040135
1766255429.3188074,4.965784,5.0092735,-4.003686
1766255429.332316,4.96552,5.0115867,-4.003052
1766255429.3390613,4.9653916,5.012734,-4.002752
1766255429.3527348,4.9651504,5.015008,-4.00217
1766255429.3600876,4.965037,5.0161347,-4.001889
1766255429.3734097,4.964926,5.017255,-4.001615
1766255429.3804615,4.9648175,5.0183687,-4.0013475
1766255429.3935416,4.964607,5.020578,-4.0008416
1766255429.401683,4.964671,5.0218744,-4.0006824
1766255429.413766,4.964735,5.0231614,-4.0005283
1766255429.420792,4.964798,5.024439,-4.000379
1766255429.4353077,4.964915,5.026974,-4.000095
1766255429.4415505,4.9649725,5.028228,-3.9999645
1766255429.4537628,4.9650297,5.0294733,-3.9998386
1766255429.4610672,4.965086,5.0307097,-3.9997168
1766255429.474224,4.9651976,5.0331583,-3.9994864
1766255429.4827056,4.9652534,5.03437,-3.9993777
1766255429.494295,4.965317,5.035573,-3.9992776
1766255429.5012832,4.965381,5.036768,-3.9991813
1766255429.5149271,4.96551,5.039133,-3.9990003
1766255429.5225182,4.965237,5.0402527,-3.999012
1766255429.5354679,4.9649734,5.041366,-3.9990246
1766255429.5415113,4.9647183,5.042473,-3.999042
1766255429.554777,4.964235,5.044666,-3.9990783
1766255429.5637398,4.963994,5.0457506,-3.9990983
1766255429.5749035,4.963762,5.0468287,-3.9991188
1766255429.5821753,4.9635367,5.0479007,-3.9991395
1766255429.5963242,4.96311,5.050025,-3.99919
1766255429.6039915,4.962908,5.0510774,-3.9992156
1766255429.6159282,4.9627123,5.052123,-3.9992409
1766255429.622409,4.962524,5.0531616,-3.9992661
1766255429.6355255,4.9623423,5.0541935,-3.9992912
1766255429.643363,4.962173,5.0551815,-3.9993172
1766255429.6557298,4.962321,5.0573378,-3.9991603
1766255429.663307,4.9626265,5.058502,-3.9989784
1766255429.6765842,4.9632244,5.0608025,-3.9986272
1766255429.6840787,4.9635167,5.0619383,-3.998458
1766255429.6967566,4.9638042,5.0630636,-3.9982982
1766255429.7031677,4.9640884,5.06418,-3.9981418
1766255429.7162068,4.9646773,5.0664115,-3.9978364
1766255429.725294,4.964966,5.0675135,-3.9976883
1766255429.736187,4.965251,5.068606,-3.9975433
1766255429.7435005,4.9655323,5.0696893,-3.997406
1766255429.7569263,4.9660854,5.07183,-3.997139
1766255429.765053,4.9663577,5.072887,-3.9970095
1766255429.778093,4.966394,5.0739646,-3.996912
1766255429.7839375,4.966429,5.075037,-3.9968169
1766255429.7971556,4.9665093,5.07716,-3.996643
1766255429.8067515,4.9665537,5.078211,-3.9965591
1766255429.817681,4.9666004,5.0792546,-3.9964771
1766255429.8248243,4.96665,5.0802913,-3.996397
1766255429.8382068,4.966756,5.0823436,-3.9962423
1766255429.8454394,4.9668183,5.08335,-3.9961731
1766255429.858449,4.966883,5.08435,-3.9961057
1766255429.864728,4.96695,5.085343,-3.9960396
1766255429.8774445,4.9670877,5.087308,-3.995912
1766255429.8866189,4.9671593,5.08828,-3.9958503
1766255429.898713,4.9672318,5.0892453,-3.9957948
1766255429.905321,4.9675717,5.090332,-3.9964936
1766255429.9190934,4.9679074,5.0914097,-3.9971745
1766255429.9257035,4.968239,5.0924783,-3.997838
1766255429.9389918,4.9689097,5.0945826,-3.9991138
1766255429.9458895,4.9692388,5.0956216,-3.9997275
1766255429.9590857,4.969885,5.0976734,-4.0009084
1766255429.967846,4.970202,5.0986867,-4.0014763
1766255429.979826,4.970515,5.099692,-4.002029
1766255429.9866002,4.9708233,5.100688,-4.0025673
1766255429.999786,4.9714284,5.1026554,-4.0036044
1766255430.0077996,4.9717326,5.103629,-4.004101
1766255430.020504,4.9720325,5.1045947,-4.0045834
1766255430.026918,4.9723287,5.105552,-4.0050526
1766255430.039723,4.972463,5.1077523,-4.0064096
1766255430.0488784,4.9725337,5.1088367,-4.007058
1766255430.0605571,4.972606,5.109911,-4.0076885
1766255430.0677466,4.9726806,5.110975,-4.0083003
1766255430.080232,4.9728446,5.113077,-4.009467
1766255430.0885298,4.9729333,5.1141157,-4.010023
1766255430.1008565,4.9730234,5.1151443,-4.01056
1766255430.107776,4.973114,5.116163,-4.01108
1766255430.1210573,4.973205,5.1171713,-4.0115824
1766255430.1282105,4.9732966,5.118169,-4.0120683
1766255430.1413722,4.9734797,5.120133,-4.01299
1766255430.1484225,4.9735713,5.1211,-4.013425
1766255430.1613708,4.9741235,5.123156,-4.013293
1766255430.1694438,4.9743924,5.1241684,-4.0132203
1766255430.1822553,4.9746566,5.12517,-4.013143
1766255430.1885765,4.974917,5.126162,-4.013062
1766255430.2017148,4.975423,5.1281137,-4.0128894
1766255430.2104356,4.9756694,5.129075,-4.012796
1766255430.221408,4.975938,5.130022,-4.012696
1766255430.22895,4.976202,5.1309586,-4.0125904
1766255430.2424657,4.9767194,5.1328025,-4.0123672
1766255430.249913,4.976973,5.13371,-4.0122504
1766255430.2622695,4.977223,5.1346073,-4.012129
1766255430.2691417,4.977469,5.135495,-4.0120034
1766255430.2818244,4.977711,5.136373,-4.0118737
1766255430.2894266,4.9780936,5.1369233,-4.0114717
1766255430.3022125,4.978837,5.1380205,-4.0106764
1766255430.3095865,4.979198,5.138567,-4.0102844
1766255430.3227391,4.9799,5.1396556,-4.009507
1766255430.3308392,4.980242,5.1401973,-4.0091224
1766255430.3427787,4.980577,5.140737,-4.0087395
1766255430.349808,4.9809065,5.141274,-4.0083637
1766255430.3630507,4.981537,5.142357,-4.0076203
1766255430.3716357,4.9818377,5.142902,-4.0072536
1766255430.3830557,4.982133,5.143444,-4.00689
1766255430.3904126,4.982423,5.1439834,-4.00653
1766255430.403741,4.982985,5.145051,-4.0058284
1766255430.4115193,4.983579,5.1462736,-4.0059175
1766255430.4239175,4.98416,5.1474767,-4.005999
1766255430.4311464,4.9847264,5.1486607,-4.0060735
1766255430.4442065,4.985797,5.150977,-4.0062017
1766255430.4528587,4.986315,5.152109,-4.0062575
1766255430.4643424,4.9868217,5.153224,-4.006308
1766255430.4716852,4.987318,5.154322,-4.006353
1766255430.4856699,4.9882812,5.1564703,-4.006428
1766255430.4923792,4.9887486,5.1575212,-4.0064588
1766255430.5049412,4.9892054,5.1585603,-4.0064864
1766255430.5117157,4.989652,5.159584,-4.0065103
1766255430.5254066,4.9905167,5.161588,-4.006548
1766255430.532922,4.990982,5.162084,-4.0061455
1766255430.544793,4.991437,5.162575,-4.00575
1766255430.5519402,4.991883,5.1630597,-4.0053654
1766255430.565762,4.9927454,5.1640124,-4.004616
1766255430.5735154,4.9931736,5.164487,-4.0042505
1766255430.5844235,4.9935884,5.1649547,-4.0038943
1766255430.5925336,4.993991,5.1654162,-4.003546
1766255430.6054087,4.9947643,5.16632,-4.002882
1766255430.614236,4.995139,5.1667614,-4.002562
1766255430.6259851,4.9955077,5.167196,-4.0022497
1766255430.6332772,4.995871,5.167624,-4.0019455
1766255430.6471546,4.996604,5.1684456,-4.0013585
1766255430.6541667,4.996962,5.1688466,-4.0010786
1766255430.6671498,4.9973626,5.169437,-4.0000963
1766255430.6736853,4.997735,5.1700163,-3.9991496
1766255430.6870954,4.9982934,5.171137,-3.9974236
1766255430.6947803,4.9984694,5.171682,-3.9966626
1766255430.7071834,4.9985986,5.1722236,-3.9959776
1766255430.7157986,4.9986978,5.1727705,-3.9953582
1766255430.7275994,4.998798,5.1733184,-3.9948006
1766255430.7341604,4.9989157,5.1738667,-3.994301
1766255430.7485251,4.9992313,5.1749635,-3.9934616
1766255430.754551,4.9994254,5.175512,-3.9931228
1766255430.7680335,4.999636,5.1760607,-3.992828
1766255430.7748437,4.9998584,5.1766095,-3.9925742
1766255430.7876275,4.99992,5.177358,-3.9921212
1766255430.7949803,4.999752,5.1775613,-3.9919186
1766255430.808461,4.9995904,5.177768,-3.9917543
1766255430.8152065,4.9994335,5.177979,-3.991618
1766255430.8278942,4.999127,5.178406,-3.9914188
1766255430.8351376,4.998974,5.17862,-3.9913514
1766255430.8485098,4.9986715,5.1790414,-3.991269
1766255430.8563771,4.998521,5.1792474,-3.9912584
1766255430.8685913,4.998368,5.1794486,-3.991261
1766255430.8756084,4.998243,5.1796246,-3.9912887
1766255430.8895164,4.9981914,5.1797357,-3.9913666
1766255430.8956406,4.998239,5.179753,-3.99152
1766255430.9085524,4.9985766,5.1795225,-3.9921103
1766255430.9158409,4.998807,5.1786976,-3.9923763
1766255430.9289646,4.999164,5.1771035,-3.9931521
1766255430.9371471,4.9992485,5.176373,-3.9936447
1766255430.9490883,4.999266,5.1756983,-3.9941962
1766255430.956165,4.9992275,5.17508,-3.9948075
1766255430.9701173,4.999145,5.174515,-3.9954634
1766255430.9763448,4.9990325,5.174,-3.9961574
1766255430.989087,4.99876,5.1731057,-3.9976363
1766255430.996366,4.9986157,5.1727133,-3.9984093
1766255431.0098863,4.9983344,5.1720347,-4.0000134
1766255431.0178213,4.9982038,5.1717434,-4.000825
1766255431.0296466,4.9980836,5.1714797,-4.001636
1766255431.0373642,4.997975,5.171242,-4.002444
1766255431.0514045,4.9985824,5.1710753,-4.004193
1766255431.0581496,4.998897,5.171015,-4.0050526
1766255431.0702596,4.999218,5.170971,-4.0058937
1766255431.0770757,4.9995465,5.170943,-4.006713
1766255431.0902376,5.000227,5.1709285,-4.008278
1766255431.0986705,5.0005784,5.1709414,-4.009019
1766255431.1103668,5.000937,5.170966,-4.009738
1766255431.1179016,5.0013013,5.171004,-4.010426
1766255431.131471,5.0020666,5.1711035,-4.0117016
1766255431.138856,5.002465,5.171166,-4.0122867
1766255431.151245,5.0028644,5.171242,-4.012837
1766255431.157634,5.003264,5.171333,-4.01336
1766255431.1713822,5.0029364,5.1720357,-4.0131993
1766255431.1788774,5.002787,5.172404,-4.0130854
1766255431.1913276,5.0026464,5.172784,-4.012948
1766255431.1986353,5.0025125,5.173177,-4.012787
1766255431.2118726,5.002262,5.1739736,-4.0124164
1766255431.2197137,5.0021462,5.174393,-4.0121956
1766255431.2318776,5.002036,5.1748276,-4.0119514
1766255431.238506,5.001931,5.1752768,-4.011685
1766255431.2520995,5.0017343,5.1762195,-4.011087
1766255431.2608626,5.0016413,5.1767125,-4.010769
1766255431.2715657,5.001551,5.17722,-4.0104313
1766255431.2792525,5.00146,5.177753,-4.0100756
1766255431.2930899,5.001371,5.1783,-4.0097017
1766255431.2995627,5.0006866,5.1793284,-4.0092545
1766255431.3167593,4.999368,5.181398,-4.0083294
1766255431.322138,4.998732,5.182439,-4.007854
1766255431.3350282,4.997503,5.1845336,-4.00687
1766255431.3509,4.996907,5.1855874,-4.0063634
1766255431.3641555,4.99634,5.186645,-4.005848
1766255431.3707414,4.9957843,5.1877065,-4.0053368
1766255431.3844056,4.9947066,5.1898403,-4.0042977
1766255431.3917825,4.9941845,5.1909122,-4.0037713
1766255431.4037755,4.9936733,5.191987,-4.003242
1766255431.410544,4.993172,5.193065,-4.00271
1766255431.4242947,4.992197,5.195229,-4.001666
1766255431.432472,4.9920087,5.1967764,-4.0013237
1766255431.4440608,4.991822,5.1983166,-4.000977
1766255431.4515269,4.9916368,5.1998496,-4.000627
1766255431.465015,4.9912705,5.202894,-3.9999204
1766255431.4726036,4.99109,5.2044063,-3.9995754
1766255431.4851594,4.9909115,5.205911,-3.9992297
1766255431.49175,4.9907346,5.2074094,-3.9988837
1766255431.5047302,4.9905677,5.2088966,-3.998538
1766255431.5121076,4.990402,5.2103777,-3.9981935
1766255431.5251236,4.990076,5.213318,-3.9975204
1766255431.5321136,4.989915,5.214776,-3.9971926
1766255431.5456958,4.989591,5.217658,-3.9965484
1766255431.5532932,4.9886856,5.2192082,-3.9963057
1766255431.565944,4.987796,5.220736,-3.9960692
1766255431.5726626,4.986915,5.222235,-3.99585
1766255431.5866632,4.9852004,5.2251644,-3.995438
1766255431.5942595,4.9843674,5.2265973,-3.9952464
1766255431.6062796,4.983551,5.228011,-3.995065
1766255431.6132822,4.9827514,5.2294073,-3.9948938
1766255431.6267593,4.981205,5.232151,-3.994603
1766255431.6343746,4.980458,5.2334995,-3.9944727
1766255431.6468644,4.9797273,5.234824,-3.9943519
1766255431.6533344,4.9790144,5.236134,-3.9942403
1766255431.6665971,4.97764,5.238714,-3.9940443
1766255431.6754637,4.976978,5.2399855,-3.9939685
1766255431.6865184,4.976456,5.2409983,-3.9944258
1766255431.6936624,4.975947,5.242005,-3.9948761
1766255431.707337,4.9754496,5.243006,-3.9953198
1766255431.713871,4.9749713,5.2439995,-3.9957557
1766255431.7277815,4.9740477,5.2459683,-3.9966109
1766255431.7342002,4.9736013,5.2469435,-3.9970293
1766255431.7474236,4.972739,5.2488723,-3.997839
1766255431.7557182,4.9723225,5.2498255,-3.9982295
1766255431.7674496,4.971915,5.250772,-3.99861
1766255431.774794,4.9715157,5.251711,-3.9989865
1766255431.7882814,4.970727,5.2535567,-3.999707
1766255431.7956364,4.9703445,5.2544675,-4.0000496
1766255431.8086367,4.970087,5.255729,-4.000559
1766255431.814939,4.9698353,5.2569747,-4.0010514
1766255431.82816,4.9693484,5.2594156,-4.001996
1766255431.8360164,4.969113,5.260613,-4.0024424
1766255431.8484027,4.968883,5.2617955,-4.0028715
1766255431.8554716,4.968669,5.2629576,-4.0032825
1766255431.8692362,4.9682565,5.265236,-4.0040517
1766255431.8763945,4.9680586,5.2663517,-4.0044155
1766255431.8891463,4.967866,5.267452,-4.004762
1766255431.8960557,4.967679,5.268536,-4.005091
1766255431.9092166,4.967497,5.269605,-4.0054026
1766255431.9163024,4.967321,5.27066,-4.0056963
1766255431.9294758,4.9669623,5.2727194,-4.006238
1766255431.9364119,4.966669,5.2737684,-4.0059757
1766255431.9494386,4.9663835,5.2748017,-4.00571
1766255431.9564862,4.966105,5.2758207,-4.005441
1766255431.9701004,4.965568,5.2778134,-4.004892
1766255431.9764135,4.96531,5.2787876,-4.0046196
1766255431.989804,4.9650583,5.279747,-4.004343
1766255431.9968948,4.964804,5.280707,-4.004063
1766255432.0101914,4.964313,5.282585,-4.003492
1766255432.01692,4.9640765,5.283504,-4.0032
1766255432.0313635,4.96362,5.2853026,-4.0026245
1766255432.0387533,4.963401,5.2861824,-4.0023313
1766255432.0511947,4.9631867,5.28705,-4.0020347
1766255432.057778,4.962977,5.2879047,-4.0017347
1766255432.0705583,4.9637876,5.2888613,-4.002066
1766255432.07911,4.96418,5.289335,-4.0022163
1766255432.0911767,4.9645643,5.289805,-4.002353
1766255432.0985777,4.9649405,5.2902718,-4.0024767
1766255432.111201,4.9653096,5.290735,-4.002588
1766255432.1177728,4.965672,5.291194,-4.002687
1766255432.1310713,4.9663777,5.2921,-4.002859
1766255432.1378782,4.966742,5.292543,-4.0029316
1766255432.150819,4.9674535,5.293418,-4.003047
1766255432.1593397,4.967801,5.293849,-4.0030904
1766255432.171446,4.9681435,5.294276,-4.0031247
1766255432.1779675,4.9684806,5.2946997,-4.003155
1766255432.1918123,4.969375,5.2956843,-4.0039296
1766255432.1981108,4.9702516,5.296652,-4.004677
1766255432.2112327,4.971952,5.29854,-4.0060916
1766255432.2181377,4.9727764,5.2994604,-4.0067606
1766255432.231253,4.9743757,5.301255,-4.008029
1766255432.239675,4.9751515,5.3021307,-4.0086274
1766255432.2524302,4.975911,5.3029923,-4.009203
1766255432.2589047,4.976656,5.30384,-4.0097566
1766255432.2723067,4.9773855,5.3046746,-4.0102882
1766255432.2791326,4.9780865,5.3054934,-4.0107994
1766255432.2922335,4.9794455,5.307091,-4.01176
1766255432.2992,4.980105,5.307871,-4.012211
1766255432.3120463,4.980751,5.308638,-4.0126414
1766255432.3194537,4.980973,5.3094745,-4.013192
1766255432.3324888,4.9814134,5.3111076,-4.014225
1766255432.3394833,4.9816318,5.3119054,-4.0147076
1766255432.3531613,4.9818673,5.3126893,-4.0151668
1766255432.359814,4.9821005,5.3134613,-4.0156045
1766255432.3732545,4.9825606,5.314969,-4.016417
1766255432.3800313,4.982786,5.315705,-4.0167933
1766255432.392943,4.983229,5.3171434,-4.0174856
1766255432.4016874,4.9834456,5.3178463,-4.0178027
1766255432.4134629,4.9836593,5.3185377,-4.0181007
1766255432.420774,4.9838767,5.319211,-4.0183797
1766255432.4339685,4.984301,5.3205247,-4.018885
1766255432.441951,4.984834,5.320603,-4.018531
1766255432.4540837,4.985356,5.320682,-4.018174
1766255432.4606237,4.9858665,5.3207617,-4.017815
1766255432.4737866,4.986366,5.3208413,-4.017453
1766255432.4810438,4.986854,5.320921,-4.0170884
1766255432.4935095,4.987812,5.321078,-4.0163608
1766255432.5010974,4.988276,5.321155,-4.015993
1766255432.5143623,4.98873,5.3212304,-4.015623
1766255432.520977,4.989175,5.321305,-4.01525
1766255432.5342755,4.990038,5.321449,-4.0145016
1766255432.5411975,4.9904556,5.3215175,-4.0141263
1766255432.55444,4.9908643,5.321584,-4.0137486
1766255432.5614066,4.991256,5.321652,-4.01337
1766255432.5746367,4.9915905,5.3215346,-4.0132213
1766255432.5818338,4.991753,5.321478,-4.013135
1766255432.5952313,4.9920692,5.3213687,-4.012937
1766255432.6028683,4.9922223,5.321316,-4.0128264
1766255432.6149015,4.9923725,5.3212643,-4.0127087
1766255432.6218166,4.992519,5.321214,-4.0125847
1766255432.6350963,4.9928226,5.3211155,-4.0123196
1766255432.6431346,4.9929686,5.321068,-4.012178
1766255432.6550944,4.9931107,5.3210216,-4.0120306
1766255432.662261,4.993249,5.3209767,-4.011878
1766255432.6758623,4.9935117,5.3208914,-4.0115595
1766255432.683608,4.993637,5.3208504,-4.0113955
1766255432.696049,4.994207,5.3203306,-4.010886
1766255432.7026494,4.9947643,5.319829,-4.010381
1766255432.7154274,4.99583,5.3188615,-4.0093827
1766255432.7241309,4.9963393,5.318394,-4.0088897
1766255432.735965,4.9968324,5.317938,-4.0084057
1766255432.7428823,4.9973106,5.3174915,-4.0079255
1766255432.7570362,4.998223,5.3166265,-4.006979
1766255432.764245,4.9986467,5.316208,-4.006512
1766255432.7769608,4.999057,5.3157983,-4.0060506
1766255432.7836368,4.999454,5.3153977,-4.0055976
1766255432.7964907,5.000211,5.314625,-4.004706
1766255432.8046129,5.0005713,5.3142514,-4.0042667
1766255432.816624,5.001342,5.3146152,-4.0041456
1766255432.8243895,5.002091,5.3149734,-4.004021
1766255432.8381534,5.002819,5.315326,-4.003896
1766255432.8439648,5.003528,5.315672,-4.003769
1766255432.8570557,5.0048857,5.3163505,-4.003506
1766255432.8645685,5.005535,5.316684,-4.003372
1766255432.8776157,5.006166,5.3170133,-4.0032363
1766255432.8845334,5.0067782,5.31734,-4.003099
1766255432.8977487,5.0079503,5.3179865,-4.0028253
1766255432.904628,5.0085,5.3183155,-4.002688
1766255432.9181669,5.009551,5.3189673,-4.002409
1766255432.9257598,5.0100527,5.3192906,-4.002269
1766255432.9379106,5.0105386,5.3196115,-4.0021305
1766255432.945,5.0110407,5.3204007,-4.0017366
1766255432.9590175,5.011995,5.3219438,-4.0009685
1766255432.9674344,5.012447,5.322698,-4.0005937
1766255432.9797282,5.0128827,5.3234406,-4.000225
1766255432.989787,5.013315,5.3241735,-3.999866
1766255433.0027308,5.013732,5.3248954,-3.9995131
1766255433.0079389,5.014133,5.325606,-3.999166
1766255433.0213952,5.0148892,5.3269944,-3.9984882
1766255433.028227,5.0152445,5.327673,-3.9981575
1766255433.0408397,5.015585,5.328341,-3.9978359
1766255433.048529,5.0159106,5.3289986,-3.9975195
1766255433.061419,5.016536,5.330289,-3.996901
1766255433.0683498,5.016836,5.330921,-3.996599
1766255433.0813854,5.0175214,5.332566,-3.9959357
1766255433.08975,5.017844,5.333367,-3.995617
1766255433.1017284,5.0181546,5.334153,-3.9953036
1766255433.1085708,5.018453,5.3349247,-3.994996
1766255433.1214805,5.0190043,5.3364344,-3.9943974
1766255433.1307316,5.019258,5.337173,-3.9941065
1766255433.1405442,5.0195,5.3378973,-3.993825
1766255433.1488276,5.0197296,5.3386073,-3.9935484
1766255433.1622844,5.0201564,5.339986,-3.9930112
1766255433.1704013,5.020353,5.3406553,-3.9927502
1766255433.1824427,5.020539,5.341312,-3.9924943
1766255433.1889758,5.020714,5.341955,-3.9922476
1766255433.202225,5.019726,5.3423014,-3.9921105
1766255433.2109108,5.0192366,5.3424687,-3.9920425
1766255433.2221434,5.0187497,5.342632,-3.9919753
1766255433.2291408,5.0182652,5.3427916,-3.9919086
1766255433.2432292,5.0173006,5.343097,-3.9917834
1766255433.250633,5.01682,5.3432426,-3.9917223
1766255433.262547,5.0163608,5.3433714,-3.991661
1766255433.2691991,5.0159016,5.3434954,-3.991601
1766255433.2827375,5.0149827,5.343728,-3.9914832
1766255433.291051,5.014523,5.3438363,-3.9914289
1766255433.3029726,5.014063,5.3439393,-3.9913757
1766255433.3098705,5.0136027,5.3440375,-3.991323
1766255433.3233073,5.012609,5.344103,-3.9911866
1766255433.3309774,5.012094,5.344067,-3.9911032
1766255433.3433208,5.0115814,5.344028,-3.991026
1766255433.3500721,5.0110707,5.3439846,-3.9909506
1766255433.3627129,5.010056,5.343888,-3.990806
1766255433.3727632,5.0095515,5.343834,-3.990737
1766255433.3832295,5.0090494,5.3437767,-3.9906695
1766255433.390144,5.0085497,5.343716,-3.9906068
1766255433.404549,5.0080523,5.3436527,-3.990546
1766255433.410547,5.007554,5.3435745,-3.9904869
1766255433.4235947,5.0065656,5.3434095,-3.9903734
1766255433.4304478,5.0060744,5.3433223,-3.990319
1766255433.44363,5.005099,5.3431406,-3.9902217
1766255433.451997,5.0048475,5.3430834,-3.9899738
1766255433.463482,5.0045934,5.3430233,-3.9897325
1766255433.470843,5.004337,5.3429604,-3.9894977
1766255433.4843197,5.0038204,5.3428364,-3.989047
1766255433.4920633,5.00356,5.34277,-3.9888353
1766255433.504229,5.0032983,5.3427014,-3.9886293
1766255433.5108254,5.003035,5.34263,-3.9884293
1766255433.5239446,5.0025053,5.342481,-3.9880452
1766255433.5324314,5.0022383,5.342404,-3.9878612
1766255433.54422,5.001969,5.3423233,-3.987686
1766255433.5513606,5.0016975,5.3422413,-3.9875154
1766255433.5644472,5.001425,5.342158,-3.9873497
1766255433.5715115,5.0011497,5.342073,-3.9871886
1766255433.5849714,5.0011063,5.341881,-3.9872272
1766255433.5916939,5.0010715,5.341781,-3.9872496
1766255433.6043088,5.0009766,5.3415756,-3.9872942
1766255433.6138167,5.000929,5.3414655,-3.9873157
1766255433.6250439,5.0008736,5.341353,-3.9873369
1766255433.6324635,5.0008106,5.3412385,-3.9873579
1766255433.645819,5.0006604,5.3410053,-3.9874058
1766255433.6532152,5.0005736,5.3408866,-3.9874294
1766255433.6653807,5.000479,5.340767,-3.9874523
1766255433.6727343,5.0003767,5.3406463,-3.9874752
1766255433.6856332,5.000267,5.3405247,-3.9874976
1766255433.693192,5.0001535,5.3404045,-3.98752
1766255433.7062786,4.99918,5.3398576,-3.9870648
1766255433.7130172,4.9983373,5.3394384,-3.986597
1766255433.7267172,4.9966793,5.3386173,-3.9857
1766255433.734751,4.9958634,5.3382144,-3.9852698
1766255433.7470305,4.9950557,5.3378167,-3.9848583
1766255433.7535145,4.994255,5.337424,-3.984458
1766255433.7668686,4.992678,5.336646,-3.98369
1766255433.7750566,4.991899,5.3362637,-3.983322
1766255433.7877443,4.991126,5.335886,-3.9829643
1766255433.794166,4.990359,5.335513,-3.9826236
1766255433.806598,4.988842,5.3347816,-3.9819727
1766255433.8150988,4.988092,5.334423,-3.9816618
1766255433.8280141,4.9877443,5.3339205,-3.9820554
1766255433.8340597,4.987391,5.3334265,-3.982441
1766255433.8470678,4.986666,5.3324637,-3.9831934
1766255433.8563092,4.9862943,5.331994,-3.9835587
1766255433.867766,4.9859166,5.331532,-3.9839168
1766255433.8744285,4.985534,5.331077,-3.9842682
1766255433.8877776,4.984755,5.33019,-3.9849527
1766255433.8960195,4.984355,5.3297668,-3.9852884
1766255433.9085786,4.983952,5.3293505,-3.9856184
1766255433.9149914,4.9835453,5.328941,-3.9859426
1766255433.928261,4.982722,5.3281403,-3.986574
1766255433.9367707,4.982305,5.3277493,-3.9868815
1766255433.949789,4.9818845,5.3273644,-3.9871852
1766255433.95627,4.9808927,5.326604,-3.9869473
1766255433.9693003,4.9799085,5.3258557,-3.9867175
1766255433.9773545,4.9789295,5.3251257,-3.986495
1766255433.9908202,4.9769926,5.3236995,-3.9860718
1766255433.9968717,4.9760337,5.323003,-3.9858754
1766255434.009887,4.974134,5.3216405,-3.9855006
1766255434.0182183,4.973192,5.320975,-3.9853215
1766255434.0300474,4.972255,5.3203187,-3.9851477
1766255434.0374815,4.9713335,5.3196735,-3.9849784
1766255434.050474,4.969503,5.3184133,-3.9846644
1766255434.05804,4.968593,5.317797,-3.984514
1766255434.0705457,4.967687,5.317191,-3.9843674
1766255434.0774364,4.966785,5.3165936,-3.9842248
1766255434.0905724,4.9647374,5.3151283,-3.9845972
1766255434.099849,4.9637265,5.314411,-3.9847806
1766255434.1113935,4.9627266,5.3137093,-3.98496
1766255434.1188927,4.961735,5.313017,-3.9851358
1766255434.1319342,4.9597745,5.3116627,-3.9854765
1766255434.1398103,4.958805,5.311001,-3.9856415
1766255434.1522167,4.957843,5.310349,-3.985806
1766255434.1589344,4.9568877,5.309707,-3.9859672
1766255434.1726942,4.954998,5.308451,-3.9862792
1766255434.1806014,4.954048,5.3078456,-3.9864304
1766255434.1922772,4.953106,5.3072495,-3.9865787
1766255434.1994438,4.952171,5.3066626,-3.9867282
1766255434.212307,4.950331,5.3042846,-3.986973
1766255434.221098,4.9494214,5.3031287,-3.9870913
1766255434.2333908,4.948518,5.3019943,-3.9872067
1766255434.2398639,4.94762,5.3008814,-3.9873195
1766255434.252962,4.945861,5.29869,-3.9875436
1766255434.2608967,4.9449887,5.297623,-3.9876509
1766255434.2728841,4.9441214,5.2965755,-3.9877553
1766255434.2808247,4.943259,5.295547,-3.9878569
1766255434.2937496,4.9415507,5.2935457,-3.9880512
1766255434.3014226,4.940705,5.2925725,-3.9881482
1766255434.3141015,4.9398646,5.291617,-3.9882424
1766255434.3201783,4.9390316,5.2906804,-3.9883337
1766255434.3346028,4.9371386,5.2889395,-3.9888515
1766255434.3428433,4.936084,5.288133,-3.9892695
1766255434.3544376,4.9350386,5.287341,-3.9896781
1766255434.3621724,4.934003,5.286564,-3.9900756
1766255434.375736,4.9329767,5.285801,-3.9904625
1766255434.3824997,4.931959,5.2850523,-3.9908388
1766255434.3962553,4.9299474,5.283588,-3.9915607
1766255434.4023635,4.928955,5.282877,-3.9919088
1766255434.4160433,4.927972,5.2821803,-3.9922473
1766255434.4225152,4.9269977,5.281497,-3.9925766
1766255434.435653,4.925075,5.28017,-3.9932075
1766255434.4434195,4.924125,5.279526,-3.9935093
1766255434.456628,4.9222646,5.27828,-3.9940867
1766255434.464277,4.9220214,5.2774115,-3.9937553
1766255434.4769082,4.921769,5.2765603,-3.9934306
1766255434.4832428,4.9215083,5.275727,-3.9931126
1766255434.4970386,4.9209642,5.274111,-3.9924948
1766255434.5046275,4.920682,5.273328,-3.9922001
1766255434.5163991,4.9203935,5.2725606,-3.9919114
1766255434.5239005,4.9200993,5.271809,-3.9916284
1766255434.5367208,4.9195447,5.2703524,-3.9910772
1766255434.5443125,4.9192586,5.269646,-3.9908092
1766255434.5569146,4.9189663,5.268954,-3.9905512
1766255434.5635824,4.918668,5.2682753,-3.9902983
1766255434.5770054,4.918054,5.26696,-3.9898067
1766255434.5866122,4.9173894,5.266629,-3.9891372
1766255434.5975814,4.916731,5.266303,-3.9884834
1766255434.6039746,4.9160767,5.2659817,-3.9878526
1766255434.6181805,4.915426,5.265665,-3.9872363
1766255434.6243973,4.9147778,5.2653527,-3.9866347
1766255434.6377292,4.9134874,5.2647424,-3.985474
1766255434.6441717,4.9128437,5.264445,-3.9849148
1766255434.65756,4.911558,5.263865,-3.983852
1766255434.6658862,4.910921,5.2635818,-3.9833403
1766255434.678135,4.910284,5.2633033,-3.982842
1766255434.6858582,4.909648,5.26303,-3.9823565
1766255434.6993058,4.9083767,5.262499,-3.981425
1766255434.7063935,4.9077425,5.262241,-3.9809864
1766255434.7186685,4.906514,5.2620835,-3.9796252
1766255434.7252474,4.905298,5.26193,-3.9783013
1766255434.738853,4.9028974,5.2616243,-3.9757617
1766255434.7469072,4.9017105,5.2614727,-3.9745445
1766255434.7584307,4.9005337,5.261325,-3.9733744
1766255434.7665615,4.8993654,5.261181,-3.9722373
1766255434.7807353,4.8970566,5.2609034,-3.970061
1766255434.7875671,4.895916,5.26077,-3.969021
1766255434.8001387,4.8947845,5.26064,-3.9680128
1766255434.8061032,4.893669,5.2605104,-3.967048
1766255434.8198738,4.891461,5.2602615,-3.9652097
1766255434.828398,4.8903666,5.2601423,-3.9643352
1766255434.839818,4.8893228,5.260472,-3.9634573
1766255434.8473308,4.8882837,5.2607956,-3.9626093
1766255434.8607836,4.8862205,5.2614245,-3.9610262
1766255434.8684223,4.8851957,5.2617316,-3.9602773
1766255434.8810945,4.8841662,5.2620373,-3.959557
1766255434.8873959,4.8831425,5.2623377,-3.9588647
1766255434.900638,4.8811126,5.262926,-3.9575624
1766255434.9084537,4.880107,5.2632136,-3.9569652
1766255434.9205766,4.879106,5.263497,-3.956394
1766255434.9286413,4.8781104,5.263777,-3.9558482
1766255434.9417512,4.8761406,5.2643147,-3.9548326
1766255434.9489222,4.8751655,5.2645736,-3.9543617
1766255434.9609244,4.874193,5.264829,-3.9539275
1766255434.9678323,4.8736606,5.2646217,-3.9540536
1766255434.9822032,4.8725753,5.2642303,-3.9543312
1766255434.9903898,4.8720245,5.2640457,-3.954483
1766255435.0036087,4.8714685,5.263868,-3.9546435
1766255435.009626,4.870908,5.263696,-3.954822
1766255435.0229337,4.8697767,5.263353,-3.955204
1766255435.0313442,4.869204,5.263188,-3.9554071
1766255435.043155,4.8686266,5.263027,-3.9556181
1766255435.049614,4.8680444,5.26287,-3.9558365
1766255435.0629997,4.866864,5.262567,-3.9563136
1766255435.0713718,4.8662663,5.2624207,-3.956562
1766255435.083037,4.865663,5.2622776,-3.956817
1766255435.0898395,4.865049,5.262136,-3.957078
1766255435.1035273,4.8640366,5.262399,-3.957947
1766255435.1109762,4.863521,5.2625265,-3.9583926
1766255435.1244807,4.863,5.262651,-3.9588394
1766255435.1305907,4.8624725,5.2627735,-3.959287
1766255435.1433501,4.8614,5.263011,-3.9601836
1766255435.1523771,4.8608546,5.263127,-3.960632
1766255435.164747,4.860312,5.2632394,-3.9610887
1766255435.1713932,4.8597627,5.2633495,-3.9615445
1766255435.184744,4.8586435,5.2635655,-3.9624536
1766255435.1927946,4.8580747,5.2636714,-3.9629064
1766255435.2057416,4.8575006,5.263775,-3.9633574
1766255435.2116199,4.8569202,5.2638774,-3.963816
1766255435.225368,4.8565955,5.2632375,-3.9642186
1766255435.2319818,4.8562584,5.2626023,-3.9646196
1766255435.2449913,4.8555474,5.261373,-3.9654152
1766255435.2526386,4.8551745,5.260778,-3.965809
1766255435.2664838,4.8543925,5.2596235,-3.9666052
1766255435.2740846,4.853984,5.259063,-3.9669983
1766255435.285911,4.8535647,5.258513,-3.967388
1766255435.2926562,4.8531346,5.2579722,-3.9677737
1766255435.3058383,4.8526883,5.2574425,-3.9681559
1766255435.3133173,4.852232,5.256922,-3.9685338
1766255435.326421,4.851289,5.255906,-3.9692953
1766255435.3332937,4.850802,5.255411,-3.969669
1766255435.3470068,4.8498173,5.2540884,-3.9702113
1766255435.3546517,4.8493185,5.2532687,-3.9703832
1766255435.3668265,4.848816,5.252461,-3.970563
1766255435.373301,4.8483014,5.251669,-3.9707406
1766255435.3870287,4.847238,5.25013,-3.9710898
1766255435.395201,4.8466907,5.2493825,-3.9712613
1766255435.4069042,4.8461328,5.2486486,-3.9714308
1766255435.4147942,4.845565,5.2479296,-3.9716082
1766255435.4275844,4.8444,5.2465315,-3.9719558
1766255435.4352136,4.843808,5.245848,-3.9721253
1766255435.4483912,4.843206,5.245178,-3.9722924
1766255435.4546785,4.8425927,5.2445216,-3.9724567
1766255435.4675043,4.841333,5.243248,-3.9727967
1766255435.4754732,4.841065,5.242952,-3.9725473
1766255435.4873784,4.840778,5.2426605,-3.9723067
1766255435.495228,4.840472,5.242374,-3.9720747
1766255435.5077536,4.839831,5.241806,-3.971636
1766255435.5163941,4.8394957,5.2415257,-3.9714406
1766255435.5296443,4.8391433,5.2412505,-3.9712527
1766255435.534977,4.8387737,5.240981,-3.9710724
1766255435.549268,4.8379827,5.2404585,-3.970734
1766255435.5561867,4.837562,5.2402053,-3.9705753
1766255435.568743,4.8371243,5.2399583,-3.9704359
1766255435.5758464,4.83667,5.2397165,-3.9703028
1766255435.5885909,4.835709,5.239249,-3.970057
1766255435.5981717,4.8350787,5.2390156,-3.9697154
1766255435.6096547,4.8344383,5.2387867,-3.9693859
1766255435.6179895,4.833788,5.238563,-3.969082
1766255435.6322398,4.832456,5.2381268,-3.9685092
1766255435.642652,4.8317738,5.237915,-3.9682395
1766255435.6544862,4.83108,5.2377067,-3.9679809
1766255435.6614687,4.830354,5.2375135,-3.9677334
1766255435.6746016,4.82887,5.2371387,-3.9672973
1766255435.6834054,4.8281116,5.2369566,-3.967095
1766255435.693783,4.827344,5.2367783,-3.9669027
1766255435.701739,4.826567,5.2366033,-3.9667208
1766255435.7155955,4.8249846,5.236264,-3.9663875
1766255435.7234404,4.824178,5.2360997,-3.9662492
1766255435.7351665,4.8235087,5.236187,-3.9660146
1766255435.7425086,4.8228254,5.2362742,-3.9657922
1766255435.7563422,4.8214183,5.2364473,-3.9653826
1766255435.7633119,4.8206944,5.236533,-3.9651947
1766255435.7753394,4.8199577,5.236618,-3.9650314
1766255435.7825892,4.8192077,5.2367024,-3.9648788
1766255435.7962449,4.817673,5.2368703,-3.964606
1766255435.80489,4.81689,5.2369537,-3.964486
1766255435.816591,4.8160954,5.2370377,-3.964376
1766255435.8234804,4.8152905,5.2371216,-3.9642906
1766255435.836502,4.813647,5.23729,-3.9641488
1766255435.844362,4.812808,5.2373743,-3.964092
1766255435.8570766,4.8117423,5.2375827,-3.9642303
1766255435.86342,4.81067,5.237789,-3.9643729
1766255435.8765388,4.8085113,5.2382007,-3.9646955
1766255435.884235,4.807427,5.2384048,-3.9648628
1766255435.897683,4.8063364,5.238608,-3.9650345
1766255435.9045908,4.8052397,5.2388096,-3.9652104
1766255435.9172685,4.8030305,5.239208,-3.9655745
1766255435.9254053,4.801916,5.239405,-3.9657755
1766255435.9381418,4.800795,5.239601,-3.9659798
1766255435.943927,4.7996716,5.2397914,-3.9661872
1766255435.9572098,4.797402,5.240168,-3.966611
1766255435.96544,4.796255,5.240354,-3.966827
1766255435.9775817,4.7950997,5.2405386,-3.967058
1766255435.9845824,4.7931824,5.241004,-3.9670043
1766255435.9980369,4.78938,5.241905,-3.9669275
1766255436.0056677,4.787495,5.242342,-3.966904
1766255436.0181718,4.785626,5.2427664,-3.9668894
1766255436.0246868,4.783767,5.2431817,-3.9668975
1766255436.0381982,4.7800756,5.2439857,-3.9669378
1766255436.046501,4.778241,5.2443748,-3.9669695
1766255436.0591283,4.7764134,5.2447553,-3.9670084
1766255436.065618,4.7745914,5.2451277,-3.9670537
1766255436.07857,4.770965,5.245848,-3.9671924
1766255436.0865045,4.7691607,5.2461967,-3.9672701
1766255436.099313,4.7673564,5.246539,-3.9673536
1766255436.1058948,4.7655582,5.246874,-3.9674425
1766255436.118503,4.7612247,5.249443,-3.9672585
1766255436.1278303,4.759079,5.250687,-3.9671955
1766255436.1394696,4.756946,5.2519045,-3.9671414
1766255436.1469245,4.754826,5.2530966,-3.9670956
1766255436.1598694,4.752718,5.2542644,-3.9670577
1766255436.1669164,4.7506275,5.255401,-3.9670274
1766255436.1803925,4.7464786,5.257605,-3.9670043
1766255436.1871068,4.74442,5.2586737,-3.9670107
1766255436.1997206,4.740336,5.260746,-3.9670434
1766255436.208587,4.7383094,5.261751,-3.9670696
1766255436.2209487,4.736294,5.262736,-3.9671018
1766255436.2274797,4.7342877,5.2637005,-3.9671547
1766255436.2410772,4.731368,5.2651424,-3.9678912
1766255436.249067,4.7298994,5.2658386,-3.9682548
1766255436.261237,4.7284245,5.2665186,-3.9686153
1766255436.2681053,4.726944,5.267183,-3.9689724
1766255436.2811954,4.7239685,5.2684627,-3.9697046
1766255436.289337,4.722475,5.269078,-3.9700663
1766255436.3014164,4.7209797,5.269676,-3.9704254
1766255436.3087542,4.7194886,5.270258,-3.9707816
1766255436.3222377,4.716499,5.271373,-3.971486
1766255436.330299,4.7149997,5.2719064,-3.9718478
1766255436.342786,4.7134976,5.272424,-3.972206
1766255436.3494375,4.711992,5.2729263,-3.9725611
1766255436.362403,4.710482,5.273413,-3.9729123
1766255436.3694615,4.7096133,5.273785,-3.9734082
1766255436.3826244,4.7077775,5.274483,-3.9743903
1766255436.3899317,4.706836,5.274813,-3.9748764
1766255436.4034014,4.7049127,5.275436,-3.9758277
1766255436.4108858,4.703931,5.275729,-3.976293
1766255436.4236887,4.7029366,5.2760105,-3.9767516
1766255436.4300613,4.70193,5.27628,-3.977215
1766255436.443949,4.700911,5.2765384,-3.9776714
1766255436.4505818,4.699879,5.276786,-3.9781203
1766255436.4638083,4.697795,5.2772574,-3.9789972
1766255436.4707842,4.696734,5.277477,-3.9794247
1766255436.4843187,4.69566,5.277685,-3.9798577
1766255436.4908798,4.694575,5.2778835,-3.9802835
1766255436.5039923,4.6921253,5.277699,-3.9833043
1766255436.5114574,4.6908884,5.277601,-3.9847631
1766255436.5250514,4.688436,5.277355,-3.9875817
1766255436.5322258,4.6871967,5.277226,-3.988948
1766255436.5443823,4.6859484,5.277093,-3.9902825
1766255436.5530565,4.684691,5.2769556,-3.991586
1766255436.5654943,4.6821465,5.276669,-3.9941003
1766255436.5731843,4.6808586,5.2765193,-3.9953122
1766255436.5850415,4.6795607,5.2763653,-3.9964995
1766255436.5920432,4.678267,5.2762017,-3.9976573
1766255436.6053684,4.6756516,5.2758627,-3.9998868
1766255436.6132376,4.674361,5.275687,-4.0008254
1766255436.6247103,4.673059,5.275507,-4.001739
1766255436.6335325,4.6717453,5.275323,-4.002635
1766255436.6467576,4.6690836,5.27494,-4.0043526
1766255436.653119,4.667733,5.2747355,-4.0051746
1766255436.66613,4.666371,5.2745266,-4.0059714
1766255436.6728957,4.6649976,5.2743134,-4.0067444
1766255436.686555,4.6622205,5.273876,-4.008232
1766255436.6944923,4.660818,5.273652,-4.00894
1766255436.7059631,4.6594067,5.2734246,-4.0096254
1766255436.7134802,4.657985,5.273194,-4.0102873
1766255436.7275143,4.6551285,5.2727213,-4.0115414
1766255436.7348306,4.6536922,5.27248,-4.0121408
1766255436.7477827,4.6524625,5.2720566,-4.0126863
1766255436.7540023,4.651216,5.271633,-4.01321
1766255436.7673635,4.648673,5.2707853,-4.01419
1766255436.775586,4.6473775,5.2703614,-4.0146484
1766255436.7867496,4.646067,5.269937,-4.0150924
1766255436.7945051,4.6447434,5.2695117,-4.0155163
1766255436.8084934,4.6420546,5.268646,-4.016305
1766255436.8152134,4.640692,5.268213,-4.01667
1766255436.8280108,4.639317,5.2677803,-4.0170164
1766255436.834471,4.637929,5.2673473,-4.0173507
1766255436.8482258,4.6351147,5.266483,-4.0179653
1766255436.8563921,4.6336875,5.2660513,-4.0182457
1766255436.8681889,4.6324096,5.2650905,-4.018981
1766255436.8752544,4.631112,5.2641416,-4.0196877
1766255436.8885539,4.6284685,5.262274,-4.0210266
1766255436.8965394,4.6271253,5.261354,-4.021657
1766255436.9082794,4.6257687,5.2604437,-4.0222626
1766255436.915102,4.624399,5.2595425,-4.022844
1766255436.928394,4.6216216,5.257766,-4.023935
1766255436.9365287,4.620193,5.2568803,-4.0244493
1766255436.9489307,4.618751,5.256003,-4.024942
1766255436.9560962,4.6172953,5.255134,-4.025412
1766255436.969234,4.6143403,5.253421,-4.0262895
1766255436.976747,4.6128426,5.252577,-4.0266967
1766255436.989605,4.611333,5.251741,-4.0270877
1766255436.9958928,4.6096315,5.251038,-4.027311
1766255437.0088618,4.6079245,5.250341,-4.027519
1766255437.016375,4.606215,5.249645,-4.027713
1766255437.029973,4.602777,5.248271,-4.028057
1766255437.0362542,4.601047,5.247593,-4.0282125
1766255437.0500503,4.5975623,5.2462564,-4.028482
1766255437.0578933,4.5958066,5.2455983,-4.028597
1766255437.0702844,4.594043,5.2449465,-4.0286984
1766255437.0767345,4.5922694,5.244301,-4.0287876
1766255437.0899017,4.588696,5.2430196,-4.028937
1766255437.0981746,4.586899,5.2423887,-4.028994
1766255437.110219,4.5850954,5.2417655,-4.0290403
1766255437.117074,4.5832863,5.2411485,-4.029075
1766255437.1309927,4.5806518,5.2413473,-4.028651
1766255437.1384537,4.5793095,5.2414336,-4.028439
1766255437.1513722,4.57795,5.241512,-4.028222
1766255437.1575658,4.576557,5.2415895,-4.028001
1766255437.1707597,4.573722,5.241723,-4.027547
1766255437.1799726,4.572281,5.2417808,-4.0273137
1766255437.1904109,4.570826,5.2418327,-4.0270834
1766255437.1983767,4.569358,5.24188,-4.02685
1766255437.2134924,4.567878,5.2419224,-4.026614
1766255437.21794,4.5663857,5.24196,-4.026376
1766255437.2325163,4.5633497,5.2420535,-4.025892
1766255437.2379935,4.5618124,5.2420926,-4.0256524
1766255437.251305,4.5581746,5.2427444,-4.026289
1766255437.2604542,4.5563416,5.243054,-4.0265837
1766255437.2714653,4.5544996,5.243353,-4.026863
1766255437.279146,4.552648,5.2436414,-4.0271277
1766255437.2922242,4.548913,5.2441974,-4.0276194
1766255437.2998583,4.547031,5.244466,-4.0278454
1766255437.3118753,4.545142,5.244725,-4.028059
1766255437.3186874,4.5432467,5.244975,-4.0282607
1766255437.3319442,4.5413437,5.245217,-4.028451
1766255437.3389692,4.539433,5.24545,-4.0286303
1766255437.3523138,4.5355854,5.24589,-4.0289598
1766255437.359228,4.5336475,5.246097,-4.029109
1766255437.3736458,4.5298505,5.2467923,-4.02972
1766255437.38064,4.528013,5.247252,-4.0301733
1766255437.3931308,4.5261636,5.247698,-4.0306087
1766255437.3997285,4.524303,5.248131,-4.0310264
1766255437.412551,4.520551,5.248959,-4.031812
1766255437.4224355,4.51866,5.249355,-4.03218
1766255437.433552,4.5167584,5.249738,-4.0325317
1766255437.4400382,4.5148463,5.250108,-4.032868
1766255437.4533556,4.5109897,5.250811,-4.033493
1766255437.4615407,4.509044,5.2511454,-4.0337825
1766255437.4738553,4.507087,5.251468,-4.0340567
1766255437.4805884,4.5051193,5.25178,-4.034316
1766255437.4936833,4.501155,5.252372,-4.0347943
1766255437.5023355,4.4990387,5.2527456,-4.0351562
1766255437.514877,4.4969163,5.253109,-4.0355005
1766255437.5226142,4.4947886,5.2534614,-4.035827
1766255437.5357974,4.490514,5.2541347,-4.0364304
1766255437.5446327,4.488366,5.254455,-4.036708
1766255437.5592105,4.4862113,5.254766,-4.0369687
1766255437.5778613,4.484049,5.255067,-4.0372133
1766255437.5923886,4.4796963,5.2556353,-4.037656
1766255437.6007328,4.4775085,5.2559037,-4.037854
1766255437.61209,4.4753156,5.256162,-4.0380383
1766255437.6187723,4.4731174,5.2564106,-4.038208
1766255437.6325104,4.468704,5.2568774,-4.038505
1766255437.6419134,4.4657507,5.2571588,-4.037979
1766255437.6533532,4.4628077,5.257429,-4.037456
1766255437.660204,4.459873,5.2576895,-4.036938
1766255437.673505,4.45403,5.258166,-4.0359097
1766255437.6817102,4.4511213,5.2583885,-4.035399
1766255437.6936693,4.448221,5.2586017,-4.0348907
1766255437.7010298,4.4453297,5.258805,-4.0343847
1766255437.7143312,4.43957,5.259183,-4.0333853
1766255437.721655,4.4367003,5.259358,-4.032889
1766255437.734634,4.433836,5.2595234,-4.032394
1766255437.74069,4.43098,5.259691,-4.0319014
1766255437.754719,4.4252806,5.259998,-4.030922
1766255437.7625444,4.4224358,5.260138,-4.0304384
1766255437.7741122,4.42012,5.260363,-4.030242
1766255437.7816553,4.417794,5.2605767,-4.0300407
1766255437.7948744,4.4154606,5.260779,-4.029835
1766255437.8012087,4.4131203,5.26097,-4.029627
1766255437.8148293,4.4084473,5.261326,-4.0292025
1766255437.8219614,4.406115,5.2614913,-4.028988
1766255437.8355143,4.4014325,5.2617917,-4.0285516
1766255437.84338,4.3990817,5.2619267,-4.0283303
1766255437.8554976,4.3967237,5.2620525,-4.0281076
1766255437.862494,4.394359,5.262168,-4.027885
1766255437.8755863,4.3896103,5.2623706,-4.027436
1766255437.8833296,4.3872313,5.262459,-4.0272098
1766255437.8962991,4.385106,5.2623363,-4.0267496
1766255437.9032655,4.3829722,5.2622094,-4.0262957
1766255437.9170136,4.3786798,5.2619443,-4.0254107
1766255437.9243538,4.376521,5.261806,-4.0249767
1766255437.9361563,4.374353,5.2616634,-4.024548
1766255437.9434097,4.3721757,5.2615166,-4.0241246
1766255437.9568467,4.3678284,5.261192,-4.0232944
1766255437.9646137,4.3656397,5.261024,-4.02289
1766255437.9773352,4.363441,5.2608523,-4.0224905
1766255437.9841225,4.3612323,5.260677,-4.022096
1766255437.9980836,4.35679,5.260315,-4.021323
1766255438.00523,4.3545585,5.260128,-4.0209455
1766255438.0182512,4.3523207,5.259938,-4.0205765
1766255438.0244656,4.350636,5.259808,-4.020557
1766255438.039843,4.347206,5.259534,-4.020509
1766255438.0494032,4.3454604,5.2593904,-4.020481
1766255438.0605857,4.343694,5.259242,-4.0204506
1766255438.0669484,4.341907,5.259089,-4.020419
1766255438.0801911,4.338273,5.2587714,-4.020348
1766255438.088311,4.3364453,5.2585907,-4.02031
1766255438.1005774,4.3346004,5.258406,-4.02027
1766255438.107715,4.332739,5.258218,-4.0202284
1766255438.120479,4.328968,5.2578306,-4.0201454
1766255438.1286955,4.327059,5.257632,-4.020102
1766255438.1413846,4.3251333,5.257429,-4.020057
1766255438.147795,4.3231907,5.2572236,-4.020011
1766255438.1609972,4.320703,5.2567544,-4.020178
1766255438.1685126,4.3182125,5.256293,-4.020338
1766255438.1814542,4.3132157,5.255377,-4.0206394
1766255438.1885018,4.310709,5.2549224,-4.020781
1766255438.2023509,4.305683,5.254018,-4.0210476
1766255438.2099676,4.303164,5.253567,-4.021173
1766255438.2227285,4.300641,5.2531176,-4.021293
1766255438.229025,4.298129,5.252646,-4.0214086
1766255438.2420065,4.2930884,5.2517056,-4.021622
1766255438.2513788,4.2905593,5.2512374,-4.021721
1766255438.2616608,4.2880235,5.2507696,-4.021814
1766255438.269852,4.2854805,5.2503023,-4.0219
1766255438.2831395,4.27999,5.2500615,-4.022617
1766255438.2914548,4.277243,5.24993,-4.0229573
1766255438.3034735,4.2744956,5.2497945,-4.0232863
1766255438.3104267,4.271747,5.249652,-4.023604
1766255438.3240113,4.266246,5.249349,-4.024202
1766255438.332244,4.2634926,5.2491894,-4.024484
1766255438.3438685,4.2607365,5.2490244,-4.024756
1766255438.3509493,4.2579765,5.2488537,-4.0250163
1766255438.36479,4.255213,5.248678,-4.0252657
1766255438.3713632,4.252445,5.2484984,-4.025504
1766255438.3848693,4.2468963,5.248125,-4.0259447
1766255438.3908432,4.2441363,5.247912,-4.0261497
1766255438.4054127,4.241374,5.247695,-4.0263443
1766255438.411954,4.2391953,5.247284,-4.026552
1766255438.4253185,4.234788,5.2464643,-4.0269365
1766255438.4319587,4.2325606,5.246055,-4.0271134
1766255438.4452267,4.228059,5.2452383,-4.0274377
1766255438.4532747,4.225785,5.24483,-4.027585
1766255438.466882,4.2235084,5.2444205,-4.0277224
1766255438.4724402,4.2212167,5.2440114,-4.0278482
1766255438.4858375,4.216591,5.2431946,-4.028072
1766255438.493423,4.2142587,5.242787,-4.0281706
1766255438.505793,4.211915,5.242379,-4.028261
1766255438.5128338,4.20956,5.241971,-4.0283427
1766255438.525895,4.2048144,5.2411866,-4.028477
1766255438.5345376,4.2020407,5.2407045,-4.028447
1766255438.5467744,4.1992645,5.240225,-4.0284104
1766255438.554569,4.1964846,5.2397475,-4.0283675
1766255438.5672987,4.1909127,5.238801,-4.0282626
1766255438.5797057,4.1881194,5.238332,-4.028199
1766255438.591029,4.1853223,5.237865,-4.0281296
1766255438.5980463,4.182522,5.237401,-4.0280547
1766255438.6107588,4.176925,5.236496,-4.0278883
1766255438.6205893,4.174124,5.236047,-4.027798
1766255438.6315703,4.17132,5.2356,-4.0277014
1766255438.6381557,4.168513,5.2351556,-4.0276
1766255438.6522436,4.162887,5.234274,-4.0273833
1766255438.659749,4.1594715,5.2343726,-4.0279326
1766255438.6715662,4.1560454,5.234472,-4.0284605
1766255438.67895,4.1526284,5.234562,-4.028963
1766255438.6923456,4.1458206,5.234717,-4.0299125
1766255438.7002409,4.1424303,5.2347827,-4.03036
1766255438.7127326,4.1390486,5.234841,-4.030791
1766255438.7193465,4.1356745,5.2348924,-4.0312037
1766255438.7329237,4.1289473,5.234974,-4.0319695
1766255438.740301,4.1256037,5.2350144,-4.0323286
1766255438.752695,4.1222644,5.235049,-4.0326715
1766255438.7600887,4.1189284,5.2350764,-4.0329986
1766255438.7735634,4.112266,5.2351127,-4.0336056
1766255438.7811081,4.108939,5.2351217,-4.033881
1766255438.7929678,4.1055346,5.2355704,-4.03355
1766255438.7999458,4.102137,5.2360044,-4.0332193
1766255438.8138971,4.0953684,5.2368727,-4.0325627
1766255438.8213584,4.091995,5.237287,-4.032235
1766255438.833306,4.0886273,5.2376876,-4.0319066
1766255438.8400922,4.0852647,5.2380757,-4.031578
1766255438.8534808,4.0785546,5.238813,-4.0309224
1766255438.861479,4.0752053,5.2391634,-4.030594
1766255438.8737335,4.0718594,5.239502,-4.0302653
1766255438.8811796,4.0685277,5.2398252,-4.0299344
1766255438.894102,4.061877,5.2404385,-4.029273
1766255438.9020188,4.05856,5.2407284,-4.028943
1766255438.9147437,4.055185,5.2411194,-4.029167
1766255438.921385,4.051817,5.241497,-4.0293775
1766255438.9344141,4.048455,5.241861,-4.02957
1766255438.9413848,4.0450997,5.242212,-4.02975
1766255438.955856,4.0384197,5.242861,-4.0300727
1766255438.9616034,4.0350933,5.24316,-4.0302167
1766255438.9757462,4.0284495,5.243721,-4.0304713
1766255438.9829698,4.025133,5.243984,-4.0305777
1766255438.9950838,4.021822,5.2442365,-4.0306745
1766255439.0020723,4.018516,5.2444773,-4.030762
1766255439.0154724,4.011921,5.2449245,-4.0309114
1766255439.0233123,4.0086308,5.2451253,-4.030973
1766255439.0365949,4.0053444,5.2453146,-4.031021
1766255439.0430074,4.001943,5.2455225,-4.031241
1766255439.0565233,3.995157,5.245906,-4.031642
1766255439.0663168,3.9917712,5.2460814,-4.0318236
1766255439.0778341,3.9883902,5.2462463,-4.031993
1766255439.084016,3.9850137,5.2464004,-4.032145
1766255439.0980072,3.9816537,5.24654,-4.0322857
1766255439.103943,3.9782999,5.246669,-4.032416
1766255439.1179044,3.9716105,5.246894,-4.0326447
1766255439.1238835,3.9682748,5.246991,-4.032744
1766255439.1368577,3.9616191,5.247154,-4.0329013
1766255439.1454797,3.958298,5.247221,-4.0329657
1766255439.1575458,3.9549804,5.247278,-4.03302
1766255439.1647477,3.9516625,5.2473173,-4.0330653
1766255439.177904,3.9454134,5.247305,-4.034166
1766255439.1863883,3.9422884,5.2472878,-4.0346727
1766255439.1995609,3.9391642,5.2472634,-4.035159
1766255439.2047234,3.9360414,5.2472324,-4.035625
1766255439.217796,3.9297998,5.24715,-4.0364966
1766255439.2274408,3.92668,5.247099,-4.0369034
1766255439.23839,3.9235601,5.2470493,-4.0372825
1766255439.2455175,3.9204397,5.246993,-4.0376425
1766255439.2591534,3.9141946,5.24686,-4.0383086
1766255439.2674985,3.9110692,5.246783,-4.0386147
1766255439.2798207,3.9079418,5.2466993,-4.0389028
1766255439.28618,3.9048128,5.2466097,-4.0391655
1766255439.2993374,3.8980765,5.2462726,-4.040162
1766255439.3091633,3.8947208,5.2461014,-4.040628
1766255439.3208218,3.8913717,5.245925,-4.041073
1766255439.3280096,3.8880293,5.2457433,-4.041497
1766255439.341457,3.8813612,5.2453647,-4.0422626
1766255439.3490252,3.8780339,5.2451677,-4.042616
1766255439.3618553,3.8747098,5.2449656,-4.0429497
1766255439.3682747,3.8713884,5.2447586,-4.043264
1766255439.3818173,3.8680696,5.2445474,-4.04356
1766255439.3884375,3.8647513,5.244322,-4.043837
1766255439.4020853,3.858126,5.243856,-4.0443177
1766255439.4088452,3.85482,5.243616,-4.044533
1766255439.4218824,3.8515189,5.2433715,-4.044731
1766255439.428894,3.8477135,5.2430944,-4.0449696
1766255439.442759,3.8401427,5.242529,-4.045385
1766255439.4490573,3.836387,5.2422395,-4.0455627
1766255439.462796,3.8289049,5.241649,-4.0458713
1766255439.4702146,3.8251772,5.2413487,-4.046002
1766255439.4827657,3.8214576,5.241045,-4.0461173
1766255439.48933,3.8177464,5.2407374,-4.0462065
1766255439.5024147,3.8103516,5.240112,-4.0463433
1766255439.510397,3.8066695,5.239794,-4.046392
1766255439.5233214,3.8029876,5.2394624,-4.0464272
1766255439.530072,3.7993152,5.2391276,-4.0464497
1766255439.5434954,3.7956517,5.23879,-4.046449
1766255439.5498192,3.7919965,5.2384496,-4.046437
1766255439.5634618,3.7848027,5.2368646,-4.0452433
1766255439.571354,3.7812111,5.2360816,-4.0446496
1766255439.5854607,3.7740374,5.2345347,-4.0434675
1766255439.5912142,3.7704499,5.233766,-4.0428734
1766255439.6037688,3.7668679,5.233003,-4.042282
1766255439.6107368,3.7632918,5.2322445,-4.0416937
1766255439.6251736,3.7597218,5.231491,-4.041108
1766255439.6305299,3.7561572,5.230742,-4.040526
1766255439.6439219,3.7490418,5.229257,-4.0393615
1766255439.6518428,3.7454894,5.2285204,-4.0387807
1766255439.6654475,3.738479,5.2270494,-4.0376287
1766255439.6724627,3.7343566,5.226229,-4.0373125
1766255439.6853867,3.7302516,5.225416,-4.036995
1766255439.691639,3.726165,5.22461,-4.036667
1766255439.7052827,3.7180483,5.2230177,-4.0360107
1766255439.713173,3.7140172,5.222232,-4.035682
1766255439.725394,3.7100027,5.2214518,-4.035354
1766255439.732536,3.7059991,5.220674,-4.0350266
1766255439.7459717,3.6980338,5.2191386,-4.0343575
1766255439.753004,3.69407,5.2183805,-4.0340242
1766255439.765646,3.6901178,5.2176285,-4.033692
1766255439.77251,3.6861768,5.2168827,-4.0333605
1766255439.7862425,3.6822472,5.216143,-4.03303
1766255439.792539,3.6783304,5.2154098,-4.0327015
1766255439.8058696,3.6706038,5.2138352,-4.032168
1766255439.8128037,3.666826,5.2129817,-4.031968
1766255439.826346,3.6592965,5.2113028,-4.031565
1766255439.8338354,3.6555426,5.2104774,-4.031362
1766255439.8467448,3.6517951,5.2096605,-4.031149
1766255439.8529267,3.6480532,5.2088523,-4.0309353
1766255439.8665092,3.6443162,5.208053,-4.03072
1766255439.87371,3.640584,5.207262,-4.0305047
1766255439.88656,3.633132,5.2057004,-4.0300703
1766255439.8942614,3.6294153,5.2049317,-4.0298433
1766255439.9070864,3.6220045,5.2034173,-4.0293903
1766255439.9155455,3.618311,5.202672,-4.0291653
1766255439.9275749,3.6146142,5.2013607,-4.029046
1766255439.9342043,3.6109257,5.2000685,-4.0289245
1766255439.947798,3.6035707,5.19754,-4.0286565
1766255439.9552987,3.5999117,5.1963043,-4.0285196
1766255439.9693751,3.5962582,5.1950865,-4.0283804
1766255439.9828703,3.59261,5.193885,-4.0282397
1766255439.9974866,3.5889676,5.1927004,-4.0280967
1766255440.0055768,3.5853317,5.191531,-4.027952
1766255440.0198965,3.5780826,5.189241,-4.0276403
1766255440.0311816,3.5744698,5.188118,-4.0274835
1766255440.0453136,3.5708644,5.1870093,-4.0273256
1766255440.0522914,3.5672731,5.1859193,-4.027167
1766255440.068396,3.5601077,5.18378,-4.026837
1766255440.074418,3.5562944,5.182843,-4.026914
1766255440.0885453,3.5486965,5.1809998,-4.027045
1766255440.0971644,3.5449128,5.1800933,-4.0270996
1766255440.109015,3.5411396,5.179197,-4.0271473
1766255440.1151943,3.537428,5.178312,-4.0271783
1766255440.1288714,3.5300298,5.1765723,-4.0272217
1766255440.1363974,3.5263414,5.1757174,-4.0272336
1766255440.1484575,3.522659,5.1748724,-4.0272393
1766255440.1551104,3.518982,5.174037,-4.027239
1766255440.1682763,3.5153093,5.173211,-4.0272207
1766255440.1756144,3.5116413,5.1723948,-4.027197
1766255440.1902568,3.5043237,5.170788,-4.027132
1766255440.1963165,3.5006757,5.1699967,-4.027092
1766255440.210125,3.4938588,5.168627,-4.0267706
1766255440.2170486,3.490452,5.1679525,-4.026597
1766255440.22974,3.4870465,5.167285,-4.026422
1766255440.2361526,3.4836419,5.1666236,-4.026245
1766255440.2490313,3.4768324,5.165322,-4.025885
1766255440.2571948,3.4734294,5.164655,-4.0257015
1766255440.2694817,3.4700258,5.1639953,-4.025506
1766255440.275753,3.466621,5.1633415,-4.025309
1766255440.2895386,3.4632156,5.1626935,-4.0251102
1766255440.2958977,3.4598107,5.162052,-4.02491
1766255440.3086433,3.4530065,5.16079,-4.0245066
1766255440.3161855,3.4496071,5.1601677,-4.0242934
1766255440.3300455,3.445979,5.160859,-4.0244246
1766255440.3359044,3.4423444,5.161542,-4.0245447
1766255440.3500195,3.4350889,5.162845,-4.024753
1766255440.355942,3.4314666,5.163468,-4.0248423
1766255440.3691783,3.4242282,5.1646585,-4.0249667
1766255440.3774626,3.4206116,5.165229,-4.025015
1766255440.3895056,3.4169972,5.1657834,-4.025054
1766255440.396972,3.4133859,5.1663227,-4.0250854
1766255440.4102156,3.4061873,5.1673613,-4.025125
1766255440.4172435,3.4025946,5.167861,-4.025122
1766255440.4302123,3.3990057,5.168348,-4.0251126
1766255440.4365506,3.39542,5.1688223,-4.0250964
1766255440.450175,3.3887687,5.169981,-4.0249987
1766255440.4582498,3.38569,5.170659,-4.024919
1766255440.47055,3.3826008,5.1713195,-4.024823
1766255440.4769044,3.3794951,5.1719694,-4.0247235
1766255440.4900727,3.373257,5.1732173,-4.0245132
1766255440.4981675,3.3701272,5.1738167,-4.0244036
1766255440.5106587,3.3669918,5.1743994,-4.0242915
1766255440.5169225,3.3638508,5.1749654,-4.0241656
1766255440.5302467,3.3607044,5.1755147,-4.024038
1766255440.5373032,3.3575523,5.1760483,-4.0239077
1766255440.550277,3.351265,5.1770735,-4.0236416
1766255440.558175,3.3481104,5.1775627,-4.0235057
1766255440.5719953,3.344948,5.178036,-4.0233555
1766255440.5776598,3.341778,5.1784945,-4.0232034
1766255440.5913973,3.3349087,5.1794176,-4.0221663
1766255440.5982635,3.331472,5.1798553,-4.0216584
1766255440.612145,3.3246067,5.1806827,-4.020665
1766255440.619316,3.3211782,5.181073,-4.02017
1766255440.632253,3.317749,5.1814494,-4.019683
1766255440.6385262,3.3143184,5.181811,-4.019202
1766255440.6520243,3.3074503,5.1824913,-4.018262
1766255440.6606433,3.3040113,5.1828103,-4.0178013
1766255440.6724696,3.300568,5.183115,-4.0173373
1766255440.679083,3.2971208,5.183407,-4.01688
1766255440.6929667,3.29367,5.183685,-4.0164294
1766255440.6989467,3.2902086,5.1839457,-4.0159855
1766255440.7126179,3.2837555,5.1844187,-4.0145297
1766255440.7195158,3.2805195,5.184637,-4.013816
1766255440.7330801,3.2740273,5.185039,-4.01243
1766255440.7405293,3.2707698,5.185223,-4.011758
1766255440.753156,3.267504,5.1853957,-4.011099
1766255440.7594814,3.2642295,5.185557,-4.0104527
1766255440.7736187,3.2576492,5.1858363,-4.009185
1766255440.7809877,3.2543461,5.1859593,-4.0085697
1766255440.7934916,3.2510366,5.1860723,-4.007968
1766255440.8005323,3.2477214,5.186176,-4.00738
1766255440.814297,3.2410758,5.186353,-4.0062447
1766255440.8211884,3.2377453,5.1864276,-4.0056896
1766255440.8326538,3.2347836,5.18642,-4.005325
1766255440.84038,3.2318082,5.1864038,-4.004968
1766255440.8537562,3.2258146,5.1863465,-4.0042768
1766255440.862891,3.222796,5.1863055,-4.003942
1766255440.8736048,3.2197623,5.186257,-4.003607
1766255440.8812826,3.2167144,5.1862006,-4.003279
1766255440.894989,3.2105796,5.186064,-4.002649
1766255440.9023294,3.2074807,5.185976,-4.002346
1766255440.914604,3.2043722,5.1858807,-4.0020523
1766255440.9212406,3.2012544,5.185778,-4.0017595
1766255440.9348822,3.1949904,5.185552,-4.0012
1766255440.9427109,3.1918435,5.185428,-4.0009336
1766255440.9548528,3.1895103,5.185628,-4.000888
1766255440.9620821,3.1871486,5.1858144,-4.0008454
1766255440.9760342,3.182337,5.1861477,-4.000752
1766255440.9833746,3.179889,5.1862946,-4.00071
1766255440.9961417,3.1774156,5.18643,-4.0006714
1766255441.0023692,3.174919,5.186554,-4.0006366
1766255441.0159945,3.1698596,5.186771,-4.00058
1766255441.0246627,3.1672976,5.1868634,-4.000549
1766255441.036021,3.1647139,5.1869464,-4.000522
1766255441.043341,3.162109,5.1870284,-4.000499
1766255441.0565739,3.1568327,5.1871657,-4.000463
1766255441.0643013,3.1541612,5.1872215,-4.00045
1766255441.0768075,3.1514676,5.1872683,-4.0004315
1766255441.083278,3.1486256,5.1868815,-4.000472
1766255441.0963047,3.1428928,5.1861105,-4.000561
1766255441.1045673,3.1400037,5.1857247,-4.0006104
1766255441.1165228,3.1370919,5.1853476,-4.000662
1766255441.1236925,3.134165,5.1849694,-4.0007067
1766255441.13716,3.1282654,5.1842103,-4.0008035
1766255441.1455607,3.1252916,5.1838284,-4.0008545
1766255441.1575966,3.1223016,5.183445,-4.000907
1766255441.1640036,3.1192944,5.1830597,-4.0009613
1766255441.1773286,3.1132288,5.182284,-4.001055
1766255441.1853445,3.1101673,5.181894,-4.001103
1766255441.1976466,3.1070905,5.181503,-4.0011525
1766255441.2044628,3.103999,5.1811104,-4.001203
1766255441.2196732,3.097504,5.179935,-3.9994307
1766255441.2264626,3.0942416,5.179353,-3.9985783
1766255441.238968,3.0909688,5.1787753,-3.9977496
1766255441.2449484,3.0876856,5.178201,-3.9969435
1766255441.2583432,3.0810947,5.177069,-3.995396
1766255441.2668638,3.0777814,5.1765084,-3.9946532
1766255441.278424,3.0744565,5.175951,-3.9939277
1766255441.28577,3.0711198,5.175397,-3.9932215
1766255441.2990956,3.0644183,5.174299,-3.991869
1766255441.3069992,3.061055,5.1737547,-3.9912221
1766255441.319267,3.0576835,5.173214,-3.9905941
1766255441.3258278,3.0542815,5.172677,-3.9899821
1766255441.3394,3.0466998,5.1721425,-3.9870274
1766255441.3478305,3.042908,5.1718726,-3.9856098
1766255441.3598375,3.0391147,5.171601,-3.9842308
1766255441.3668468,3.035319,5.171327,-3.9828892
1766255441.380423,3.0277205,5.1707764,-3.9803205
1766255441.3881764,3.023919,5.1704993,-3.9790902
1766255441.4009893,3.0201268,5.170216,-3.9778965
1766255441.4073489,3.0163352,5.169932,-3.9767382
1766255441.4202135,3.0087528,5.1693625,-3.9745266
1766255441.4292006,3.0049603,5.1690774,-3.9734747
1766255441.4412818,3.0011659,5.168792,-3.9724562
1766255441.4477856,2.9973683,5.168506,-3.9714706
1766255441.4608161,2.9895742,5.1679235,-3.9689336
1766255441.469408,2.9855816,5.167626,-3.9673984
1766255441.4815688,2.9815898,5.1673274,-3.9659173
1766255441.4878907,2.977599,5.1670275,-3.964483
1766255441.5011644,2.9736106,5.1667266,-3.9630957
1766255441.5086126,2.9696257,5.1664243,-3.9617548
1766255441.5210724,2.961669,5.1658163,-3.9592106
1766255441.5284188,2.9576957,5.16551,-3.9580116
1766255441.5412567,2.9497712,5.164888,-3.9557433
1766255441.5500612,2.9458103,5.164575,-3.9546723
1766255441.5631096,2.941849,5.1642613,-3.9536426
1766255441.5685208,2.9378874,5.1639466,-3.9526532
1766255441.581688,2.9299626,5.1633115,-3.9508057
1766255441.5896547,2.9260573,5.163278,-3.9504788
1766255441.6020906,2.9221544,5.1632357,-3.9501765
1766255441.6088386,2.9182558,5.1631813,-3.9498985
1766255441.6220498,2.9104657,5.1630483,-3.9494147
1766255441.6304228,2.9065733,5.162971,-3.9492114
1766255441.642929,2.9026818,5.162886,-3.9490306
1766255441.649315,2.8987904,5.162795,-3.9488723
1766255441.6628509,2.8910055,5.162593,-3.948622
1766255441.6712768,2.8871121,5.162476,-3.9485283
1766255441.6829906,2.8832173,5.1623526,-3.9484577
1766255441.689885,2.8793218,5.162224,-3.9484076
1766255441.703679,2.8715317,5.1619506,-3.9483664
1766255441.711238,2.8671515,5.161787,-3.9482517
1766255441.7232816,2.8627849,5.161619,-3.9481587
1766255441.7299163,2.8584316,5.161446,-3.94809
1766255441.7430804,2.8540907,5.1612687,-3.9480417
1766255441.7503161,2.8497448,5.161098,-3.948013
1766255441.7630289,2.841085,5.1607423,-3.9480112
1766255441.7706866,2.836769,5.1605577,-3.9480367
1766255441.7836754,2.8324618,5.160369,-3.948083
1766255441.790787,2.8281631,5.1601768,-3.9481454
1766255441.8038676,2.8195932,5.15978,-3.948317
1766255441.810704,2.8153229,5.159577,-3.9484255
1766255441.8239276,2.806806,5.159151,-3.9486852
1766255441.8325624,2.802561,5.158933,-3.948839
1766255441.8436446,2.7986865,5.158343,-3.9497473
1766255441.851538,2.7948103,5.157757,-3.950649
1766255441.8639352,2.7870517,5.156599,-3.952432
1766255441.8727663,2.7831688,5.1560264,-3.9533129
1766255441.8852675,2.7792835,5.155458,-3.9541867
1766255441.8911133,2.7754257,5.1548862,-3.9550538
1766255441.904232,2.7677073,5.153754,-3.9567683
1766255441.9127085,2.763849,5.153193,-3.9576156
1766255441.9246304,2.7599916,5.1526356,-3.9584563
1766255441.9318087,2.7561352,5.152081,-3.9592896
1766255441.944791,2.7484248,5.1509824,-3.9609346
1766255441.9533985,2.7445722,5.1504426,-3.9617455
1766255441.9652278,2.7410395,5.150252,-3.9623826
1766255441.972223,2.7374985,5.150057,-3.963015
1766255441.9852493,2.7303917,5.149656,-3.964269
1766255441.9932797,2.7268276,5.1494493,-3.9648883
1766255442.0059726,2.7232575,5.1492395,-3.9655027
1766255442.012835,2.7196822,5.149027,-3.9661117
1766255442.02592,2.7125099,5.148581,-3.967313
1766255442.0340967,2.7089128,5.1483483,-3.9679055
1766255442.0472467,2.7053106,5.1481137,-3.9684916
1766255442.0534544,2.7017028,5.1478777,-3.969071
1766255442.067429,2.6980891,5.14764,-3.9696429
1766255442.0743654,2.694469,5.1474013,-3.9702072
1766255442.0878806,2.6872087,5.1469197,-3.971313
1766255442.0942087,2.683606,5.14661,-3.9719117
1766255442.1069882,2.6764207,5.145977,-3.97308
1766255442.116884,2.6728222,5.1456614,-3.9736497
1766255442.1277816,2.6692207,5.145346,-3.9742095
1766255442.1341107,2.6656153,5.145031,-3.9747603
1766255442.147639,2.6583931,5.144402,-3.9758313
1766255442.1565154,2.6547756,5.144088,-3.9763517
1766255442.1689055,2.6511528,5.143774,-3.976862
1766255442.175226,2.647525,5.14346,-3.9773622
1766255442.1888497,2.6402025,5.142853,-3.9783337
1766255442.1972494,2.6365368,5.142549,-3.9788055
1766255442.2100458,2.6328688,5.142246,-3.9792683
1766255442.2158191,2.6291978,5.141943,-3.9797223
1766255442.2296197,2.6229753,5.1420193,-3.9822485
1766255442.2371633,2.61984,5.1420455,-3.983463
1766255442.2527437,2.616688,5.142065,-3.984648
1766255442.2586806,2.613534,5.1420774,-3.9858043
1766255442.2723813,2.6071768,5.1420827,-3.988033
1766255442.2802582,2.6039739,5.1420746,-3.9891064
1766255442.2923467,2.600756,5.1420608,-3.9901497
1766255442.299131,2.5975244,5.142041,-3.9911675
1766255442.3121805,2.5910256,5.1419854,-3.99313
1766255442.3199036,2.5877593,5.14195,-3.9940755
1766255442.3323865,2.5844634,5.141945,-3.9949975
1766255442.3393955,2.5811563,5.1419344,-3.9958923
1766255442.352813,2.5781615,5.142282,-3.9960396
1766255442.3595297,2.5751472,5.142617,-3.9961832
1766255442.3736758,2.5690603,5.1432514,-3.9964583
1766255442.3796508,2.5659878,5.14355,-3.9965892
1766255442.3931823,2.559791,5.144106,-3.9968388
1766255442.401443,2.556669,5.144364,-3.9969573
1766255442.4137719,2.5535316,5.1446123,-3.9970717
1766255442.42054,2.5503795,5.144851,-3.997182
1766255442.4332807,2.5440304,5.1453004,-3.9973896
1766255442.442308,2.5408328,5.145511,-3.9974868
1766255442.4539473,2.537619,5.145712,-3.9975793
1766255442.4626744,2.5343893,5.1459036,-3.997667
1766255442.47443,2.53114,5.146077,-3.9977503
1766255442.4810042,2.5282345,5.146268,-3.9970791
1766255442.4948218,2.5223536,5.146621,-3.9957829
1766255442.5010297,2.5193813,5.1467843,-3.9951577
1766255442.5144944,2.5133805,5.147085,-3.9939487
1766255442.5222728,2.5103538,5.1472225,-3.9933643
1766255442.5353332,2.5073094,5.147351,-3.992793
1766255442.5412207,2.5042558,5.147453,-3.99224
1766255442.555489,2.5011837,5.147547,-3.9916995
1766255442.5618873,2.498093,5.147632,-3.9911711
1766255442.5751095,2.4918535,5.1477785,-3.9901512
1766255442.5824623,2.488706,5.1478395,-3.9896593
1766255442.5955641,2.485542,5.147893,-3.9891846
1766255442.602016,2.4823632,5.1479383,-3.988723
1766255442.6161964,2.475815,5.1482134,-3.988086
1766255442.6223872,2.4725187,5.1483364,-3.9877825
1766255442.636115,2.4658856,5.1485505,-3.9872048
1766255442.6438963,2.4625478,5.1486425,-3.9869342
1766255442.6557715,2.459195,5.1487246,-3.9866734
1766255442.6634443,2.4558268,5.1487966,-3.986422
1766255442.6765091,2.4490445,5.1489134,-3.9859474
1766255442.684117,2.4456491,5.148947,-3.9857242
1766255442.6967633,2.442241,5.148971,-3.9855149
1766255442.70318,2.4388204,5.1489863,-3.9853158
1766255442.718075,2.4319458,5.1489906,-3.9849484
1766255442.724765,2.4283903,5.1493053,-3.985799
1766255442.7370417,2.4248261,5.1496034,-3.986633
1766255442.7436695,2.4212527,5.149885,-3.987449
1766255442.7570024,2.414044,5.1504045,-3.989034
1766255442.7666879,2.4104245,5.150641,-3.9898033
1766255442.7777653,2.4067945,5.150863,-3.9905584
1766255442.7856402,2.4031553,5.151071,-3.9912992
1766255442.7989922,2.3958516,5.1514463,-3.9927378
1766255442.8070881,2.392189,5.151615,-3.993438
1766255442.8192463,2.3885195,5.1517715,-3.994126
1766255442.8260012,2.3848426,5.151914,-3.9948018
1766255442.8393226,2.3774667,5.1521626,-3.9961164
1766255442.847353,2.373767,5.1522694,-3.9967537
1766255442.8600852,2.3702126,5.1520905,-3.9967096
1766255442.8660002,2.366646,5.151906,-3.9966707
1766255442.8799038,2.359476,5.151517,-3.996606
1766255442.8871906,2.3558733,5.1513133,-3.9965796
1766255442.89936,2.3522444,5.151121,-3.996559
1766255442.9067028,2.348606,5.150923,-3.996542
1766255442.919638,2.3413057,5.150507,-3.9965177
1766255442.9276,2.3376436,5.15029,-3.9965098
1766255442.9406955,2.333974,5.150067,-3.9965043
1766255442.9471433,2.330296,5.1498375,-3.9965036
1766255442.9601192,2.3266098,5.149602,-3.9965043
1766255442.9669518,2.3228974,5.149374,-3.9965062
1766255442.979986,2.3154435,5.1487136,-3.996891
1766255442.9877324,2.3117034,5.1482854,-3.9972634
1766255443.0007355,2.3042042,5.147426,-3.9979823
1766255443.0083888,2.300447,5.146995,-3.9983292
1766255443.0203667,2.2966852,5.1465635,-3.9986677
1766255443.0279737,2.2929187,5.1461315,-3.9989982
1766255443.040521,2.2853987,5.145282,-3.9996338
1766255443.049071,2.2816298,5.1448565,-3.9999409
1766255443.0610175,2.2778542,5.1444306,-4.0002403
1766255443.0683606,2.2740715,5.144005,-4.000531
1766255443.0820725,2.2664852,5.143152,-4.001089
1766255443.0896332,2.2626839,5.1427255,-4.001357
1766255443.101518,2.2588782,5.1422987,-4.0016193
1766255443.108506,2.254592,5.1418757,-4.0017376
1766255443.1218977,2.2503128,5.1414523,-4.0018525
1766255443.128823,2.2460406,5.1410284,-4.0019636
1766255443.1421373,2.2375128,5.1401796,-4.002175
1766255443.1493225,2.2332559,5.1397552,-4.002276
1766255443.1637745,2.2247522,5.1389065,-4.002466
1766255443.1712418,2.2205043,5.138483,-4.0025554
1766255443.1832051,2.216269,5.138063,-4.00264
1766255443.1895297,2.2120361,5.1376433,-4.00272
1766255443.2044187,2.2035813,5.136806,-4.0028725
1766255443.2115614,2.1993606,5.1363883,-4.0029445
1766255443.2235065,2.1951447,5.1359706,-4.0030127
1766255443.2301435,2.1909332,5.1355534,-4.0030785
1766255443.2445612,2.1826994,5.1351104,-4.0032725
1766255443.2513895,2.1785684,5.1348753,-4.0033646
1766255443.26404,2.1744378,5.1346364,-4.003452
1766255443.2704844,2.1703072,5.1343946,-4.0035343
1766255443.2838123,2.1620464,5.133901,-4.003687
1766255443.2926633,2.1579185,5.133651,-4.003758
1766255443.3038795,2.1537936,5.133398,-4.003827
1766255443.3108811,2.1496723,5.133143,-4.0038934
1766255443.3248053,2.141397,5.1326203,-4.004018
1766255443.3327153,2.137264,5.1323566,-4.004076
1766255443.3441343,2.1331334,5.13209,-4.004131
1766255443.3512175,2.1290045,5.1318207,-4.0041842
1766255443.3649154,2.1246192,5.1313887,-4.0036135
1766255443.3716109,2.1202404,5.1309576,-4.0030556
1766255443.3837492,2.1115015,5.130098,-4.0019736
1766255443.3917992,2.1071277,5.129673,-4.0014505
1766255443.4059093,2.1027615,5.1292496,-4.000944
1766255443.4118419,2.0984035,5.1288276,-4.000449
1766255443.4254117,2.0897124,5.127987,-3.999494
1766255443.4319906,2.0853784,5.1275687,-3.999033
1766255443.4450295,2.0767307,5.126735,-3.9981425
1766255443.4545214,2.0724092,5.1263375,-3.9977179
1766255443.4655907,2.0680928,5.125941,-3.997303
1766255443.4722672,2.0637813,5.1255436,-3.9968977
1766255443.4861581,2.0594742,5.1251473,-3.9965017
1766255443.4925466,2.0555053,5.1245728,-3.9962895
1766255443.5058677,2.0475686,5.1234374,-3.9958842
1766255443.5129397,2.0436025,5.122877,-3.9956915
1766255443.5262022,2.03567,5.1217704,-3.9953227
1766255443.5352945,2.031703,5.1212244,-3.9951463
1766255443.5461733,2.0277367,5.1206827,-3.9949753
1766255443.5537186,2.0237706,5.1201453,-3.9948137
1766255443.566614,2.0158384,5.1190834,-3.9945054
1766255443.574387,2.011872,5.118558,-3.9943585
1766255443.58657,2.0079052,5.1180363,-3.9942167
1766255443.5935826,2.003939,5.1175184,-3.9940796
1766255443.606735,1.996035,5.116482,-3.9938297
1766255443.6149073,1.9915773,5.1162434,-3.9933858
1766255443.6266518,1.9871327,5.116003,-3.9929557
1766255443.6338406,1.9827008,5.1157613,-3.992539
1766255443.6474888,1.973872,5.115275,-3.9917445
1766255443.6553404,1.9694732,5.1150303,-3.9913719
1766255443.6679382,1.9650837,5.114785,-3.9910111
1766255443.6743696,1.9607025,5.1145387,-3.990662
1766255443.687558,1.9519643,5.1140447,-3.9899971
1766255443.6967895,1.947608,5.1137977,-3.9896815
1766255443.7077155,1.9432611,5.1135507,-3.9893842
1766255443.715213,1.938924,5.113303,-3.9890978
1766255443.7288218,1.9302775,5.112808,-3.988557
1766255443.7359035,1.9264058,5.112612,-3.9879603
1766255443.7477033,1.9225329,5.1124144,-3.9873824
1766255443.7548616,1.9186585,5.112216,-3.9868317
1766255443.7677233,1.9109044,5.1118174,-3.9857824
1766255443.7766223,1.9070249,5.111617,-3.9852831
1766255443.7879226,1.903144,5.1114163,-3.9848003
1766255443.795259,1.8992628,5.1112156,-3.9843338
1766255443.808233,1.891506,5.110824,-3.9834664
1766255443.8163836,1.8876321,5.1106334,-3.9830565
1766255443.8280904,1.8837613,5.110442,-3.9826627
1766255443.835312,1.879893,5.1102495,-3.982284
1766255443.8482745,1.8721629,5.109863,-3.981572
1766255443.8574483,1.8683001,5.109668,-3.981246
1766255443.8692462,1.8644121,5.109474,-3.9810297
1766255443.8757126,1.8605264,5.1092806,-3.9808245
1766255443.8890648,1.8566562,5.1090918,-3.9806294
1766255443.8959093,1.8527882,5.1089025,-3.9804454
1766255443.9093711,1.845063,5.1085234,-3.980118
1766255443.9158401,1.8412068,5.108333,-3.9799747
1766255443.929189,1.8335075,5.107952,-3.9797192
1766255443.9374802,1.8296635,5.1077604,-3.9796064
1766255443.949573,1.8258226,5.1075683,-3.9795034
1766255443.9564912,1.8219855,5.1073694,-3.9794178
1766255443.9707415,1.8143164,5.1069703,-3.9792736
1766255443.9775922,1.8104838,5.1067705,-3.9792142
1766255443.9905763,1.8070395,5.1060324,-3.9794006
1766255443.9966319,1.8035899,5.105305,-3.9795887
1766255444.0100546,1.7966787,5.1038823,-3.979986
1766255444.0179298,1.7932048,5.1031966,-3.9801877
1766255444.0299492,1.7897278,5.1025205,-3.980391
1766255444.0369954,1.7862475,5.1018534,-3.980596
1766255444.05027,1.7792763,5.100545,-3.9810102
1766255444.058372,1.7757847,5.0999026,-3.981226
1766255444.0705707,1.7722889,5.0992684,-3.9814422
1766255444.07721,1.7687886,5.098642,-3.981659
1766255444.0900595,1.7652843,5.098022,-3.9818764
1766255444.0976992,1.76179,5.097406,-3.9820943
1766255444.1106534,1.7547946,5.0961933,-3.98254
1766255444.1183631,1.7516452,5.095385,-3.9820807
1766255444.1310887,1.7453138,5.093805,-3.9812124
1766255444.139337,1.7421317,5.093032,-3.9808018
1766255444.1513827,1.7389386,5.0922704,-3.980406
1766255444.1581244,1.7357343,5.09152,-3.9800358
1766255444.1712024,1.7292931,5.0900345,-3.979335
1766255444.1803503,1.7260554,5.089308,-3.9790034
1766255444.1922054,1.7228069,5.0885916,-3.9786842
1766255444.1985865,1.7195488,5.087886,-3.978377
1766255444.2116625,1.7130078,5.0865054,-3.9778216
1766255444.2198358,1.7097257,5.08583,-3.9775612
1766255444.232325,1.7064359,5.0851645,-3.9773116
1766255444.2387125,1.703104,5.0845275,-3.9770725
1766255444.2517421,1.6993006,5.0839367,-3.9766066
1766255444.2593968,1.6955,5.0833545,-3.976157
1766255444.2724464,1.6879052,5.0822163,-3.9753284
1766255444.2791452,1.6841102,5.0816593,-3.9749358
1766255444.2929194,1.676526,5.080572,-3.9741929
1766255444.300304,1.6727192,5.0800447,-3.973843
1766255444.3126962,1.6689162,5.0795255,-3.9735205
1766255444.3194122,1.6651164,5.0790143,-3.9732115
1766255444.333074,1.6575245,5.078016,-3.9726334
1766255444.3418431,1.653731,5.077528,-3.9723635
1766255444.3527977,1.6499383,5.077047,-3.9721062
1766255444.360725,1.646146,5.076573,-3.971874
1766255444.3737898,1.6384546,5.0758414,-3.9709568
1766255444.381456,1.6346136,5.0754848,-3.9705224
1766255444.3938165,1.6307751,5.075131,-3.970104
1766255444.4008057,1.6269399,5.074781,-3.9697015
1766255444.413611,1.6192824,5.0740924,-3.9689732
1766255444.421882,1.6154604,5.0737534,-3.968632
1766255444.4338913,1.6116424,5.073418,-3.9683058
1766255444.4421842,1.6078278,5.0730853,-3.9679945
1766255444.4552631,1.6001832,5.0724564,-3.9674144
1766255444.462539,1.5963644,5.072146,-3.9671593
1766255444.4746668,1.5925474,5.071839,-3.9669173
1766255444.481433,1.5887325,5.0715346,-3.9666884
1766255444.494915,1.5849199,5.0712333,-3.9664721
1766255444.501876,1.5818939,5.070632,-3.9661493
1766255444.5151148,1.5758044,5.069457,-3.965568
1766255444.5219293,1.5727364,5.0688796,-3.9653091
1766255444.535708,1.5665673,5.0677495,-3.964837
1766255444.543026,1.5634662,5.067197,-3.964623
1766255444.5556455,1.560354,5.066652,-3.9644237
1766255444.5624967,1.5572306,5.066115,-3.9642534
1766255444.5752592,1.5509511,5.0650616,-3.9639528
1766255444.5837383,1.5478057,5.0645447,-3.9638216
1766255444.596032,1.5446503,5.0640345,-3.9637036
1766255444.6028368,1.5414864,5.0635304,-3.9635983
1766255444.6164382,1.5383149,5.0630336,-3.9635212
1766255444.622834,1.5351365,5.0625424,-3.9634566
1766255444.6361494,1.5280706,5.0608816,-3.9632492
1766255444.642768,1.5245392,5.0600696,-3.963165
1766255444.6558154,1.517492,5.0584884,-3.9630332
1766255444.66454,1.5139749,5.0577183,-3.9629998
1766255444.6760793,1.5104564,5.056959,-3.9629776
1766255444.6837375,1.5069363,5.0562105,-3.9629662
1766255444.6969275,1.4998922,5.054743,-3.9629748
1766255444.704792,1.4963696,5.0540237,-3.9629948
1766255444.7168427,1.4928468,5.053315,-3.9630406
1766255444.7241983,1.489324,5.0526156,-3.963096
1766255444.7376876,1.4822781,5.051249,-3.9632328
1766255444.7457535,1.4787588,5.050561,-3.9634185
1766255444.7572956,1.475238,5.0498857,-3.963609
1766255444.7643087,1.4717151,5.049222,-3.9638195
1766255444.7780402,1.4646626,5.0479293,-3.9642522
1766255444.7853467,1.4611331,5.0473003,-3.9644742
1766255444.7976453,1.4576052,5.0466857,-3.9647
1766255444.8046699,1.4540769,5.0460815,-3.9649296
1766255444.8174274,1.4470204,5.044906,-3.9654293
1766255444.8259192,1.4434922,5.0443344,-3.9656837
1766255444.837483,1.4399638,5.0437727,-3.9659407
1766255444.8450017,1.436435,5.0432205,-3.9662
1766255444.8595493,1.4293749,5.042146,-3.9667249
1766255444.8659453,1.4258435,5.0416236,-3.9670055
1766255444.878354,1.4222286,5.0406985,-3.967619
1766255444.885223,1.4186145,5.03979,-3.9682252
1766255444.898704,1.4113917,5.038024,-3.9694169
1766255444.906324,1.407784,5.0371656,-3.9700027
1766255444.9183273,1.4041789,5.0363235,-3.970595
1766255444.9255245,1.4005761,5.0354967,-3.97118
1766255444.9399023,1.3933783,5.0338855,-3.9723294
1766255444.946665,1.3897823,5.0330997,-3.9728932
1766255444.9587445,1.3861876,5.032327,-3.9734497
1766255444.9660017,1.3825936,5.031568,-3.9740129
1766255444.9792435,1.3790004,5.0308204,-3.9745681
1766255444.9860635,1.3754078,5.030085,-3.9751155
1766255444.999602,1.3681005,5.0286546,-3.976366
1766255445.0064044,1.3643905,5.0279593,-3.9770653
1766255445.021352,1.3569674,5.0266194,-3.9784532
1766255445.0277336,1.3532652,5.0259666,-3.9791288
1766255445.0393329,1.3495686,5.025325,-3.9797926
1766255445.0469384,1.3458773,5.024694,-3.9804442
1766255445.0598636,1.3385091,5.0234637,-3.981711
1766255445.0680072,1.3348315,5.0228643,-3.982339
1766255445.0795336,1.331158,5.0222754,-3.9829545
1766255445.087221,1.3274657,5.0216947,-3.9835582
1766255445.1003613,1.3200951,5.020564,-3.9847283
1766255445.1084194,1.3164183,5.0200143,-3.9852953
1766255445.120211,1.3127478,5.019474,-3.9858632
1766255445.1271217,1.3092192,5.019296,-3.9866717
1766255445.140485,1.3056935,5.0191207,-3.9874618
1766255445.1475952,1.3021705,5.0189476,-3.9882336
1766255445.1600528,1.2951236,5.018615,-3.989723
1766255445.1679287,1.291603,5.018453,-3.990452
1766255445.1812327,1.2845671,5.0181375,-3.991856
1766255445.1902502,1.2810522,5.0179844,-3.9925318
1766255445.2014503,1.2775403,5.0178347,-3.9931905
1766255445.2092466,1.274032,5.017688,-3.9938328
1766255445.2213671,1.2705276,5.017544,-3.9944701
1766255445.2287462,1.2669995,5.0174055,-3.9950914
1766255445.2418003,1.2599559,5.017138,-3.996285
1766255445.24892,1.2564399,5.017009,-3.9968574
1766255445.2621558,1.24732,5.016209,-3.995816
1766255445.2693899,1.2428017,5.0158234,-3.9953265
1766255445.2819018,1.2383094,5.0154467,-3.9948454
1766255445.2888265,1.2338425,5.0150785,-3.9943721
1766255445.301619,1.2249842,5.0143695,-3.9934483
1766255445.3105714,1.2205925,5.014027,-3.9929976
1766255445.3216302,1.2162256,5.013693,-3.992572
1766255445.3295455,1.2118828,5.0133657,-3.9921532
1766255445.3423877,1.2032655,5.012733,-3.991334
1766255445.3505063,1.1989892,5.012427,-3.9909337
1766255445.3627417,1.1947355,5.012124,-3.9905388
1766255445.3697557,1.1905015,5.011828,-3.9901686
1766255445.382488,1.1823431,5.0104165,-3.9892557
1766255445.3914852,1.1782906,5.009733,-3.9888108
1766255445.4026213,1.1742569,5.0090632,-3.988374
1766255445.409936,1.1702423,5.008407,-3.9879458
1766255445.4230423,1.1622711,5.007134,-3.9871514
1766255445.4310489,1.1583059,5.0065207,-3.986767
1766255445.4427278,1.1543583,5.0059195,-3.986391
1766255445.45023,1.1504276,5.0053296,-3.9860234
1766255445.4629345,1.1426142,5.0041842,-3.9853127
1766255445.4717224,1.1387311,5.0036283,-3.9849887
1766255445.4828272,1.1348631,5.0030828,-3.9846728
1766255445.4901853,1.131011,5.0025477,-3.9843647
1766255445.503459,1.1228365,5.002022,-3.9836636
1766255445.5113237,1.1185281,5.0020185,-3.9832733
1766255445.5237086,1.1142496,5.002013,-3.9829135
1766255445.5306742,1.1099999,5.002006,-3.9825644
1766255445.543364,1.1015818,5.001987,-3.9818985
1766255445.5526965,1.0974113,5.001976,-3.9815814
1766255445.5636978,1.0932649,5.001964,-3.9812748
1766255445.5714772,1.0891461,5.001948,-3.9809976
1766255445.58522,1.0850502,5.001931,-3.98073
1766255445.5912528,1.0809773,5.001914,-3.9804726
1766255445.604271,1.0729017,5.0018797,-3.979988
1766255445.61108,1.0688994,5.001863,-3.9797611
1766255445.6243677,1.060963,5.0018296,-3.9793763
1766255445.6327682,1.0567013,5.0019875,-3.9782763
1766255445.6439052,1.0524588,5.0021424,-3.9772093
1766255445.6515646,1.0482427,5.002296,-3.9761736
1766255445.6652453,1.0398867,5.0025964,-3.974194
1766255445.6727397,1.0357454,5.002744,-3.9732728
1766255445.6853116,1.0316275,5.00289,-3.9723792
1766255445.6916845,1.0275332,5.003034,-3.9715133
1766255445.704898,1.0194166,5.0033154,-3.9698634
1766255445.7137876,1.0153918,5.00345,-3.969079
1766255445.7246253,1.0113913,5.0035834,-3.9683454
1766255445.731991,1.007414,5.0037146,-3.9676368
1766255445.7455277,0.99952626,5.0039735,-3.9662936
1766255445.752711,0.9960126,5.0038233,-3.9659286
1766255445.7653172,0.9925096,5.003679,-3.9655802
1766255445.7723467,0.98901707,5.0035396,-3.9652705
1766255445.7851944,0.9820938,5.003276,-3.9646971
1766255445.7943537,0.97866434,5.0031505,-3.9644337
1766255445.8048089,0.97524726,5.00303,-3.9641864
1766255445.8126175,0.9718427,5.002913,-3.9639552
1766255445.826232,0.9684505,5.0028,-3.9637632
1766255445.832884,0.9650703,5.002691,-3.9635863
1766255445.8461266,0.9583443,5.002483,-3.963276
1766255445.8527324,0.955017,5.0023894,-3.9631412
1766255445.8657138,0.9483926,5.0022125,-3.9629123
1766255445.8745944,0.94509506,5.0021286,-3.9628413
1766255445.8864856,0.9418687,5.0019093,-3.9626052
1766255445.8934138,0.938651,5.0016947,-3.9623857
1766255445.9068792,0.93224406,5.0012813,-3.9619963
1766255445.914366,0.9290555,5.0010815,-3.961826
1766255445.9263241,0.925877,5.000887,-3.9616954
1766255445.9337838,0.92272353,5.0006742,-3.9615796
1766255445.946806,0.9195793,5.000466,-3.9614778
1766255445.9539838,0.916444,5.0002623,-3.9613898
1766255445.9664147,0.91019845,4.999867,-3.9612527
1766255445.9741154,0.9070875,4.999675,-3.9612277
1766255445.9878552,0.90088856,4.9993005,-3.961211
1766255445.9949765,0.89780116,4.999119,-3.9612188
1766255446.0074697,0.8945373,4.9989834,-3.9613943
1766255446.0143642,0.89128643,4.99885,-3.961576
1766255446.0274725,0.8848225,4.99859,-3.9620047
1766255446.0357757,0.88160855,4.9984636,-3.9622269
1766255446.04797,0.87840587,4.998339,-3.9624536
1766255446.0544236,0.87521404,4.9982166,-3.9626849
1766255446.068246,0.8720325,4.998096,-3.9629202
1766255446.074593,0.868875,4.997979,-3.9631581
1766255446.0881958,0.86258745,4.997751,-3.9636905
1766255446.0946445,0.85945725,4.99764,-3.9639606
1766255446.1082852,0.8532259,4.997424,-3.9645085
1766255446.116144,0.85012525,4.9973197,-3.964786
1766255446.1283782,0.8470347,4.9972177,-3.9650896
1766255446.1351578,0.8436106,4.997746,-3.9654927
1766255446.148437,0.83682364,4.9987745,-3.9662943
1766255446.1558158,0.83345354,4.999272,-3.9666927
1766255446.1688044,0.8300983,4.999759,-3.9670894
1766255446.1755345,0.82675725,5.000237,-3.9675064
1766255446.188317,0.8201165,5.0011635,-3.9683316
1766255446.197237,0.8168169,5.0016136,-3.96874
1766255446.2088072,0.8135314,5.002055,-3.9691455
1766255446.2156649,0.8102526,5.0024905,-3.9695468
1766255446.2290995,0.8037366,5.003337,-3.970385
1766255446.2369578,0.80049896,5.003749,-3.970798
1766255446.2490983,0.7972743,5.004153,-3.971207
1766255446.2562761,0.79406214,5.004549,-3.9716117
1766255446.2691112,0.78828996,5.0054827,-3.9723752
1766255446.2782376,0.78541195,5.005937,-3.9727736
1766255446.2898166,0.7825411,5.006383,-3.9731674
1766255446.2967908,0.77967596,5.0068207,-3.9735565
1766255446.3102193,0.77681726,5.00725,-3.9739406
1766255446.3167126,0.77396566,5.0076714,-3.9743204
1766255446.3307915,0.7682853,5.008491,-3.9750896
1766255446.3371909,0.76545656,5.008889,-3.975478
1766255446.3495963,0.7626354,5.0092797,-3.9758608
1766255446.3573587,0.7598023,5.009662,-3.9762387
1766255446.3704298,0.7541573,5.0104046,-3.9769769
1766255446.3772397,0.75134504,5.010765,-3.9773605
1766255446.3904755,0.7454035,5.011734,-3.9786823
1766255446.398153,0.7424489,5.012202,-3.9793224
1766255446.4102395,0.73950535,5.012659,-3.9799495
1766255446.4176347,0.73657274,5.013106,-3.9805634
1766255446.430302,0.73365563,5.013546,-3.9811847
1766255446.4377482,0.730749,5.013976,-3.9817924
1766255446.4506283,0.7249653,5.014806,-3.9829688
1766255446.4579298,0.7220872,5.015206,-3.9835374
1766255446.471617,0.71635693,5.0159764,-3.9846358
1766255446.4783854,0.71350396,5.0163474,-3.9851875
1766255446.4908028,0.710631,5.0167212,-3.9857259
1766255446.4979606,0.7077662,5.0170865,-3.986251
1766255446.5109444,0.70201385,5.0179133,-3.9876125
1766255446.519535,0.6991278,5.018374,-3.9884398
1766255446.5309057,0.69625163,5.018825,-3.989266
1766255446.5384362,0.6933851,5.0192666,-3.9900713
1766255446.5521836,0.6876797,5.020121,-3.991621
1766255446.559494,0.68485606,5.0205336,-3.9923654
1766255446.5716512,0.6820407,5.020937,-3.99309
1766255446.5784183,0.6792333,5.0213304,-3.9938147
1766255446.5918794,0.6764338,5.021715,-3.9945197
1766255446.5987313,0.6736422,5.0220914,-3.9952056
1766255446.611965,0.6680843,5.0228195,-3.9965208
1766255446.6191475,0.66531825,5.023172,-3.9971507
1766255446.6323857,0.6625607,5.023516,-3.9977818
1766255446.6389644,0.6597888,5.02385,-3.998395
1766255446.651846,0.65404457,5.0235925,-4.000608
1766255446.6590867,0.65118605,5.023469,-4.001668
1766255446.6723804,0.6454948,5.023229,-4.0036974
1766255446.6804314,0.6426615,5.023112,-4.004684
1766255446.6921842,0.6398362,5.0229964,-4.005642
1766255446.6997247,0.637019,5.022881,-4.0065713
1766255446.7135823,0.6313925,5.022655,-4.008347
1766255446.7212112,0.6285928,5.022542,-4.009194
1766255446.7335136,0.62580216,5.0224295,-4.0100303
1766255446.740066,0.6230203,5.022317,-4.0108404
1766255446.7533865,0.6174819,5.02209,-4.012382
1766255446.761083,0.6145746,5.022241,-4.013465
1766255446.7731962,0.6117272,5.022399,-4.01451
1766255446.7807853,0.60888976,5.0225496,-4.0155363
1766255446.7936826,0.60324526,5.022831,-4.017489
1766255446.801717,0.6004387,5.022963,-4.018417
1766255446.813619,0.597643,5.0230885,-4.0193133
1766255446.8209321,0.59485817,5.0232086,-4.0201793
1766255446.8333986,0.5893204,5.0234323,-4.021849
1766255446.8434608,0.5865634,5.0235405,-4.022639
1766255446.854257,0.58381635,5.023644,-4.0233994
1766255446.8612535,0.58107895,5.0237427,-4.024131
1766255446.8749247,0.5756318,5.023926,-4.025507
1766255446.8826408,0.5729216,5.0240107,-4.026168
1766255446.8944738,0.5703014,5.0240464,-4.027041
1766255446.9016635,0.56768835,5.024079,-4.02788
1766255446.9148848,0.5650827,5.024108,-4.0286865
1766255446.921875,0.56245893,5.0241475,-4.02946
1766255446.9350271,0.55723596,5.0242157,-4.0309258
1766255446.9418733,0.5546364,5.024245,-4.031619
1766255446.9563298,0.54946035,5.024291,-4.032914
1766255446.9633007,0.5468832,5.0243087,-4.0335174
1766255446.9760327,0.54431295,5.0243235,-4.034091
1766255446.982612,0.5417494,5.024335,-4.0346503
1766255446.9956965,0.53666246,5.0243683,-4.035682
1766255447.0040674,0.53413004,5.02438,-4.0361576
1766255447.0156658,0.5313939,5.02487,-4.036061
1766255447.0230806,0.52866834,5.025347,-4.0359516
1766255447.037139,0.5232479,5.0262656,-4.03573
1766255447.0441148,0.520552,5.026707,-4.0356007
1766255447.0565069,0.5178635,5.0271416,-4.035459
1766255447.0637555,0.51518357,5.027565,-4.035306
1766255447.0764232,0.50984806,5.028382,-4.034965
1766255447.084848,0.50719225,5.0287757,-4.0347943
1766255447.0962386,0.50454473,5.02916,-4.034613
1766255447.1034677,0.50190616,5.0295353,-4.0344214
1766255447.1172986,0.49665728,5.030257,-4.0340085
1766255447.1247277,0.4940489,5.0306034,-4.033788
1766255447.1367345,0.49144942,5.030941,-4.033576
1766255447.1439183,0.48962992,5.031211,-4.0337253
1766255447.1568449,0.48595995,5.031731,-4.033971
1766255447.165152,0.48411006,5.0319815,-4.034068
1766255447.1772637,0.48225102,5.0322256,-4.0341487
1766255447.1843278,0.4803836,5.0324626,-4.0342283
1766255447.1978967,0.47662693,5.0329404,-4.03434
1766255447.2054942,0.47474015,5.0331697,-4.0343747
1766255447.2175207,0.4728486,5.033393,-4.034397
1766255447.2247136,0.47095248,5.0336103,-4.0344067
1766255447.2375865,0.46714655,5.0340266,-4.0344176
1766255447.2463136,0.46523637,5.034226,-4.0344057
1766255447.257846,0.46332127,5.034419,-4.0343823
1766255447.2649868,0.46139732,5.034609,-4.0343485
1766255447.278775,0.45719874,5.034712,-4.0343847
1766255447.2861373,0.4550951,5.0347576,-4.034399
1766255447.298192,0.452989,5.0348005,-4.034402
1766255447.3051856,0.45088086,5.0348396,-4.0343933
1766255447.3182306,0.448771,5.034875,-4.0343738
1766255447.325449,0.44665965,5.0349064,-4.0343437
1766255447.3383775,0.44247544,5.034962,-4.034266
1766255447.3454368,0.44040167,5.034987,-4.0342183
1766255447.3589163,0.4383254,5.035008,-4.0341606
1766255447.3656318,0.4362465,5.035026,-4.034094
1766255447.3797455,0.4320804,5.035052,-4.0339346
1766255447.3857882,0.4299933,5.03506,-4.033857
1766255447.3985493,0.4264325,5.035385,-4.0341387
1766255447.4069762,0.42464876,5.035529,-4.0342593
1766255447.419606,0.42285806,5.035666,-4.034367
1766255447.4259853,0.42106068,5.035795,-4.0344625
1766255447.4393408,0.4174471,5.0360336,-4.0346413
1766255447.4472196,0.41563135,5.036142,-4.034712
1766255447.4601855,0.4138099,5.036244,-4.034771
1766255447.4667473,0.41198274,5.0363398,-4.034818
1766255447.4794838,0.40830627,5.036542,-4.03488
1766255447.4886713,0.40646026,5.0366335,-4.0349073
1766255447.4996297,0.4046096,5.0367193,-4.0349245
1766255447.5069618,0.40275484,5.0367994,-4.0349307
1766255447.521168,0.39874005,5.036736,-4.0348773
1766255447.5280998,0.3965879,5.0365987,-4.0348206
1766255447.540922,0.39444005,5.036462,-4.0347686
1766255447.547375,0.3922895,5.036325,-4.0347095
1766255447.5603795,0.3880002,5.0360518,-4.0345693
1766255447.5683239,0.38586092,5.035914,-4.034488
1766255447.580517,0.38372496,5.035775,-4.0344
1766255447.5877075,0.3815922,5.0356364,-4.0343175
1766255447.601863,0.37733704,5.0353584,-4.034131
1766255447.6090732,0.37521514,5.0352197,-4.0340276
1766255447.6209843,0.37310755,5.0350823,-4.033918
1766255447.6280553,0.3710037,5.0349445,-4.0338016
1766255447.64108,0.36680666,5.03467,-4.033576
1766255447.649635,0.3646934,5.0345564,-4.0335097
1766255447.6605973,0.36258265,5.034442,-4.033437
1766255447.6682148,0.36047423,5.0343275,-4.033357
1766255447.682052,0.35626405,5.0340986,-4.033179
1766255447.6896727,0.35415494,5.033997,-4.033092
1766255447.701757,0.35204887,5.033896,-4.0329995
1766255447.7083437,0.34994617,5.0337944,-4.0329013
1766255447.7212856,0.34575102,5.0335913,-4.032688
1766255447.730609,0.34365845,5.0334897,-4.0325737
1766255447.7415023,0.34156907,5.033388,-4.032467
1766255447.7487872,0.3394828,5.0332866,-4.032354
1766255447.761872,0.33531597,5.033091,-4.0321116
1766255447.7701979,0.33310276,5.032952,-4.032144
1766255447.7826793,0.33089554,5.0328116,-4.0321665
1766255447.7889383,0.32869446,5.032671,-4.0321918
1766255447.8022263,0.32431185,5.032387,-4.0322156
1766255447.8105848,0.32213047,5.0322447,-4.0322137
1766255447.8225503,0.3199556,5.0321016,-4.0322037
1766255447.8291957,0.31779525,5.0319605,-4.032185
1766255447.84311,0.31349292,5.031676,-4.0321465
1766255447.850284,0.3113506,5.031533,-4.032115
1766255447.8622313,0.3092139,5.0313888,-4.032076
1766255447.8695817,0.30708268,5.031244,-4.0320296
1766255447.8823748,0.30283642,5.030951,-4.031914
1766255447.891241,0.30072162,5.030803,-4.0318575
1766255447.9029686,0.29854038,5.0308394,-4.0324855
1766255447.9099212,0.2963672,5.0308714,-4.033089
1766255447.9233532,0.29204577,5.0309215,-4.034229
1766255447.9310732,0.28989756,5.0309405,-4.0347652
1766255447.943346,0.28775752,5.0309553,-4.035288
1766255447.9501803,0.28562543,5.0309663,-4.0357885
1766255447.9630778,0.2813841,5.0309796,-4.0367284
1766255447.971999,0.279265,5.030973,-4.037169
1766255447.9839513,0.27715316,5.030964,-4.03759
1766255447.990367,0.27504864,5.030953,-4.0379996
1766255448.0042996,0.27086204,5.030923,-4.0387607
1766255448.0112426,0.26878023,5.030905,-4.039113
1766255448.0242684,0.26673314,5.0308876,-4.038838
1766255448.0308883,0.26469165,5.0308676,-4.038561
1766255448.043892,0.26065543,5.030819,-4.0380173
1766255448.0521657,0.25866032,5.0307903,-4.03774
1766255448.0641959,0.25667033,5.030759,-4.03746
1766255448.0709782,0.25468543,5.030724,-4.0371757
1766255448.084859,0.25073087,5.0306463,-4.036597
1766255448.0922472,0.24876155,5.0306034,-4.0363135
1766255448.1052802,0.24679805,5.0305576,-4.0360265
1766255448.1113513,0.24484573,5.030523,-4.035735
1766255448.1244688,0.24095938,5.030447,-4.0351415
1766255448.133475,0.23902507,5.0304055,-4.034839
1766255448.1447477,0.23709647,5.0303617,-4.034545
1766255448.151591,0.23497334,5.0303836,-4.034457
1766255448.165398,0.23075493,5.0304146,-4.034254
1766255448.1727622,0.22865903,5.0304236,-4.034139
1766255448.185669,0.22656126,5.0304365,-4.034016
1766255448.1919188,0.22447218,5.0304446,-4.033894
1766255448.204906,0.22032076,5.0304484,-4.033626
1766255448.2138546,0.21825889,5.030444,-4.0334806
1766255448.2252793,0.21620634,5.030437,-4.033328
1766255448.2319245,0.21416304,5.0304265,-4.033169
1766255448.2451851,0.21010293,5.030395,-4.032851
1766255448.2532105,0.20809472,5.030367,-4.032683
1766255448.26549,0.2060945,5.0303354,-4.0325084
1766255448.2724383,0.20410214,5.030301,-4.032328
1766255448.285094,0.2000778,5.0303497,-4.0318794
1766255448.2936156,0.19807956,5.030367,-4.0316596
1766255448.3058777,0.19609088,5.03038,-4.031436
1766255448.3126976,0.19411196,5.0303884,-4.031209
1766255448.326237,0.1901888,5.0303984,-4.0307436
1766255448.3334038,0.18824404,5.0304,-4.0305057
1766255448.347109,0.1863084,5.0303974,-4.0302753
1766255448.3532927,0.18438165,5.030392,-4.0300417
1766255448.365865,0.18055396,5.0303707,-4.029565
1766255448.3742933,0.17865273,5.0303545,-4.0293217
1766255448.3862998,0.17675991,5.030335,-4.029076
1766255448.3935926,0.17489193,5.030305,-4.028838
1766255448.4065924,0.1714609,5.0305486,-4.0292187
1766255448.4143605,0.16975293,5.03066,-4.029388
1766255448.426446,0.16805018,5.030765,-4.0295444
1766255448.4337752,0.16635282,5.030864,-4.029688
1766255448.447066,0.16297442,5.031041,-4.0299554
1766255448.4559531,0.16129316,5.0311213,-4.0300717
1766255448.4660835,0.15960598,5.031193,-4.030177
1766255448.474354,0.15792388,5.0312595,-4.0302715
1766255448.4880855,0.15457515,5.0313773,-4.030429
1766255448.4948807,0.15290892,5.0314283,-4.0305014
1766255448.5077412,0.15124834,5.0314746,-4.0305634
1766255448.5144637,0.1495935,5.031517,-4.0306153
1766255448.5275621,0.14652559,5.0312233,-4.031337
1766255448.536393,0.14510716,5.0308957,-4.0319905
1766255448.5475492,0.14367063,5.030567,-4.0326257
1766255448.554668,0.1422349,5.030242,-4.033237
1766255448.5679903,0.13936597,5.0296006,-4.034389
1766255448.57639,0.13793276,5.029284,-4.0349317
1766255448.5876822,0.13650048,5.0289702,-4.0354524
1766255448.595046,0.13506933,5.0286584,-4.035955
1766255448.6081824,0.1322162,5.0280414,-4.036898
1766255448.6160178,0.13079461,5.027735,-4.037339
1766255448.6283827,0.12937503,5.0274315,-4.0377603
1766255448.6353478,0.12795748,5.0271297,-4.0381618
1766255448.6494122,0.12512842,5.0265317,-4.0389147
1766255448.656509,0.123812936,5.0258303,-4.038884
1766255448.6690125,0.12249786,5.02514,-4.0388455
1766255448.6753502,0.12118327,5.02446,-4.0387974
1766255448.688626,0.1185703,5.0231223,-4.038675
1766255448.696645,0.117264934,5.022469,-4.0386066
1766255448.708611,0.11596051,5.021826,-4.0385294
1766255448.7160213,0.11465715,5.021192,-4.038443
1766255448.7296753,0.11205403,5.019953,-4.0382433
1766255448.7371776,0.11075439,5.019347,-4.0381303
1766255448.7490273,0.10944863,5.0187507,-4.038015
1766255448.7561646,0.10814428,5.018163,-4.037891
1766255448.7693655,0.10553979,5.0170145,-4.0376167
1766255448.7776515,0.10359081,5.0168333,-4.036859
1766255448.7895184,0.10165715,5.016653,-4.036108
1766255448.7971976,0.0997385,5.0164742,-4.0353727
1766255448.8104222,0.095945306,5.0161195,-4.0339203
1766255448.8179405,0.09409261,5.0159354,-4.0332026
1766255448.8303387,0.09225321,5.0157533,-4.0324903
1766255448.8369834,0.09042666,5.0155735,-4.0317836
1766255448.849847,0.08681039,5.0152216,-4.030408
1766255448.8588133,0.085019775,5.0150495,-4.029728
1766255448.8700345,0.0832403,5.01488,-4.0290537
1766255448.877522,0.08147173,5.014714,-4.028385
1766255448.8914006,0.07796732,5.014398,-4.0270658
1766255448.8985422,0.07623124,5.014243,-4.0264254
1766255448.9104235,0.07398782,5.013774,-4.026015
1766255448.9178636,0.071768,5.013316,-4.025605
1766255448.9313328,0.067396924,5.0124345,-4.0247893
1766255448.939594,0.06524451,5.01201,-4.0243835
1766255448.9509292,0.06311326,5.0115957,-4.0239887
1766255448.9582167,0.06098872,5.0111966,-4.0235972
1766255448.9718535,0.05680013,5.010426,-4.0228205
1766255448.9785802,0.05473562,5.0100536,-4.022436
1766255448.9916904,0.052690625,5.00969,-4.0220547
1766255448.9981863,0.050664946,5.009334,-4.021685
1766255449.0109978,0.04667098,5.008647,-4.020955
1766255449.0197675,0.044702347,5.0083156,-4.020595
1766255449.0318213,0.042460833,5.0080886,-4.0208216
1766255449.0387938,0.040243722,5.0078673,-4.0210366
1766255449.0522966,0.035880297,5.0074406,-4.021445
1766255449.0596075,0.033732884,5.0072346,-4.021633
1766255449.0716965,0.03160778,5.0070333,-4.0218115
1766255449.0791235,0.029504612,5.006838,-4.0219803
1766255449.0923073,0.025362752,5.006463,-4.02229
1766255449.1000268,0.02331895,5.006291,-4.022437
1766255449.1119428,0.021295859,5.0061245,-4.022575
1766255449.1192605,0.019293278,5.005964,-4.0227046
1766255449.1327403,0.015348909,5.0056577,-4.0229397
1766255449.1401107,0.013406674,5.0055118,-4.0230455
1766255449.1521757,0.0114840735,5.0053716,-4.023149
1766255449.1593888,0.0092167845,5.0050697,-4.023623
1766255449.1725707,0.0047869226,5.0044956,-4.0245185
1766255449.1812716,0.002610242,5.0042186,-4.024942
1766255449.192552,0.0004585329,5.0039473,-4.02535
1766255449.1997378,-0.0016685305,5.003681,-4.025747
1766255449.2130973,-0.0058499,5.003166,-4.0264935
1766255449.2205162,-0.007904916,5.0029163,-4.026845
1766255449.2327647,-0.009936662,5.0026712,-4.0271816
1766255449.2399967,-0.011951345,5.002434,-4.027504
1766255449.2529852,-0.015913296,5.0019727,-4.028112
1766255449.2614918,-0.017861195,5.0017486,-4.028395
1766255449.2734425,-0.019787438,5.001529,-4.028665
1766255449.2802758,-0.02169232,5.001314,-4.0289207
1766255449.2936482,-0.023079753,5.0005536,-4.0293765
1766255449.3003523,-0.024457673,4.999808,-4.0298142
1766255449.3134038,-0.027186664,4.998363,-4.0306387
1766255449.3204145,-0.02853734,4.997663,-4.0310245
1766255449.3335862,-0.031207684,4.9963036,-4.031745
1766255449.3428094,-0.032526977,4.9956427,-4.03208
1766255449.3536317,-0.033835486,4.994994,-4.0324006
1766255449.360785,-0.035133135,4.994357,-4.0327044
1766255449.3745048,-0.036419936,4.9937315,-4.0329914
1766255449.3809838,-0.037695937,4.9931164,-4.0332623
1766255449.393958,-0.04015619,4.991917,-4.033753
1766255449.4009435,-0.041370675,4.991333,-4.033977
1766255449.4138699,-0.042072907,4.99078,-4.0335803
1766255449.4213629,-0.042775072,4.9902368,-4.0331836
1766255449.434103,-0.044178307,4.989183,-4.0323887
1766255449.4417124,-0.04487894,4.9886713,-4.0319905
1766255449.4549956,-0.046285156,4.9876823,-4.0312047
1766255449.462312,-0.04698608,4.9872036,-4.0308113
1766255449.474477,-0.047685295,4.9867353,-4.030417
1766255449.4815574,-0.048382726,4.986278,-4.030021
1766255449.49477,-0.04977208,4.985394,-4.0292277
1766255449.5032744,-0.05046392,4.984967,-4.028836
1766255449.514641,-0.051153813,4.98455,-4.028443
1766255449.5219977,-0.051822904,4.9841304,-4.02805
1766255449.5360832,-0.05249018,4.983721,-4.027656
1766255449.5422583,-0.05239973,4.983778,-4.027463
1766255449.5555325,-0.05226843,4.9838862,-4.0270643
1766255449.5625887,-0.05222695,4.9839373,-4.026859
1766255449.5753489,-0.05219051,4.984034,-4.0264335
1766255449.583942,-0.05219446,4.9840803,-4.026214
1766255449.595851,-0.052224606,4.984125,-4.025991
1766255449.6026945,-0.052268133,4.9841685,-4.025769
1766255449.6162477,-0.05239363,4.9842525,-4.0253143
1766255449.6241171,-0.05247495,4.9842925,-4.025082
1766255449.6364553,-0.052568305,4.984332,-4.0248466
1766255449.6427362,-0.052673455,4.9843707,-4.0246086
1766255449.6559253,-0.05291808,4.984444,-4.0241356
1766255449.6643395,-0.0535267,4.984704,-4.0240493
1766255449.6755042,-0.054134905,4.9849586,-4.0239577
1766255449.6836634,-0.054742884,4.985209,-4.023861
1766255449.6973507,-0.055959467,4.9856977,-4.023653
1766255449.704598,-0.056568645,4.9859366,-4.0235457
1766255449.7169125,-0.057178684,4.986172,-4.023434
1766255449.7235858,-0.057789773,4.986405,-4.023319
1766255449.7363663,-0.05905309,4.9868283,-4.023082
1766255449.7452738,-0.059686664,4.9870353,-4.022958
1766255449.7572205,-0.060321614,4.9872384,-4.0228343
1766255449.763637,-0.060957976,4.987438,-4.0227075
1766255449.7769287,-0.06223498,4.9878283,-4.0224447
1766255449.7848997,-0.063043535,4.9885855,-4.0228467
1766255449.7973518,-0.063849464,4.989327,-4.023233
1766255449.8040757,-0.064665586,4.990048,-4.023606
1766255449.8174746,-0.06628961,4.9914474,-4.024307
1766255449.825832,-0.06709767,4.9921274,-4.0246363
1766255449.8369365,-0.06790318,4.9927945,-4.024952
1766255449.8445876,-0.06870621,4.993449,-4.025254
1766255449.858365,-0.070305005,4.994724,-4.025819
1766255449.8653543,-0.07110093,4.995343,-4.026082
1766255449.8780155,-0.07188491,4.995945,-4.026333
1766255449.8847427,-0.072666936,4.996536,-4.0265713
1766255449.8983002,-0.07422488,4.997684,-4.027013
1766255449.9063568,-0.07500052,4.9982414,-4.0272164
1766255449.917824,-0.07652346,4.99861,-4.0277424
1766255449.9248126,-0.07802781,4.9989724,-4.0282493
1766255449.938659,-0.08098189,4.9996796,-4.029204
1766255449.946336,-0.08243876,5.0000224,-4.0296535
1766255449.958944,-0.08387855,5.000359,-4.0300837
1766255449.965437,-0.08530177,5.0006895,-4.0304956
1766255449.979065,-0.08810044,5.001331,-4.0312657
1766255449.9877508,-0.08947674,5.0016418,-4.031625
1766255449.9985275,-0.090838164,5.0019455,-4.0319667
1766255450.0059388,-0.09218499,5.002243,-4.0322905
1766255450.0192702,-0.09484171,5.0028005,-4.0328903
1766255450.0272534,-0.09614906,5.0030684,-4.033166
1766255450.038872,-0.09736681,5.0031347,-4.0338674
1766255450.0463955,-0.09857171,5.003198,-4.034542
1766255450.0588841,-0.10094318,5.003318,-4.0358057
1766255450.068018,-0.10211003,5.0033736,-4.0363994
1766255450.0800679,-0.103264436,5.003427,-4.0369678
1766255450.0865202,-0.10439065,5.0034733,-4.037511
1766255450.0995843,-0.10660694,5.003558,-4.038524
1766255450.1076853,-0.10769712,5.003597,-4.038991
1766255450.120218,-0.108775325,5.0036325,-4.0394354
1766255450.1269152,-0.109841466,5.003666,-4.0398574
1766255450.1402206,-0.110895514,5.0036964,-4.0402565
1766255450.147404,-0.11193746,5.0037246,-4.0406337
1766255450.1598203,-0.11400784,5.0037727,-4.0413213
1766255450.167217,-0.11527841,5.003656,-4.0418763
1766255450.181279,-0.11776964,5.003423,-4.0429068
1766255450.188112,-0.11899089,5.003307,-4.0433826
1766255450.2009733,-0.120196335,5.003191,-4.0438333
1766255450.2076135,-0.121386245,5.003075,-4.0442533
1766255450.2205796,-0.1237207,5.0028434,-4.0450215
1766255450.2291648,-0.12486658,5.002727,-4.04537
1766255450.2412305,-0.12599821,5.0026107,-4.045696
1766255450.2477717,-0.12711585,5.0024943,-4.0459986
1766255450.261487,-0.1282196,5.0023775,-4.046274
1766255450.2682393,-0.12930964,5.00226,-4.0465283
1766255450.281125,-0.13144939,5.002025,-4.0469737
1766255450.2884228,-0.13249964,5.001907,-4.047166
1766255450.3011808,-0.13460656,5.0011687,-4.0483003
1766255450.3102343,-0.135641,5.0008087,-4.0488157
1766255450.321667,-0.1366629,5.0004544,-4.0493026
1766255450.3287847,-0.13767238,5.0001054,-4.049762
1766255450.3418362,-0.1396545,4.9994226,-4.050599
1766255450.3494463,-0.14062726,4.999088,-4.050978
1766255450.36218,-0.14158796,4.998758,-4.051324
1766255450.3689868,-0.1425241,4.9984345,-4.051645
1766255450.3819838,-0.1443619,4.997803,-4.052215
1766255450.3911989,-0.1452639,4.997495,-4.052465
1766255450.4028976,-0.14615476,4.997191,-4.0526924
1766255450.4092593,-0.14703448,4.9968915,-4.0528903
1766255450.422594,-0.14762661,4.9953055,-4.053537
1766255450.430304,-0.14792474,4.9945345,-4.0538225
1766255450.4424741,-0.14822403,4.9937735,-4.0540853
1766255450.4498184,-0.14852399,4.9930267,-4.0543237
1766255450.4629087,-0.14882436,4.9922934,-4.05453
1766255450.4697945,-0.1491249,4.9915743,-4.054714
1766255450.482624,-0.14972545,4.9901752,-4.0550165
1766255450.4899557,-0.15002492,4.9894953,-4.0551357
1766255450.503506,-0.15062141,4.9881725,-4.055313
1766255450.5106697,-0.15091762,4.9875364,-4.055363
1766255450.5230877,-0.15121274,4.986912,-4.0553946
1766255450.5302062,-0.15150663,4.986298,-4.055408
1766255450.543368,-0.15236212,4.9855037,-4.055699
1766255450.5519578,-0.15291947,4.985315,-4.0559707
1766255450.5630522,-0.1534714,4.9851284,-4.056209
1766255450.570879,-0.15401812,4.9849453,-4.056425
1766255450.583358,-0.1545835,4.984765,-4.05662
1766255450.5907342,-0.15514399,4.9845877,-4.056793
1766255450.6034725,-0.15625103,4.9842453,-4.057078
1766255450.6108155,-0.15679792,4.984079,-4.057181
1766255450.6236565,-0.1578792,4.9837584,-4.0573297
1766255450.632726,-0.15841377,4.9836044,-4.0573764
1766255450.6438777,-0.15894438,4.983454,-4.0574055
1766255450.65115,-0.15946323,4.9833074,-4.0574174
1766255450.6644812,-0.16049013,4.983027,-4.0573726
1766255450.6723235,-0.161036,4.982693,-4.0568886
1766255450.6845675,-0.16157722,4.9823694,-4.0564013
1766255450.6914313,-0.1621137,4.9820557,-4.055911
1766255450.704898,-0.1631721,4.981461,-4.0549226
1766255450.713545,-0.16369398,4.9811807,-4.0544176
1766255450.7247803,-0.16421548,4.9809146,-4.0539117
1766255450.7327676,-0.16473213,4.980658,-4.0534043
1766255450.746253,-0.16575073,4.9801693,-4.052386
1766255450.75293,-0.1662526,4.9799356,-4.0518746
1766255450.765066,-0.16674952,4.979708,-4.0513544
1766255450.7725382,-0.16724156,4.9794874,-4.0508337
1766255450.7856803,-0.16821112,4.9790645,-4.049791
1766255450.7938273,-0.16875304,4.979015,-4.049422
1766255450.805146,-0.16928834,4.978964,-4.0490513
1766255450.8128734,-0.16981694,4.978912,-4.048672
1766255450.8263102,-0.1708548,4.978805,-4.0479145
1766255450.8340378,-0.17136452,4.978754,-4.0475364
1766255450.846313,-0.17186813,4.978708,-4.0471582
1766255450.852831,-0.17236562,4.978668,-4.046781
1766255450.866006,-0.17284374,4.9786363,-4.046395
1766255450.873192,-0.17331626,4.9786115,-4.04601
1766255450.8856916,-0.17424539,4.9785833,-4.0452423
1766255450.8934288,-0.17470042,4.978602,-4.044871
1766255450.906986,-0.17557861,4.978833,-4.044232
1766255450.9144745,-0.17600325,4.9790554,-4.0439787
1766255450.92676,-0.17598812,4.9795814,-4.043647
1766255450.933576,-0.17598301,4.9801216,-4.043366
1766255450.9469957,-0.17600183,4.9811444,-4.0429473
1766255450.9546585,-0.17602448,4.981603,-4.0428014
1766255450.966605,-0.1760562,4.9820237,-4.0426855
1766255450.974388,-0.17609802,4.9824114,-4.0426035
1766255450.9878783,-0.17621651,4.983115,-4.042529
1766255450.9950817,-0.17629468,4.9834437,-4.04253
1766255451.0060735,-0.17638552,4.9837637,-4.0425515
1766255451.0141132,-0.176455,4.9840593,-4.042584
1766255451.0276284,-0.17662698,4.98464,-4.0426917
1766255451.0353844,-0.17672683,4.984927,-4.042762
1766255451.047247,-0.17685053,4.98492,-4.0432477
1766255451.054487,-0.1769799,4.984919,-4.0437293
1766255451.06859,-0.17725046,4.9849405,-4.044652
1766255451.0758243,-0.17737433,4.9849677,-4.0450993
1766255451.0874448,-0.17749952,4.9850035,-4.045535
1766255451.0958176,-0.17762506,4.985047,-4.045959
1766255451.108298,-0.17786084,4.9851565,-4.0467734
1766255451.116428,-0.17796157,4.985222,-4.0471573
1766255451.128637,-0.17804801,4.985295,-4.0475316
1766255451.1355934,-0.17812069,4.985375,-4.047897
1766255451.149345,-0.17823058,4.9855437,-4.048601
1766255451.156458,-0.1782744,4.9856305,-4.04894
1766255451.1687841,-0.17831667,4.985722,-4.0492606
1766255451.176013,-0.17848058,4.9863243,-4.048924
1766255451.1893177,-0.17882025,4.9875073,-4.0482707
1766255451.1973257,-0.17900267,4.988089,-4.0479527
1766255451.2093105,-0.17919715,4.988664,-4.047639
1766255451.2164125,-0.17940594,4.9892325,-4.047324
1766255451.2307916,-0.17985517,4.990334,-4.046704
1766255451.2367618,-0.1801079,4.990873,-4.046397
1766255451.2496347,-0.18038079,4.991403,-4.046093
1766255451.2564604,-0.18067452,4.991925,-4.04579
1766255451.26947,-0.18132651,4.992939,-4.045177
1766255451.2781277,-0.18168536,4.993431,-4.0448723
1766255451.289768,-0.18206625,4.9939127,-4.0445685
1766255451.2967548,-0.18244924,4.994381,-4.044265
1766255451.3101702,-0.18319742,4.9949574,-4.044669
1766255451.31679,-0.18395425,4.995518,-4.0450573
1766255451.3305645,-0.18547963,4.9965887,-4.0457745
1766255451.3369257,-0.18624169,4.9970965,-4.0461173
1766255451.3502936,-0.18775626,4.9980593,-4.0467787
1766255451.3583028,-0.18850744,4.998502,-4.0470996
1766255451.370132,-0.18925694,4.9989295,-4.047405
1766255451.377699,-0.1900056,4.9993434,-4.0477066
1766255451.391123,-0.1915024,5.0001335,-4.048298
1766255451.398762,-0.1922512,5.000512,-4.0485883
1766255451.4108443,-0.1930005,5.0008807,-4.048876
1766255451.4181278,-0.19375037,5.00124,-4.04915
1766255451.43111,-0.19491245,5.0013337,-4.049402
1766255451.4382915,-0.19607675,5.0014257,-4.049652
1766255451.451514,-0.19838144,5.001606,-4.0501413
1766255451.4583538,-0.19952278,5.0016937,-4.0503798
1766255451.4718513,-0.20178548,5.0018654,-4.0508227
1766255451.4789636,-0.20290715,5.0019484,-4.0510364
1766255451.4914315,-0.20402224,5.0020294,-4.0512443
1766255451.4985127,-0.20513071,5.002109,-4.051445
1766255451.5115037,-0.20624252,5.0021815,-4.0516396
1766255451.5187805,-0.20734754,5.0022516,-4.051826
1766255451.5318146,-0.20953701,5.0023847,-4.0521555
1766255451.5388207,-0.21062121,5.0024467,-4.0523076
1766255451.552533,-0.21246831,5.0026183,-4.0524344
1766255451.560149,-0.2132379,5.0027275,-4.052412
1766255451.5719845,-0.21400644,5.0028334,-4.0523734
1766255451.5792449,-0.21477582,5.0029416,-4.0523276
1766255451.5921957,-0.21630861,5.003148,-4.052214
1766255451.6013985,-0.21707173,5.0032463,-4.0521455
1766255451.6120622,-0.21783257,5.003341,-4.0520687
1766255451.6197188,-0.2185909,5.0034328,-4.0519753
1766255451.6326618,-0.22009929,5.003606,-4.0517645
1766255451.6407185,-0.22082534,5.0036817,-4.0516453
1766255451.653348,-0.22154838,5.003754,-4.051518
1766255451.659697,-0.22226804,5.0038233,-4.051382
1766255451.6732256,-0.2236961,5.003953,-4.0510726
1766255451.6811357,-0.2241309,5.0037613,-4.050468
1766255451.6926916,-0.22456779,5.0035734,-4.0498667
1766255451.70033,-0.22500667,5.003389,-4.0492687
1766255451.7140446,-0.2259449,5.0030193,-4.0480866
1766255451.7214267,-0.226444,5.0028343,-4.0474977
1766255451.7336724,-0.22694494,5.002652,-4.046912
1766255451.740536,-0.22744754,5.002473,-4.0463305
1766255451.7531128,-0.22845675,5.0021205,-4.0451803
1766255451.7617502,-0.22896315,5.001947,-4.044612
1766255451.7749567,-0.2294705,5.0017753,-4.0440426
1766255451.7810338,-0.2299788,5.0016055,-4.043479
1766255451.7944055,-0.23103498,5.0012903,-4.04237
1766255451.8021393,-0.23112473,5.000838,-4.041491
1766255451.8144882,-0.23122646,5.0003934,-4.0406265
1766255451.8210611,-0.23133996,4.999956,-4.0397725
1766255451.8340006,-0.2316011,4.9991035,-4.038108
1766255451.8433309,-0.23174752,4.9986873,-4.0372972
1766255451.8542006,-0.23190372,4.998277,-4.036501
1766255451.8611534,-0.23202743,4.9978743,-4.0357165
1766255451.8749385,-0.23230343,4.9970865,-4.034187
1766255451.8824391,-0.23245558,4.9967017,-4.0334444
1766255451.8944635,-0.23261707,4.9963217,-4.032717
1766255451.9014714,-0.23278768,4.9959474,-4.032006
1766255451.914549,-0.23296696,4.9955783,-4.0313087
1766255451.9218197,-0.23315427,4.9952145,-4.0306273
1766255451.934368,-0.23368587,4.993856,-4.0291533
1766255451.9421873,-0.2340268,4.9928718,-4.0283685
1766255451.9561174,-0.23471873,4.9909573,-4.026859
1766255451.96258,-0.23507032,4.9900265,-4.0261335
1766255451.9751148,-0.23542593,4.989112,-4.0254254
1766255451.9821193,-0.23578547,4.9882135,-4.0247364
1766255451.9947689,-0.23614867,4.987331,-4.0240664
1766255452.0023935,-0.2364939,4.986464,-4.023414
1766255452.0150769,-0.23719504,4.984775,-4.0221667
1766255452.0222094,-0.23755111,4.9839525,-4.0215683
1766255452.03642,-0.23827444,4.982349,-4.020427
1766255452.043959,-0.23864147,4.981568,-4.0198846
1766255452.0570476,-0.23918958,4.980782,-4.0192885
1766255452.0628483,-0.23973617,4.9800086,-4.0187125
1766255452.0754433,-0.24081501,4.9784966,-4.0176134
1766255452.0846977,-0.24135245,4.9777584,-4.0170937
1766255452.0960271,-0.24188869,4.9770327,-4.0165925
1766255452.1029093,-0.24242373,4.9763193,-4.016111
1766255452.1166508,-0.24295759,4.9756174,-4.0156474
1766255452.123187,-0.24349011,4.974928,-4.0152016
1766255452.136097,-0.24454272,4.9735928,-4.01436
1766255452.1431801,-0.24506253,4.9729476,-4.0139647
1766255452.1563,-0.24609672,4.9716907,-4.0132256
1766255452.1653054,-0.2466114,4.9710793,-4.012881
1766255452.1771152,-0.2471247,4.970479,-4.012549
1766255452.1838694,-0.24803254,4.9700756,-4.0129495
1766255452.1971622,-0.24981637,4.969288,-4.0137444
1766255452.2044415,-0.25069287,4.9689035,-4.014139
1766255452.216991,-0.25154835,4.9685216,-4.014532
1766255452.2239728,-0.25239432,4.968146,-4.0149164
1766255452.2369761,-0.25405923,4.967414,-4.0156827
1766255452.2460496,-0.2548787,4.967058,-4.016064
1766255452.2576492,-0.25568983,4.966708,-4.016444
1766255452.2642674,-0.25649276,4.9663644,-4.016823
1766255452.27783,-0.25807425,4.965695,-4.0175653
1766255452.2854145,-0.25888175,4.965376,-4.0179353
1766255452.297999,-0.25968063,4.965063,-4.0183043
1766255452.3045633,-0.2604709,4.964756,-4.018671
1766255452.3174396,-0.26225612,4.9633822,-4.0188446
1766255452.326249,-0.26313257,4.9627175,-4.018933
1766255452.3378923,-0.26399875,4.9620676,-4.0190244
1766255452.3448677,-0.264855,4.9614325,-4.0191193
1766255452.3584335,-0.26654288,4.960206,-4.0193186
1766255452.3657901,-0.26737478,4.959614,-4.019422
1766255452.3785923,-0.26819748,4.9590344,-4.0195236
1766255452.3850205,-0.26901093,4.9584675,-4.019627
1766255452.3976917,-0.27060995,4.95737,-4.019839
1766255452.4068513,-0.27139562,4.9568386,-4.019946
1766255452.4185863,-0.27217212,4.956319,-4.0200543
1766255452.4253294,-0.27293947,4.9558105,-4.0201592
1766255452.4385433,-0.2744061,4.954753,-4.0197973
1766255452.4464319,-0.27512684,4.9542403,-4.0196276
1766255452.4587877,-0.2758393,4.9537377,-4.0194645
1766255452.4653876,-0.27654365,4.9532456,-4.0193076
1766255452.4789362,-0.27724007,4.952764,-4.0191536
1766255452.485894,-0.27792886,4.9522924,-4.019006
1766255452.4989822,-0.27927518,4.951384,-4.018726
1766255452.5065162,-0.2799324,4.9509478,-4.018594
1766255452.5191636,-0.28122258,4.9501033,-4.0183454
1766255452.5265079,-0.2818559,4.949695,-4.018226
1766255452.5388024,-0.28248182,4.949296,-4.0181117
1766255452.5460045,-0.28310052,4.948906,-4.0180025
1766255452.5588994,-0.28436762,4.9480944,-4.0174665
1766255452.5677352,-0.28500047,4.947661,-4.0170474
1766255452.5792575,-0.28562626,4.947236,-4.016641
1766255452.5864782,-0.2862451,4.9468203,-4.0162473
1766255452.5995388,-0.28746235,4.9460154,-4.015496
1766255452.6074972,-0.28806067,4.945626,-4.015138
1766255452.6197631,-0.28865197,4.945245,-4.014792
1766255452.626773,-0.28923634,4.944872,-4.0144567
1766255452.6395314,-0.2898139,4.944507,-4.0141325
1766255452.6472237,-0.2903679,4.9441476,-4.0138187
1766255452.660568,-0.29145738,4.943452,-4.013224
1766255452.6673515,-0.29199278,4.9431143,-4.012943
1766255452.6807206,-0.293045,4.9424596,-4.0124106
1766255452.6881986,-0.29331914,4.942452,-4.012606
1766255452.700568,-0.2935931,4.9424453,-4.0128007
1766255452.7075977,-0.29386663,4.94244,-4.012995
1766255452.7208633,-0.2943995,4.942433,-4.0133805
1766255452.7292123,-0.29466456,4.9424314,-4.01357
1766255452.7404995,-0.29492882,4.9424314,-4.0137596
1766255452.7480574,-0.29519227,4.942433,-4.0139494
1766255452.7618618,-0.2957161,4.9424405,-4.014329
1766255452.7703924,-0.29597616,4.9424458,-4.014519
1766255452.781691,-0.29623476,4.9424524,-4.0147076
1766255452.788514,-0.2964886,4.9424567,-4.014896
1766255452.8021133,-0.29699153,4.9424696,-4.0152726
1766255452.810197,-0.29661846,4.9425735,-4.0150127
1766255452.8216207,-0.2962585,4.9426775,-4.014765
1766255452.829374,-0.29591122,4.9427814,-4.0145283
1766255452.8420787,-0.29525298,4.94299,-4.0140886
1766255452.850258,-0.29494098,4.9430943,-4.013885
1766255452.8620265,-0.29463106,4.9431987,-4.013691
1766255452.869026,-0.2943315,4.943303,-4.0135074
1766255452.882076,-0.2937619,4.9435115,-4.0131674
1766255452.8904254,-0.2934913,4.9436154,-4.0130115
1766255452.902116,-0.29322976,4.9437184,-4.0128646
1766255452.9098184,-0.29297704,4.9438214,-4.012727
1766255452.923802,-0.292497,4.9440255,-4.0124764
1766255452.9308755,-0.29226857,4.9441233,-4.0123625
1766255452.9427943,-0.29198757,4.944136,-4.012695
1766255452.9500434,-0.29171535,4.9441495,-4.013024
1766255452.9634066,-0.29145166,4.9441633,-4.0133505
1766255452.970506,-0.29119632,4.9441776,-4.013674
1766255452.9830198,-0.2907103,4.944209,-4.0143104
1766255452.9903846,-0.2904795,4.944226,-4.0146236
1766255453.0034742,-0.29004002,4.9442596,-4.0152426
1766255453.011441,-0.28983182,4.944277,-4.015548
1766255453.0234947,-0.28963098,4.9442945,-4.015852
1766255453.0310807,-0.28943747,4.9443116,-4.0161505
1766255453.0431988,-0.28907222,4.944344,-4.01674
1766255453.0526252,-0.28890026,4.9443593,-4.0170307
1766255453.0641842,-0.28877023,4.9441433,-4.016906
1766255453.070842,-0.288627,4.943932,-4.0167885
1766255453.084996,-0.28835875,4.9435234,-4.016577
1766255453.092253,-0.28823355,4.9433255,-4.016482
1766255453.1038215,-0.28811413,4.9431314,-4.016394
1766255453.1119125,-0.2880005,4.942942,-4.016313
1766255453.1238492,-0.28779015,4.942574,-4.0161695
1766255453.132432,-0.28769323,4.942395,-4.016106
1766255453.1445265,-0.28759724,4.9422174,-4.016048
1766255453.1515896,-0.28750664,4.942043,-4.0159945
1766255453.1650386,-0.28734165,4.941702,-4.0159035
1766255453.1724234,-0.28726697,4.941535,-4.0158653
1766255453.1846395,-0.287197,4.9413705,-4.015831
1766255453.191771,-0.28726837,4.9411206,-4.0156336
1766255453.2050276,-0.28741026,4.940634,-4.0152645
1766255453.2133,-0.2874655,4.940389,-4.015092
1766255453.2250853,-0.2875214,4.9401493,-4.0149274
1766255453.232309,-0.28757828,4.9399133,-4.014772
1766255453.2454226,-0.2876954,4.9394526,-4.0144835
1766255453.2534018,-0.28775507,4.939228,-4.014351
1766255453.265417,-0.2878151,4.939007,-4.014225
1766255453.272903,-0.2878752,4.9387884,-4.0141068
1766255453.2858968,-0.28798658,4.938356,-4.0138936
1766255453.2936966,-0.28804258,4.9381437,-4.0137973
1766255453.305646,-0.28809908,4.937934,-4.013708
1766255453.312793,-0.28815612,4.937727,-4.0136256
1766255453.3265374,-0.2884432,4.9370646,-4.013741
1766255453.3329268,-0.2887246,4.936415,-4.0138597
1766255453.3463438,-0.28927103,4.935152,-4.0141053
1766255453.3532836,-0.2895309,4.934541,-4.0142326
1766255453.3660214,-0.290035,4.9333515,-4.0144954
1766255453.3739457,-0.2902796,4.9327717,-4.0146313
1766255453.3864582,-0.2905194,4.932202,-4.014769
1766255453.3934853,-0.2907546,4.93164,-4.0149093
1766255453.406848,-0.29121208,4.930544,-4.015197
1766255453.4148762,-0.29143476,4.9300084,-4.0153446
1766255453.4262543,-0.29165673,4.9294853,-4.0154953
1766255453.4338307,-0.2918748,4.9289703,-4.015647
1766255453.4473557,-0.29285115,4.9289927,-4.015277
1766255453.4553094,-0.29332492,4.9290004,-4.0151086
1766255453.4670832,-0.29378945,4.9290056,-4.0149508
1766255453.4742706,-0.29424495,4.9290085,-4.014804
1766255453.4877806,-0.29469165,4.92901,-4.0146685
1766255453.4944673,-0.29514334,4.9290133,-4.0145426
1766255453.5071206,-0.29602188,4.929016,-4.0143185
1766255453.5144644,-0.2964492,4.9290166,-4.01422
1766255453.5275538,-0.29728112,4.929017,-4.014049
1766255453.5357008,-0.2976858,4.9290166,-4.0139775
1766255453.5467386,-0.29808283,4.929016,-4.0139136
1766255453.5548375,-0.29847205,4.929015,-4.013857
1766255453.5679479,-0.29886398,4.929016,-4.0138087
1766255453.574805,-0.29939306,4.9292355,-4.01368
1766255453.5877683,-0.3004146,4.9296546,-4.013453
1766255453.594957,-0.3009082,4.9298553,-4.0133543
1766255453.6079104,-0.30139095,4.93005,-4.013264
1766255453.615218,-0.30186296,4.930239,-4.0131826
1766255453.6285477,-0.30277538,4.930601,-4.0130453
1766255453.6354356,-0.30322906,4.930773,-4.0129914
1766255453.649085,-0.3041056,4.9311004,-4.012906
1766255453.656849,-0.3045288,4.9312563,-4.0128746
1766255453.6685205,-0.30494225,4.9314065,-4.01285
1766255453.6758902,-0.3053462,4.931551,-4.012832
1766255453.6885633,-0.30612618,4.931822,-4.0128202
1766255453.697326,-0.3058679,4.9323936,-4.012119
1766255453.7084634,-0.30561748,4.9329515,-4.0114408
1766255453.715954,-0.30537456,4.9334955,-4.0107856
1766255453.7299654,-0.30490947,4.934545,-4.0095406
1766255453.7373514,-0.3046865,4.9350505,-4.008955
1766255453.749094,-0.30446947,4.9355426,-4.00839
1766255453.756332,-0.30425823,4.9360223,-4.007845
1766255453.769258,-0.30385736,4.936944,-4.0068116
1766255453.7781458,-0.303667,4.937387,-4.0063233
1766255453.7892115,-0.30348116,4.937818,-4.005859
1766255453.796543,-0.3032995,4.9382377,-4.005412
1766255453.8103306,-0.30294842,4.939043,-4.0045714
1766255453.8177488,-0.30287623,4.939671,-4.004873
1766255453.8300102,-0.30280486,4.940282,-4.0051737
1766255453.836877,-0.30273426,4.940875,-4.0054765
1766255453.8496993,-0.30267397,4.941454,-4.0057793
1766255453.85699,-0.30261442,4.9420156,-4.006082
1766255453.8697646,-0.30249786,4.9430866,-4.006689
1766255453.8772721,-0.30244094,4.943597,-4.0069933
1766255453.8904655,-0.30232963,4.9445662,-4.0076065
1766255453.8984768,-0.3022751,4.9450264,-4.0079136
1766255453.9106195,-0.30221966,4.9454713,-4.0082216
1766255453.917463,-0.3021649,4.9459,-4.00853
1766255453.9302964,-0.30205783,4.946712,-4.0091496
1766255453.9394066,-0.3020057,4.947095,-4.0094614
1766255453.9512475,-0.30169165,4.9481225,-4.0099216
1766255453.9580145,-0.30138448,4.9491205,-4.0103784
1766255453.9714797,-0.30079013,4.951029,-4.0112805
1766255453.978905,-0.30050248,4.95194,-4.0117254
1766255453.9916518,-0.30020592,4.952814,-4.012167
1766255453.9982007,-0.29991528,4.9536605,-4.012604
1766255454.0115144,-0.2996303,4.9544806,-4.013037
1766255454.0188644,-0.2993508,4.955275,-4.0134664
1766255454.0310318,-0.29880738,4.9567895,-4.0143123
1766255454.0385633,-0.29854324,4.9575114,-4.014729
1766255454.052595,-0.29828402,4.95821,-4.0151415
1766255454.0589619,-0.29801083,4.9588833,-4.015549
1766255454.0727334,-0.29748887,4.9603333,-4.016181
1766255454.078972,-0.29723862,4.9611077,-4.016409
1766255454.0918698,-0.2969918,4.961858,-4.0166388
1766255454.099236,-0.29674828,4.9625835,-4.0168676
1766255454.111912,-0.29627085,4.9639645,-4.017322
1766255454.1190915,-0.29603702,4.96462,-4.017547
1766255454.1326659,-0.295573,4.965849,-4.017992
1766255454.140201,-0.29534557,4.96643,-4.0182137
1766255454.1529617,-0.2951211,4.96699,-4.018433
1766255454.1593733,-0.2948996,4.967528,-4.018651
1766255454.1726856,-0.29446507,4.9685397,-4.019079
1766255454.181232,-0.2942518,4.9690137,-4.01929
1766255454.1924925,-0.29403752,4.9694715,-4.0195
1766255454.2001119,-0.29477376,4.969819,-4.01932
1766255454.2136214,-0.29549074,4.9701467,-4.0191474
1766255454.2200463,-0.296189,4.9704537,-4.018982
1766255454.2342594,-0.2975315,4.9710116,-4.018672
1766255454.2403843,-0.2981769,4.9712625,-4.018531
1766255454.2535357,-0.2994196,4.9717073,-4.018266
1766255454.2618039,-0.30000868,4.9718943,-4.018142
1766255454.2735858,-0.30058324,4.972063,-4.0180235
1766255454.280453,-0.30114365,4.9722123,-4.01791
1766255454.2940865,-0.30222398,4.972457,-4.017706
1766255454.3016274,-0.30274498,4.9725523,-4.0176115
1766255454.3143878,-0.30325386,4.9726305,-4.0175223
1766255454.3209183,-0.30375105,4.972692,-4.017438
1766255454.3339455,-0.30366698,4.972542,-4.0176196
1766255454.3415372,-0.30358458,4.972382,-4.0178003
1766255454.3540506,-0.30342647,4.972025,-4.0181623
1766255454.361103,-0.30335036,4.9718275,-4.018342
1766255454.3744106,-0.3032026,4.9713945,-4.0186996
1766255454.3822687,-0.30313045,4.9711595,-4.0188775
1766255454.3949683,-0.30305898,4.970911,-4.0190578
1766255454.4015837,-0.30298758,4.9706507,-4.019237
1766255454.4142964,-0.3029008,4.970376,-4.0194154
1766255454.4218667,-0.30281338,4.97009,-4.0195937
1766255454.4351068,-0.30263683,4.9694858,-4.01995
1766255454.4418178,-0.30254778,4.969168,-4.0201297
1766255454.455086,-0.30197826,4.968238,-4.0205936
1766255454.4634018,-0.30169967,4.9677606,-4.0208235
1766255454.475654,-0.30141583,4.9672737,-4.021052
1766255454.4821274,-0.30113587,4.966778,-4.021279
1766255454.4950383,-0.30058736,4.9657607,-4.0217323
1766255454.504164,-0.30031854,4.96524,-4.021957
1766255454.5155923,-0.30005303,4.9647117,-4.02218
1766255454.5228739,-0.29979077,4.964176,-4.022402
1766255454.536438,-0.29927593,4.963084,-4.0228415
1766255454.5438612,-0.29900458,4.9625163,-4.023061
1766255454.5560272,-0.29873684,4.9619417,-4.023279
1766255454.5632172,-0.29847258,4.96136,-4.023495
1766255454.5762146,-0.29821166,4.96077,-4.02371
1766255454.5837488,-0.29799646,4.9605565,-4.024499
1766255454.5963106,-0.29757118,4.960088,-4.0260267
1766255454.6035278,-0.2973612,4.9598336,-4.0267663
1766255454.6172273,-0.29693872,4.959293,-4.0281997
1766255454.624406,-0.29672644,4.9590073,-4.0288944
1766255454.6368313,-0.296516,4.9587116,-4.029575
1766255454.6437228,-0.2963074,4.958406,-4.0302396
1766255454.656836,-0.2958952,4.957765,-4.0315266
1766255454.6658146,-0.29569134,4.9574294,-4.03215
1766255454.6770108,-0.29548895,4.9570847,-4.0327587
1766255454.6842632,-0.29525843,4.956731,-4.0333543
1766255454.6968122,-0.29502988,4.956368,-4.033935
1766255454.704064,-0.29480335,4.955996,-4.0345025
1766255454.7171726,-0.29430118,4.9550686,-4.035691
1766255454.7241256,-0.29405245,4.9545946,-4.036263
1766255454.7376235,-0.2935593,4.953626,-4.037366
1766255454.746541,-0.2933148,4.953132,-4.0378957
1766255454.757121,-0.29306746,4.9526315,-4.038411
1766255454.7646875,-0.2928215,4.952123,-4.0389123
1766255454.778251,-0.29233286,4.9510846,-4.0398736
1766255454.7855062,-0.29209,4.9505534,-4.0403337
1766255454.7979336,-0.29184812,4.950014,-4.040779
1766255454.804685,-0.29160732,4.949467,-4.0412116
1766255454.8177068,-0.29136762,4.9489126,-4.0416303
1766255454.8249917,-0.2911291,4.9483514,-4.0420356
1766255454.8375137,-0.29092586,4.9466205,-4.0441113
1766255454.8454351,-0.29082337,4.9457526,-4.045099
1766255454.8584597,-0.29061735,4.944012,-4.0469875
1766255454.866454,-0.29051396,4.9431386,-4.047889
1766255454.878263,-0.2904104,4.942263,-4.0487633
1766255454.8854783,-0.29030687,4.941385,-4.0496106
1766255454.8983815,-0.29014182,4.939632,-4.051215
1766255454.907332,-0.29005924,4.9387507,-4.051979
1766255454.9184577,-0.2899767,4.937867,-4.052717
1766255454.9258363,-0.28989413,4.9369807,-4.053431
1766255454.9415073,-0.28972933,4.935201,-4.054787
1766255454.9478292,-0.2896472,4.934308,-4.0554237
1766255454.9610863,-0.28919354,4.9341707,-4.056638
1766255454.973393,-0.28878072,4.9340153,-4.057814
1766255454.9863114,-0.28798106,4.933651,-4.060057
1766255454.9943771,-0.28759384,4.933443,-4.0611253
1766255455.006133,-0.2872148,4.933219,-4.062151
1766255455.013557,-0.28684384,4.932979,-4.063143
1766255455.0270169,-0.28612503,4.9324574,-4.0650287
1766255455.0343845,-0.2857762,4.932177,-4.065924
1766255455.0472167,-0.2854259,4.9318805,-4.066788
1766255455.053723,-0.28508168,4.931571,-4.067612
1766255455.0665686,-0.28440997,4.9309154,-4.069171
1766255455.0760746,-0.28408208,4.930569,-4.0699067
1766255455.0870702,-0.28365988,4.930525,-4.070368
1766255455.0946505,-0.2832443,4.93046,-4.0708065
1766255455.107731,-0.28243327,4.9302726,-4.0716043
1766255455.1148624,-0.28205493,4.930153,-4.071972
1766255455.1279151,-0.28168318,4.9300156,-4.072319
1766255455.1341484,-0.28131777,4.9298606,-4.072645
1766255455.147353,-0.28060475,4.9294987,-4.073239
1766255455.1560864,-0.28025663,4.929292,-4.0734982
1766255455.1676183,-0.27991384,4.9290676,-4.073739
1766255455.1749754,-0.27957627,4.9288254,-4.0739613
1766255455.1879358,-0.27924392,4.928566,-4.0741644
1766255455.1950462,-0.27891144,4.9282837,-4.07435
1766255455.2084873,-0.27826142,4.9276686,-4.074662
1766255455.2151697,-0.2779591,4.9269967,-4.0747447
1766255455.2286277,-0.2776629,4.92632,-4.0748115
1766255455.2356188,-0.27737287,4.9256377,-4.074863
1766255455.2489636,-0.27681124,4.924255,-4.074922
1766255455.2556527,-0.27653942,4.9235535,-4.074923
1766255455.2689598,-0.2760015,4.922111,-4.074886
1766255455.2768853,-0.2757416,4.9213777,-4.0748477
1766255455.2903397,-0.2754875,4.920636,-4.074797
1766255455.2959876,-0.27523884,4.919887,-4.0747347
1766255455.3090236,-0.27475637,4.9183655,-4.074563
1766255455.3174102,-0.27452245,4.9175944,-4.074462
1766255455.329627,-0.2743055,4.916821,-4.0743513
1766255455.336276,-0.2740933,4.9160414,-4.0742316
1766255455.3500717,-0.27213922,4.9147563,-4.073484
1766255455.3582034,-0.2711941,4.914098,-4.0731
1766255455.370658,-0.27026936,4.9134293,-4.0727134
1766255455.3768415,-0.26936442,4.9127493,-4.0723243
1766255455.3899949,-0.26761067,4.9113574,-4.0715384
1766255455.399057,-0.26675206,4.9106317,-4.0711427
1766255455.4108236,-0.26591054,4.9098964,-4.07074
1766255455.4176104,-0.26508564,4.909153,-4.070337
1766255455.4307868,-0.263484,4.907643,-4.069529
1766255455.4383874,-0.26270634,4.9068756,-4.069125
1766255455.4509263,-0.26194352,4.9061,-4.0687213
1766255455.457516,-0.2611951,4.905316,-4.068312
1766255455.4706888,-0.2600753,4.9035134,-4.0680823
1766255455.4794426,-0.25953174,4.902598,-4.0679593
1766255455.4915597,-0.25899878,4.901675,-4.0678315
1766255455.4980793,-0.25847647,4.900746,-4.067699
1766255455.5118687,-0.25746447,4.898867,-4.067409
1766255455.5190618,-0.25697476,4.8979187,-4.0672603
1766255455.5316734,-0.25649565,4.8969646,-4.067108
1766255455.5381765,-0.25602692,4.896005,-4.066954
1766255455.5516975,-0.25507188,4.8940535,-4.0666385
1766255455.560031,-0.25460958,4.8930683,-4.066471
1766255455.5723631,-0.25415722,4.8920765,-4.066302
1766255455.57916,-0.2537145,4.891078,-4.0661316
1766255455.5919452,-0.2532812,4.890073,-4.0659595
1766255455.5987933,-0.2531301,4.888592,-4.066404
1766255455.6121888,-0.25283208,4.8856325,-4.067231
1766255455.6188533,-0.2526855,4.8841553,-4.0676165
1766255455.6322234,-0.252396,4.8812094,-4.0683446
1766255455.6409106,-0.25225294,4.87974,-4.068688
1766255455.6519902,-0.25211084,4.8782725,-4.0690174
1766255455.659469,-0.2519698,4.8768063,-4.069323
1766255455.673871,-0.2516912,4.8738747,-4.069897
1766255455.6803267,-0.25155342,4.8724084,-4.070165
1766255455.6925597,-0.251431,4.8709574,-4.0704217
1766255455.6995263,-0.25130922,4.8695054,-4.070666
1766255455.7127414,-0.25106782,4.8666,-4.071098
1766255455.7216833,-0.25143722,4.865111,-4.070383
1766255455.732744,-0.2517955,4.863623,-4.069681
1766255455.7403948,-0.25214306,4.862138,-4.0689907
1766255455.7536023,-0.25280723,4.859172,-4.067644
1766255455.7609916,-0.25313288,4.8576922,-4.0669813
1766255455.7735047,-0.25344896,4.8562136,-4.0663285
1766255455.780264,-0.2537561,4.8547363,-4.0656853
1766255455.7928557,-0.25434557,4.851784,-4.064427
1766255455.8021455,-0.2546286,4.85031,-4.063811
1766255455.8132846,-0.25490424,4.848837,-4.063199
1766255455.8208303,-0.2551726,4.8473663,-4.0625963
1766255455.8345947,-0.25568736,4.8444114,-4.0614176
1766255455.8415737,-0.255932,4.8428397,-4.0605454
1766255455.8540883,-0.25616947,4.8412724,-4.059689
1766255455.860754,-0.2564,4.8397093,-4.058845
1766255455.8736985,-0.2568406,4.8365927,-4.0572033
1766255455.882778,-0.25705087,4.8350387,-4.056405
1766255455.894242,-0.25725463,4.833487,-4.0556216
1766255455.9015749,-0.2574512,4.831936,-4.054853
1766255455.9146054,-0.25764132,4.830388,-4.054095
1766255455.9217207,-0.25782487,4.8288436,-4.0533514
1766255455.9347904,-0.25817278,4.8257666,-4.05191
1766255455.9417186,-0.2583377,4.824234,-4.0512114
1766255455.9550614,-0.2586504,4.8211784,-4.049859
1766255455.9627743,-0.25877887,4.819648,-4.049201
1766255455.9747894,-0.25908178,4.817585,-4.0481095
1766255455.9823506,-0.25937486,4.815536,-4.047044
1766255455.995764,-0.2599317,4.811478,-4.044987
1766255456.00316,-0.26019573,4.8094683,-4.043996
1766255456.0151136,-0.26045063,4.8074718,-4.043028
1766255456.0223095,-0.2606969,4.8054876,-4.0420847
1766255456.0350742,-0.26093486,4.8035164,-4.0411644
1766255456.0422468,-0.2611787,4.8015647,-4.0402675
1766255456.0553977,-0.2616423,4.7976947,-4.0385427
1766255456.0624754,-0.261862,4.795775,-4.037714
1766255456.076228,-0.26227728,4.7919626,-4.0361233
1766255456.0831256,-0.26247314,4.790069,-4.03536
1766255456.0949523,-0.26295683,4.788419,-4.035936
1766255456.1028364,-0.26342702,4.786772,-4.036499
1766255456.1161673,-0.2638843,4.785129,-4.037043
1766255456.123029,-0.2643219,4.7834992,-4.037576
1766255456.1359298,-0.2651614,4.7802563,-4.038614
1766255456.143128,-0.26556394,4.778643,-4.0391192
1766255456.1568568,-0.26633546,4.7754316,-4.040105
1766255456.1645553,-0.26670456,4.773833,-4.0405774
1766255456.17646,-0.2670627,4.772238,-4.0410423
1766255456.18353,-0.26743424,4.770656,-4.0414996
1766255456.1972446,-0.26779494,4.769078,-4.0419497
1766255456.2037592,-0.268145,4.7675023,-4.0423923
1766255456.2172673,-0.26881433,4.764362,-4.043248
1766255456.2240055,-0.26904234,4.7625484,-4.043991
1766255456.2374525,-0.2694741,4.7589498,-4.04543
1766255456.2445314,-0.26967824,4.7571635,-4.046127
1766255456.2572155,-0.26988766,4.7553897,-4.0468082
1766255456.2640724,-0.2700893,4.7536235,-4.0474644
1766255456.2771127,-0.2702832,4.751864,-4.048106
1766255456.2843823,-0.2704694,4.750111,-4.048733
1766255456.2972453,-0.27081835,4.746624,-4.049942
1766255456.30452,-0.27098092,4.7448883,-4.050524
1766255456.3186152,-0.27128202,4.741433,-4.051625
1766255456.3255348,-0.27142066,4.739714,-4.052153
1766255456.337855,-0.27157435,4.7380004,-4.052667
1766255456.344987,-0.27172026,4.7362914,-4.0531664
1766255456.3580604,-0.2720529,4.7326555,-4.0540323
1766255456.366505,-0.27220678,4.73085,-4.054436
1766255456.3784175,-0.27235264,4.7290525,-4.054828
1766255456.3855686,-0.27249068,4.727262,-4.0552077
1766255456.3991494,-0.272621,4.7254786,-4.055575
1766255456.405404,-0.27275628,4.723718,-4.0559297
1766255456.4184752,-0.27300364,4.720218,-4.056593
1766255456.4255333,-0.27311602,4.718479,-4.056902
1766255456.438999,-0.2733189,4.715023,-4.057484
1766255456.4473603,-0.27340955,4.7133055,-4.0577574
1766255456.4582453,-0.2734933,4.711594,-4.058018
1766255456.4658535,-0.2735704,4.7098885,-4.058258
1766255456.4794674,-0.27541187,4.706865,-4.058625
1766255456.4868748,-0.27629542,4.7053537,-4.0587935
1766255456.4989836,-0.27715516,4.703843,-4.0589523
1766255456.5061646,-0.277992,4.7023325,-4.059101
1766255456.5188766,-0.27880704,4.7008233,-4.0592313
1766255456.5262525,-0.27960113,4.699316,-4.0593524
1766255456.5403507,-0.28111207,4.696308,-4.0595675
1766255456.546661,-0.28182992,4.6948075,-4.0596623
1766255456.560195,-0.2825289,4.6933084,-4.059748
1766255456.5667312,-0.2832093,4.69181,-4.059825
1766255456.580117,-0.28451598,4.6888156,-4.0599356
1766255456.5870817,-0.28514314,4.6873183,-4.0599785
1766255456.5999932,-0.28642362,4.6839905,-4.060301
1766255456.6090305,-0.2870917,4.6821713,-4.0605745
1766255456.6205392,-0.28774133,4.680359,-4.0608244
1766255456.62734,-0.2883729,4.678553,-4.0610614
1766255456.6416538,-0.28898674,4.6767535,-4.0612855
1766255456.6477776,-0.28958303,4.6749597,-4.0614977
1766255456.6605334,-0.29072398,4.671385,-4.061885
1766255456.667766,-0.29126936,4.6696024,-4.0620513
1766255456.6804821,-0.2917984,4.6678224,-4.062206
1766255456.688017,-0.29230738,4.6660366,-4.06235
1766255456.700759,-0.29327756,4.66247,-4.062605
1766255456.7080805,-0.29373905,4.660689,-4.0627174
1766255456.7213273,-0.29418507,4.6589108,-4.06281
1766255456.7282732,-0.29461566,4.6571355,-4.0628934
1766255456.7414331,-0.29489934,4.6524353,-4.0632725
1766255456.7482574,-0.29502606,4.650109,-4.0634456
1766255456.7614517,-0.29513684,4.647801,-4.063608
1766255456.7688243,-0.29523772,4.6455064,-4.0637603
1766255456.7823236,-0.29540962,4.640954,-4.064012
1766255456.788529,-0.29548058,4.6386943,-4.064123
1766255456.8025177,-0.2955933,4.634206,-4.064318
1766255456.8098283,-0.29563555,4.631977,-4.064402
1766255456.8222783,-0.29567102,4.6297708,-4.064466
1766255456.8290105,-0.29569745,4.627576,-4.0645227
1766255456.8418102,-0.29572397,4.6232176,-4.0646124
1766255456.8509092,-0.29587212,4.620795,-4.0651183
1766255456.8618398,-0.2960093,4.6183867,-4.0656037
1766255456.8691635,-0.2961356,4.615993,-4.0660563
1766255456.8829129,-0.29635614,4.611245,-4.066905
1766255456.8905487,-0.29644954,4.6088834,-4.0673018
1766255456.9036741,-0.296533,4.6065326,-4.0676804
1766255456.9096367,-0.29660678,4.604194,-4.068042
1766255456.922696,-0.29672617,4.599554,-4.068687
1766255456.9310145,-0.29677227,4.597253,-4.068986
1766255456.9427092,-0.2968097,4.5949645,-4.0692697
1766255456.9502506,-0.29683888,4.592688,-4.0695386
1766255456.9638808,-0.2968746,4.5881815,-4.070032
1766255456.9719133,-0.29688162,4.58595,-4.0702434
1766255456.9839346,-0.29739875,4.5838675,-4.0701823
1766255456.9904323,-0.29789558,4.581793,-4.070115
1766255457.0030859,-0.29883024,4.577666,-4.0699596
1766255457.0121748,-0.29926926,4.575614,-4.0698724
1766255457.0238104,-0.2996901,4.573571,-4.0697675
1766255457.030624,-0.30009308,4.5715365,-4.069657
1766255457.044034,-0.30085117,4.5675054,-4.0694194
1766255457.0519729,-0.30120456,4.565502,-4.069292
1766255457.0643187,-0.30154136,4.563506,-4.06916
1766255457.070937,-0.3018618,4.561517,-4.0690093
1766255457.0841708,-0.30245498,4.5575557,-4.068694
1766255457.0924819,-0.30272844,4.5555835,-4.068529
1766255457.1035457,-0.30338004,4.5535855,-4.067744
1766255457.111256,-0.30400586,4.551594,-4.066971
1766255457.1249835,-0.30518278,4.5476303,-4.065444
1766255457.132741,-0.30573535,4.5456595,-4.064698
1766255457.1454608,-0.30626464,4.5436954,-4.0639644
1766255457.1515183,-0.30677116,4.5417376,-4.063242
1766255457.1645408,-0.30771762,4.537837,-4.0618296
1766255457.173311,-0.30817127,4.5359006,-4.061131
1766255457.185169,-0.3086039,4.5339675,-4.060443
1766255457.191751,-0.30901587,4.5320373,-4.059766
1766255457.205284,-0.3097796,4.5281844,-4.058443
1766255457.2131019,-0.31013235,4.5262637,-4.057798
1766255457.225781,-0.3104662,4.5243473,-4.0571556
1766255457.2323139,-0.3110922,4.5226407,-4.0561337
1766255457.245271,-0.31169313,4.520934,-4.055133
1766255457.2525313,-0.31227624,4.5192285,-4.054153
1766255457.2653968,-0.31337065,4.5158114,-4.0522547
1766255457.272621,-0.31388304,4.5140986,-4.0513287
1766255457.285382,-0.3148409,4.5106626,-4.0495353
1766255457.2936988,-0.31528774,4.5089397,-4.048667
1766255457.3061516,-0.31571394,4.507213,-4.0478177
1766255457.3129823,-0.31611994,4.5054836,-4.046987
1766255457.325461,-0.31684297,4.50201,-4.0453725
1766255457.3340712,-0.31717604,4.500272,-4.044594
1766255457.3461099,-0.31749073,4.498533,-4.043834
1766255457.3531065,-0.3177874,4.4967923,-4.0430937
1766255457.3657906,-0.3185174,4.4928656,-4.041991
1766255457.374459,-0.31885305,4.4909043,-4.0414534
1766255457.3866663,-0.31917912,4.4889503,-4.04093
1766255457.3934522,-0.31948617,4.486996,-4.04042
1766255457.4061944,-0.32004467,4.4830885,-4.039442
1766255457.4154098,-0.32029706,4.4811363,-4.0389743
1766255457.4268804,-0.32053226,4.4791856,-4.0385137
1766255457.4336946,-0.32075068,4.477236,-4.0380673
1766255457.4468594,-0.3211389,4.4733377,-4.037216
1766255457.454419,-0.32129607,4.471389,-4.036811
1766255457.467168,-0.3214382,4.4694386,-4.036419
1766255457.4736047,-0.3215655,4.4674864,-4.036032
1766255457.487246,-0.32178208,4.4637322,-4.035102
1766255457.4949372,-0.32186922,4.461846,-4.03466
1766255457.5074046,-0.32194278,4.459954,-4.034233
1766255457.5141056,-0.32200292,4.4580564,-4.0338216
1766255457.5270004,-0.32208169,4.4542413,-4.03303
1766255457.5354352,-0.32210052,4.452324,-4.032656
1766255457.547462,-0.32210633,4.4504023,-4.0322967
1766255457.5545895,-0.32209942,4.4484763,-4.031951
1766255457.5677564,-0.32204813,4.444612,-4.0312986
1766255457.5755584,-0.32200456,4.4426723,-4.0309854
1766255457.5876844,-0.32194954,4.440727,-4.030684
1766255457.5949178,-0.32188895,4.438783,-4.0303955
1766255457.608278,-0.32181737,4.436834,-4.0301185
1766255457.6150882,-0.32170236,4.4346695,-4.0294156
1766255457.6279488,-0.32144302,4.430344,-4.0280743
1766255457.6349425,-0.3212989,4.4281826,-4.0274353
1766255457.647492,-0.3209825,4.423861,-4.026221
1766255457.6564596,-0.32081065,4.4216995,-4.025644
1766255457.6675146,-0.32062408,4.419535,-4.0250864
1766255457.6750255,-0.320429,4.41737,-4.0245442
1766255457.688671,-0.3200138,4.4130325,-4.0235147
1766255457.6965299,-0.31979415,4.4108605,-4.023027
1766255457.7079601,-0.31956673,4.408687,-4.022556
1766255457.7154233,-0.31933168,4.4065127,-4.0221024
1766255457.7282634,-0.31883958,4.402164,-4.021237
1766255457.7372591,-0.31835788,4.4001107,-4.0204988
1766255457.7487864,-0.3178743,4.3980546,-4.0197854
1766255457.7556975,-0.31738892,4.395995,-4.0190964
1766255457.7690165,-0.31641275,4.3918643,-4.017789
1766255457.7763748,-0.31592166,4.3897924,-4.0171666
1766255457.7888854,-0.3154284,4.3877163,-4.0165668
1766255457.7958403,-0.3149329,4.3856354,-4.015988
1766255457.808749,-0.3144352,4.38355,-4.01543
1766255457.816172,-0.3139492,4.381452,-4.0148935
1766255457.82897,-0.31297123,4.3772492,-4.013881
1766255457.8362603,-0.31247976,4.375145,-4.013405
1766255457.85003,-0.31149238,4.3709297,-4.012511
1766255457.8571613,-0.311224,4.36851,-4.01198
1766255457.8692403,-0.31094882,4.3660917,-4.011471
1766255457.876537,-0.3106609,4.3636694,-4.0109797
1766255457.8894749,-0.31006634,4.3588276,-4.0100574
1766255457.898386,-0.30976018,4.356407,-4.009625
1766255457.9096444,-0.30944836,4.3539877,-4.009211
1766255457.9171975,-0.30913112,4.35157,-4.0088162
1766255457.9306686,-0.30848125,4.3467417,-4.0080786
1766255457.9380896,-0.3081492,4.344331,-4.0077367
1766255457.950637,-0.30779052,4.3419185,-4.0074124
1766255457.9571877,-0.30742764,4.339508,-4.007105
1766255457.970352,-0.30668968,4.334688,-4.0065403
1766255457.9790368,-0.30631486,4.332278,-4.00628
1766255457.9903393,-0.3058571,4.3299994,-4.0056252
1766255457.9985263,-0.30539688,4.327717,-4.004997
1766255458.0112472,-0.3049343,4.32543,-4.0043945
1766255458.0177402,-0.30446944,4.323141,-4.0038176
1766255458.0307128,-0.3035249,4.318546,-4.002741
1766255458.0378685,-0.3030494,4.3162465,-4.002239
1766255458.051079,-0.3025717,4.313946,-4.001761
1766255458.058129,-0.30209184,4.3116436,-4.0013056
1766255458.0708883,-0.3011257,4.307033,-4.000461
1766255458.0787308,-0.30063945,4.304723,-4.000071
1766255458.0915933,-0.2996745,4.300103,-3.999352
1766255458.0995119,-0.299196,4.297794,-3.999022
1766255458.1117623,-0.29879808,4.295469,-3.9986014
1766255458.1186824,-0.29839545,4.2931414,-3.998204
1766255458.1316795,-0.2979883,4.290813,-3.9978304
1766255458.1390536,-0.29757687,4.288484,-3.9974792
1766255458.1516962,-0.2967417,4.2838235,-3.996842
1766255458.1590524,-0.29630855,4.2814937,-3.9965544
1766255458.1728833,-0.29543054,4.276828,-3.9960394
1766255458.180346,-0.2949858,4.274491,-3.9958122
1766255458.1921513,-0.2945374,4.2721505,-3.995603
1766255458.1991997,-0.29408547,4.269806,-3.9954119
1766255458.2122202,-0.29363027,4.2674584,-3.995238
1766255458.219542,-0.29317197,4.2651086,-3.9950817
1766255458.2327025,-0.29226407,4.260409,-3.9948213
1766255458.239971,-0.29144475,4.2584214,-3.994532
1766255458.2530375,-0.2906304,4.2564254,-3.994264
1766255458.2598143,-0.2898208,4.25442,-3.994016
1766255458.272951,-0.28821492,4.2503805,-3.9935782
1766255458.2803926,-0.2874184,4.248346,-3.99339
1766255458.2934616,-0.28583717,4.244246,-3.9930665
1766255458.3015707,-0.28503183,4.2421794,-3.9929297
1766255458.3142674,-0.28423005,4.2401037,-3.992809
1766255458.3209355,-0.28343192,4.23802,-3.9927049
1766255458.3356175,-0.2818467,4.233832,-3.9925485
1766255458.341997,-0.28105965,4.231728,-3.992493
1766255458.3539395,-0.28027645,4.2296176,-3.992452
1766255458.3608565,-0.27949712,4.2275004,-3.9924245
1766255458.374278,-0.27651063,4.2243705,-3.9929745
1766255458.3829072,-0.27503708,4.2227583,-3.9932566
1766255458.3939598,-0.27358437,4.2211256,-3.9935427
1766255458.4011078,-0.272152,4.2194724,-3.993833
1766255458.415429,-0.2693461,4.2161098,-3.9944258
1766255458.4222665,-0.26797166,4.214402,-3.994728
1766255458.435017,-0.2666157,4.212679,-3.9950345
1766255458.4415402,-0.26527786,4.21094,-3.9953446
1766255458.4547937,-0.26395783,4.2091856,-3.9956582
1766255458.4619005,-0.26265198,4.207422,-3.995975
1766255458.4744592,-0.26009172,4.203846,-3.996617
1766255458.4818907,-0.25883672,4.2020335,-3.9969423
1766255458.495652,-0.25745192,4.198937,-3.9989676
1766255458.503181,-0.25676623,4.1973524,-3.9999566
1766255458.514874,-0.2560852,4.195745,-4.00093
1766255458.5226455,-0.2554091,4.1941156,-4.0018883
1766255458.5352502,-0.2540592,4.1907597,-4.0037546
1766255458.5435507,-0.25339288,4.189051,-4.0046663
1766255458.555586,-0.2527326,4.1873226,-4.0055637
1766255458.5625699,-0.2520786,4.1855736,-4.0064473
1766255458.5759187,-0.25078997,4.182015,-4.008172
1766255458.5834184,-0.25015572,4.1802044,-4.0090094
1766255458.595823,-0.24953936,4.1783743,-4.0098324
1766255458.602734,-0.24892966,4.1765227,-4.010641
1766255458.6157808,-0.24832653,4.1746507,-4.0114355
1766255458.6229103,-0.24785043,4.172869,-4.0123577
1766255458.634763,-0.24690428,4.1692467,-4.0141454
1766255458.6431742,-0.24643444,4.1674056,-4.0150113
1766255458.6565235,-0.24550077,4.1636677,-4.016692
1766255458.6638978,-0.24503131,4.161776,-4.0175066
1766255458.6759171,-0.24456348,4.159866,-4.018304
1766255458.6831965,-0.24409717,4.157936,-4.0190797
1766255458.6962547,-0.24316919,4.15402,-4.0205793
1766255458.705057,-0.24270779,4.152034,-4.0213037
1766255458.716441,-0.24224845,4.1500306,-4.0220113
1766255458.723719,-0.24179131,4.148011,-4.022703
1766255458.7375126,-0.2413364,4.1459765,-4.023374
1766255458.7437754,-0.2408885,4.1439276,-4.024029
1766255458.756726,-0.24004994,4.1403503,-4.025507
1766255458.7637749,-0.23963359,4.1385307,-4.0262184
1766255458.7775643,-0.23921885,4.1366897,-4.026912
1766255458.7840478,-0.23880547,4.134827,-4.027588
1766255458.7968187,-0.23798276,4.1310396,-4.028874
1766255458.8041873,-0.23756027,4.1291137,-4.029491
1766255458.8183105,-0.23672245,4.1252055,-4.0306735
1766255458.8256364,-0.23630755,4.1232257,-4.031241
1766255458.8372524,-0.23589528,4.121228,-4.0317855
1766255458.8445902,-0.23548554,4.119214,-4.032315
1766255458.8578331,-0.23467337,4.1151342,-4.0333257
1766255458.8664572,-0.23391311,4.113169,-4.034701
1766255458.8783069,-0.23317207,4.111191,-4.036038
1766255458.8848007,-0.23244025,4.109192,-4.0373273
1766255458.8988128,-0.23100287,4.105132,-4.0397987
1766255458.906209,-0.2302964,4.103072,-4.0409827
1766255458.918813,-0.2295975,4.1009936,-4.0421333
1766255458.925501,-0.22890578,4.098898,-4.0432506
1766255458.9382768,-0.22754349,4.0946565,-4.0453715
1766255458.9481442,-0.22687215,4.092533,-4.0463862
1766255458.958245,-0.22620758,4.090393,-4.0473704
1766255458.965884,-0.22554967,4.088236,-4.048325
1766255458.9800944,-0.22425339,4.083869,-4.0501466
1766255458.9866273,-0.22361486,4.081659,-4.051004
1766255458.9996612,-0.22347243,4.07887,-4.052048
1766255459.0062358,-0.22332521,4.076076,-4.053059
1766255459.019453,-0.2231692,4.073279,-4.054038
1766255459.0264134,-0.22300895,4.070478,-4.0549855
1766255459.0390785,-0.22267704,4.064866,-4.0567775
1766255459.0466785,-0.22250608,4.0620556,-4.057623
1766255459.0606744,-0.22215551,4.056423,-4.059228
1766255459.0679674,-0.22197658,4.0536003,-4.0599875
1766255459.080325,-0.22179575,4.050772,-4.0607185
1766255459.0867536,-0.22161187,4.0479393,-4.0614104
1766255459.1000042,-0.22123927,4.042255,-4.0627136
1766255459.1085942,-0.22105089,4.039404,-4.0633254
1766255459.11931,-0.21999016,4.0363526,-4.0638943
1766255459.127221,-0.21894756,4.0333023,-4.06444
1766255459.140845,-0.21691415,4.027207,-4.0654397
1766255459.1482222,-0.21592206,4.024161,-4.0659056
1766255459.1605866,-0.21493757,4.0211215,-4.06635
1766255459.1672635,-0.21396776,4.018082,-4.066772
1766255459.181064,-0.21206933,4.0120006,-4.0675535
1766255459.188889,-0.21113962,4.008957,-4.0679016
1766255459.2012463,-0.21022233,4.005911,-4.068229
1766255459.20797,-0.20931718,4.0028634,-4.0685368
1766255459.2217011,-0.20754252,3.9967673,-4.0690956
1766255459.2295372,-0.2066665,3.9937298,-4.069348
1766255459.2420588,-0.20580204,3.9906929,-4.0695715
1766255459.2484047,-0.20486197,3.9876628,-4.0698004
1766255459.2617054,-0.20301983,3.9816005,-4.0702047
1766255459.2699676,-0.20211703,3.9785671,-4.070381
1766255459.281233,-0.20122607,3.9755309,-4.0705404
1766255459.289088,-0.20034683,3.972492,-4.070672
1766255459.3017542,-0.19946583,3.9694474,-4.0707865
1766255459.3090296,-0.19859615,3.9664006,-4.0708857
1766255459.3225043,-0.19689041,3.9603047,-4.07104
1766255459.3289084,-0.19605447,3.9572575,-4.071097
1766255459.341942,-0.194416,3.9511635,-4.0711474
1766255459.3502913,-0.19361316,3.9481153,-4.0711536
1766255459.3623512,-0.19282113,3.9450653,-4.071148
1766255459.3692794,-0.19205375,3.942019,-4.0711303
1766255459.38287,-0.19101782,3.936273,-4.071801
1766255459.3907225,-0.19050626,3.9333885,-4.0720906
1766255459.4032295,-0.18999901,3.9304965,-4.072359
1766255459.4096687,-0.1894962,3.9275973,-4.0726085
1766255459.4223282,-0.18899812,3.9246926,-4.0728397
1766255459.4301198,-0.18850502,3.9217842,-4.0730534
1766255459.4425855,-0.18749602,3.9159575,-4.0734153
1766255459.4500377,-0.1869996,3.913039,-4.0735655
1766255459.4660823,-0.1860229,3.9071884,-4.07382
1766255459.4737782,-0.18554233,3.9042554,-4.073925
1766255459.485858,-0.18506682,3.9013162,-4.0740156
1766255459.4926908,-0.18459632,3.8983705,-4.074078
1766255459.5060792,-0.18455093,3.8952618,-4.074589
1766255459.512987,-0.18452542,3.892141,-4.075075
1766255459.5254679,-0.18446074,3.8858914,-4.0759788
1766255459.5331147,-0.18442218,3.8827636,-4.0763974
1766255459.5466504,-0.18433388,3.8765028,-4.077138
1766255459.5538614,-0.18428452,3.8733687,-4.0774784
1766255459.5656128,-0.18423186,3.8702314,-4.077799
1766255459.5730784,-0.18417592,3.8670897,-4.0780997
1766255459.5862656,-0.18411678,3.8639433,-4.078382
1766255459.593268,-0.18405102,3.8607888,-4.0786448
1766255459.6061473,-0.18391198,3.8544636,-4.079083
1766255459.6132157,-0.18383935,3.8512928,-4.0792756
1766255459.6265068,-0.18366447,3.8453574,-4.0793796
1766255459.6342342,-0.18356247,3.8425856,-4.079298
1766255459.6461194,-0.18345867,3.8398035,-4.0791926
1766255459.653373,-0.18335289,3.8370109,-4.0790787
1766255459.6661806,-0.18315968,3.8314128,-4.078826
1766255459.6747832,-0.1830592,3.828597,-4.078687
1766255459.6862636,-0.18295613,3.8257701,-4.0785403
1766255459.6933973,-0.18285048,3.8229318,-4.0783696
1766255459.7069366,-0.18263221,3.8172214,-4.0780053
1766255459.714201,-0.18252009,3.8143518,-4.077813
1766255459.7270138,-0.18240628,3.8114743,-4.0776143
1766255459.7337508,-0.18230078,3.8085968,-4.0774097
1766255459.746605,-0.18208407,3.8028204,-4.076954
1766255459.7555919,-0.18185271,3.800008,-4.076999
1766255459.766386,-0.18162158,3.7971842,-4.0770326
1766255459.7741628,-0.18139052,3.7943482,-4.0770545
1766255459.7876055,-0.18092804,3.7886386,-4.0770626
1766255459.7951782,-0.18069644,3.7857645,-4.0770326
1766255459.8075368,-0.18046802,3.7828724,-4.076992
1766255459.814128,-0.1802396,3.7799683,-4.076941
1766255459.8274872,-0.17978358,3.7741294,-4.076812
1766255459.8352122,-0.17955592,3.7711964,-4.0767336
1766255459.846977,-0.17932831,3.7682548,-4.0766296
1766255459.8544416,-0.17910057,3.765304,-4.076518
1766255459.867878,-0.17864436,3.759374,-4.076272
1766255459.8753817,-0.17777276,3.7564478,-4.0763745
1766255459.8872154,-0.17691825,3.7535095,-4.076462
1766255459.8943362,-0.17608026,3.7505589,-4.076516
1766255459.9074512,-0.17445163,3.7446206,-4.076584
1766255459.9159799,-0.1736603,3.7416353,-4.076598
1766255459.9273758,-0.1728839,3.7386405,-4.0766
1766255459.9346232,-0.17212212,3.7356372,-4.0765915
1766255459.9483414,-0.17069022,3.7296088,-4.0765038
1766255459.955425,-0.16999412,3.726581,-4.076444
1766255459.9681287,-0.16931066,3.7235441,-4.0763745
1766255459.974941,-0.16863962,3.720497,-4.0762944
1766255459.9874408,-0.16798086,3.7174394,-4.076205
1766255459.9950929,-0.16733412,3.7143712,-4.0761046
1766255460.0079968,-0.16638768,3.708014,-4.0762625
1766255460.0154064,-0.16608039,3.704729,-4.0765285
1766255460.0286617,-0.16548063,3.698149,-4.077004
1766255460.0364509,-0.16518825,3.6948552,-4.0772147
1766255460.0484488,-0.16490091,3.6915593,-4.077389
1766255460.0554125,-0.16461864,3.688261,-4.077546
1766255460.0685759,-0.164069,3.6816542,-4.0778127
1766255460.0766702,-0.16380167,3.6783447,-4.077923
1766255460.088702,-0.1635448,3.6750498,-4.0780187
1766255460.0960786,-0.16329286,3.6717494,-4.0780797
1766255460.1094983,-0.16280307,3.665132,-4.0781603
1766255460.1171007,-0.16256481,3.6618168,-4.0781813
1766255460.1286268,-0.16186623,3.6584284,-4.078519
1766255460.136103,-0.1611815,3.6550405,-4.0788364
1766255460.148961,-0.15985197,3.6482658,-4.0793686
1766255460.1576357,-0.15919617,3.6448708,-4.0796065
1766255460.1694136,-0.15855251,3.6414747,-4.079826
1766255460.1763341,-0.15792044,3.638077,-4.0800276
1766255460.1902308,-0.15668903,3.631275,-4.080378
1766255460.1976895,-0.15608886,3.6278698,-4.0805054
1766255460.2096667,-0.15549861,3.6244617,-4.080616
1766255460.2168114,-0.15491804,3.6210508,-4.080711
1766255460.2296808,-0.1538712,3.614204,-4.080857
1766255460.238408,-0.15336087,3.6107805,-4.080909
1766255460.2502742,-0.1528589,3.607357,-4.080924
1766255460.256777,-0.15280169,3.604576,-4.0807824
1766255460.2704463,-0.15268247,3.598966,-4.080473
1766255460.2779589,-0.1526206,3.5961363,-4.080306
1766255460.290007,-0.1525575,3.5932903,-4.08013
1766255460.2970397,-0.1524818,3.5904272,-4.0799255
1766255460.3105738,-0.15232919,3.5846562,-4.0794945
1766255460.3181036,-0.15225291,3.581751,-4.079269
1766255460.329984,-0.15217702,3.578834,-4.079037
1766255460.3374236,-0.1521017,3.5759056,-4.0787997
1766255460.3512006,-0.1519531,3.5700133,-4.078265
1766255460.3585317,-0.15187968,3.5670485,-4.0779905
1766255460.3714342,-0.1518202,3.5640686,-4.0777106
1766255460.3777747,-0.1517608,3.561075,-4.0774255
1766255460.390984,-0.15182093,3.5582273,-4.077067
1766255460.3978531,-0.15187864,3.5553625,-4.076705
1766255460.4108799,-0.15198623,3.5495825,-4.0759306
1766255460.4180179,-0.15203604,3.54667,-4.0755405
1766255460.4317636,-0.15212838,3.5408063,-4.0747566
1766255460.4392605,-0.15216957,3.5378559,-4.0743637
1766255460.4517722,-0.15220885,3.5348926,-4.0739484
1766255460.4591844,-0.1522463,3.5319164,-4.073533
1766255460.472117,-0.1523161,3.525922,-4.072701
1766255460.479503,-0.15234843,3.522903,-4.072285
1766255460.49215,-0.15237878,3.5198693,-4.071869
1766255460.4989169,-0.15240693,3.5168207,-4.071431
1766255460.5125582,-0.1532413,3.514147,-4.0708127
1766255460.5189939,-0.15403454,3.5114427,-4.0702
1766255460.5317786,-0.15556273,3.5059767,-4.068991
1766255460.5394185,-0.15629844,3.5032167,-4.068395
1766255460.5523772,-0.15771592,3.497642,-4.067183
1766255460.5612984,-0.1583987,3.4948273,-4.0665855
1766255460.5727715,-0.15906484,3.4919932,-4.0659943
1766255460.5795395,-0.15971479,3.48914,-4.065409
1766255460.5925982,-0.16095945,3.483384,-4.0642548
1766255460.6008317,-0.16155969,3.480477,-4.063667
1766255460.6130006,-0.16214578,3.4775524,-4.0630856
1766255460.6200063,-0.16271801,3.4746113,-4.0625114
1766255460.632859,-0.16327655,3.4716551,-4.061944
1766255460.63991,-0.16370788,3.4692562,-4.060964
1766255460.6528354,-0.16453953,3.4643772,-4.0590434
1766255460.6598458,-0.16493984,3.4618971,-4.058102
1766255460.6738727,-0.16570574,3.4568555,-4.0562744
1766255460.6810472,-0.16607134,3.4542942,-4.0553865
1766255460.693042,-0.16642547,3.4517057,-4.0545163
1766255460.7001278,-0.16676828,3.44909,-4.053646
1766255460.712905,-0.16742103,3.4437838,-4.0519586
1766255460.722161,-0.16773213,3.4410884,-4.0511417
1766255460.7334056,-0.16803274,3.4383717,-4.050343
1766255460.740606,-0.16832274,3.4356341,-4.049562
1766255460.754466,-0.16887054,3.430096,-4.048017
1766255460.761721,-0.16965668,3.427229,-4.047703
1766255460.7739067,-0.17041941,3.4243405,-4.0473948
1766255460.780677,-0.17115913,3.4214299,-4.0470924
1766255460.7941017,-0.17187636,3.418497,-4.046796
1766255460.8011448,-0.17258008,3.4155436,-4.0465055
1766255460.814127,-0.17392474,3.409571,-4.045905
1766255460.8209836,-0.17456713,3.4065542,-4.0456157
1766255460.834457,-0.17579503,3.4004655,-4.0450583
1766255460.8422143,-0.17638141,3.3973944,-4.0447903
1766255460.8544648,-0.1769498,3.3943055,-4.0445104
1766255460.8613038,-0.17750055,3.3911984,-4.044238
1766255460.8746593,-0.17857307,3.384915,-4.043714
1766255460.8829904,-0.17864923,3.381834,-4.0440974
1766255460.8941286,-0.17871833,3.378731,-4.044471
1766255460.9016936,-0.17878021,3.3756058,-4.044813
1766255460.9152956,-0.17888221,3.3692937,-4.0454717
1766255460.922924,-0.17892234,3.3661091,-4.0457897
1766255460.9345114,-0.17895497,3.362915,-4.0461006
1766255460.9416873,-0.17898048,3.3597035,-4.0464044
1766255460.955516,-0.17900999,3.3532298,-4.0469465
1766255460.9638934,-0.17901377,3.3499675,-4.047207
1766255460.9749207,-0.1790101,3.3466876,-4.047461
1766255460.9825122,-0.17899893,3.3433902,-4.047708
1766255460.9955256,-0.17895426,3.3367436,-4.048181
1766255461.0033424,-0.17893559,3.333393,-4.048383
1766255461.016247,-0.17904405,3.3297598,-4.04835
1766255461.0228355,-0.17914112,3.3261158,-4.0483165
1766255461.0353851,-0.17930235,3.3188004,-4.0482516
1766255461.044699,-0.17936717,3.31513,-4.0482197
1766255461.0557566,-0.17942193,3.3114514,-4.048166
1766255461.0628755,-0.17946704,3.307764,-4.0481124
1766255461.0766358,-0.17953286,3.300368,-4.048004
1766255461.0844967,-0.17955399,3.2966583,-4.0479484
1766255461.0965629,-0.17956641,3.2929382,-4.0478916
1766255461.1033075,-0.1795703,3.289208,-4.047812
1766255461.1165793,-0.17955299,3.2817192,-4.0476503
1766255461.125142,-0.17953219,3.2779632,-4.0475683
1766255461.1360323,-0.17953458,3.27431,-4.047314
1766255461.1437879,-0.17952718,3.2706468,-4.047063
1766255461.1577513,-0.1795013,3.2632787,-4.0465274
1766255461.1647053,-0.17947459,3.2595792,-4.046263
1766255461.1760335,-0.17943908,3.2558687,-4.046001
1766255461.1841342,-0.17939493,3.2521472,-4.04574
1766255461.1968157,-0.17934227,3.2484145,-4.045481
1766255461.2043874,-0.1792813,3.2446704,-4.0452237
1766255461.217231,-0.17913556,3.237149,-4.044673
1766255461.2243757,-0.17905357,3.233376,-4.0444
1766255461.238917,-0.17886743,3.2258086,-4.043863
1766255461.2460344,-0.17876364,3.2220154,-4.0435977
1766255461.2578716,-0.17865285,3.218216,-4.0433145
1766255461.2648518,-0.17892425,3.2139566,-4.0429945
1766255461.2778523,-0.17941985,3.2054446,-4.0423665
1766255461.286847,-0.17964526,3.2011907,-4.0420575
1766255461.2978373,-0.17985766,3.196938,-4.0417514
1766255461.3055916,-0.18005614,3.1926858,-4.041429
1766255461.3180592,-0.18024096,3.1884344,-4.0411105
1766255461.3254788,-0.18041235,3.1841846,-4.0407963
1766255461.3395483,-0.18071663,3.1756938,-4.040181
1766255461.345498,-0.1808505,3.1714535,-4.0398803
1766255461.3582492,-0.1809727,3.1672158,-4.039564
1766255461.3659918,-0.18108346,3.1629806,-4.0392528
1766255461.379198,-0.18119895,3.154513,-4.0386434
1766255461.3862965,-0.181241,3.1502798,-4.0383453
1766255461.3992605,-0.1807353,3.1426895,-4.038847
1766255461.4071271,-0.18047868,3.138879,-4.0390615
1766255461.4200895,-0.18021975,3.1350603,-4.039269
1766255461.4263813,-0.17995852,3.1312344,-4.039469
1766255461.4389858,-0.17942731,3.1235468,-4.039849
1766255461.448254,-0.17915806,3.119695,-4.040029
1766255461.459817,-0.17888634,3.1158373,-4.04018
1766255461.4664943,-0.17861204,3.111974,-4.0403256
1766255461.4795334,-0.17805554,3.1042283,-4.0406
1766255461.4874892,-0.17777345,3.1003454,-4.040728
1766255461.5002623,-0.17748895,3.096456,-4.0408506
1766255461.5068858,-0.17722122,3.0925713,-4.0409446
1766255461.5194983,-0.1769819,3.0845778,-4.0401464
1766255461.5282724,-0.17685243,3.0805795,-4.03976
1766255461.5401297,-0.17671663,3.0765805,-4.0393825
1766255461.5469797,-0.17657462,3.0725815,-4.039013
1766255461.560276,-0.17642665,3.0685818,-4.0386314
1766255461.5674896,-0.17627294,3.0645814,-4.0382576
1766255461.5803256,-0.17592253,3.056579,-4.0375323
1766255461.5871909,-0.17572631,3.0525758,-4.0371804
1766255461.6000967,-0.17552522,3.0485694,-4.036835
1766255461.6076603,-0.1753194,3.04456,-4.036496
1766255461.621034,-0.17489381,3.036535,-4.035799
1766255461.6277916,-0.17467427,3.0325217,-4.0354605
1766255461.6404798,-0.17445059,3.028509,-4.035129
1766255461.6477857,-0.17386286,3.0243251,-4.034728
1766255461.661039,-0.17275915,3.0159833,-4.0339313
1766255461.66789,-0.1722144,3.011818,-4.033535
1766255461.6803887,-0.17167427,3.007655,-4.0331464
1766255461.6879065,-0.17113858,3.0034938,-4.032765
1766255461.7006476,-0.17007986,2.9951751,-4.0320234
1766255461.7083294,-0.16955635,2.9910178,-4.0316443
1766255461.721877,-0.16853818,2.982717,-4.03091
1766255461.729,-0.16803382,2.9785726,-4.030555
1766255461.7413757,-0.16753244,2.974432,-4.030208
1766255461.748415,-0.16703394,2.9702952,-4.029869
1766255461.7617435,-0.16604519,2.9620287,-4.0291758
1766255461.7708437,-0.16519147,2.958653,-4.028167
1766255461.781759,-0.16434686,2.955262,-4.0271826
1766255461.7889018,-0.16348197,2.9518464,-4.0262237
1766255461.802209,-0.16262633,2.9484158,-4.0252886
1766255461.808927,-0.1617799,2.9449704,-4.024377
1766255461.8218882,-0.16011433,2.9380407,-4.0225935
1766255461.8289404,-0.15929478,2.93456,-4.0217376
1766255461.8421276,-0.15768076,2.927572,-4.0200963
1766255461.8516598,-0.15688558,2.9240649,-4.01931
1766255461.8618715,-0.15608573,2.9205463,-4.0185304
1766255461.8695312,-0.15529324,2.9170184,-4.0177727
1766255461.883244,-0.15372995,2.9099317,-4.0163226
1766255461.8905072,-0.15239997,2.905867,-4.0160317
1766255461.9023812,-0.15109132,2.9018037,-4.0157523
1766255461.9095237,-0.14980349,2.8977413,-4.015466
1766255461.9230864,-0.14853603,2.8936806,-4.0151916
1766255461.9300184,-0.14730367,2.8896394,-4.0149283
1766255461.9424086,-0.14489685,2.8815672,-4.0144377
1766255461.950153,-0.14372191,2.8775363,-4.0142097
1766255461.963172,-0.14256552,2.873508,-4.013976
1766255461.9702075,-0.14142732,2.869481,-4.0137544
1766255461.9833822,-0.1392041,2.8614283,-4.013344
1766255461.9905622,-0.13811833,2.8574004,-4.013155
1766255462.0031245,-0.1360287,2.8493583,-4.012808
1766255462.0122235,-0.13500762,2.8453348,-4.012632
1766255462.0242712,-0.13418567,2.841474,-4.012163
1766255462.0307899,-0.13337453,2.8376093,-4.011712
1766255462.044784,-0.13257433,2.8337407,-4.011279
1766255462.0510871,-0.13178526,2.8298688,-4.0108633
1766255462.0640845,-0.13023391,2.8221252,-4.0100665
1766255462.0713086,-0.12947176,2.818253,-4.009684
1766255462.084173,-0.12798078,2.8104932,-4.0089664
1766255462.0928364,-0.12725168,2.806605,-4.0086293
1766255462.1047297,-0.12653336,2.8027115,-4.008306
1766255462.1117117,-0.12582558,2.7988124,-4.007981
1766255462.1251185,-0.124440566,2.7910044,-4.0073733
1766255462.1325126,-0.123760924,2.787097,-4.0070906
1766255462.1448958,-0.1228067,2.7838466,-4.006106
1766255462.1516423,-0.12186893,2.78058,-4.0051517
1766255462.165156,-0.12004184,2.7739973,-4.003308
1766255462.1732652,-0.11915194,2.770681,-4.0024285
1766255462.184731,-0.11827732,2.7673473,-4.0015764
1766255462.1921139,-0.11741757,2.763997,-4.0007505
1766255462.2063298,-0.115747064,2.7572458,-3.999175
1766255462.213136,-0.11493582,2.7538474,-3.9984133
1766255462.2255666,-0.11413839,2.7504365,-3.997677
1766255462.2324317,-0.11335444,2.7470145,-3.9969656
1766255462.2456536,-0.112583674,2.7435813,-3.996279
1766255462.2529871,-0.11182579,2.7401369,-3.9956164
1766255462.265724,-0.110347725,2.7332125,-3.9943492
1766255462.2728634,-0.10984201,2.7296605,-3.9937434
1766255462.286225,-0.10934245,2.726097,-3.993161
1766255462.292923,-0.10884897,2.722522,-3.9926012
1766255462.3061688,-0.10788041,2.7153363,-3.991548
1766255462.3130877,-0.10740569,2.7117264,-3.9910429
1766255462.3260958,-0.10693775,2.7081065,-3.9905596
1766255462.333349,-0.106476724,2.7044778,-3.9900985
1766255462.3460612,-0.105558455,2.6972017,-3.9892414
1766255462.3534992,-0.105100796,2.693554,-3.9888444
1766255462.3668032,-0.104203336,2.6862319,-3.9880888
1766255462.3747215,-0.103762954,2.6825564,-3.9877408
1766255462.3867226,-0.103328,2.6788707,-3.987412
1766255462.393786,-0.10289862,2.6751742,-3.987102
1766255462.4066362,-0.10194465,2.6673512,-3.986403
1766255462.4149182,-0.10147929,2.6634336,-3.986071
1766255462.4268205,-0.101031765,2.6595116,-3.9857583
1766255462.4340448,-0.10059148,2.6555872,-3.9854643
1766255462.447908,-0.099731766,2.6477304,-3.9849303
1766255462.4550858,-0.099311925,2.643797,-3.9846892
1766255462.4675248,-0.098898545,2.63986,-3.9844542
1766255462.4742963,-0.09849147,2.6359184,-3.9842353
1766255462.488009,-0.098090574,2.631972,-3.9840324
1766255462.494686,-0.09768998,2.6280231,-3.983845
1766255462.507613,-0.09690657,2.6201084,-3.9835145
1766255462.5147018,-0.09652357,2.6161432,-3.9833598
1766255462.5285313,-0.09588672,2.6077454,-3.9827561
1766255462.5358863,-0.09557511,2.6035504,-3.9824831
1766255462.5479174,-0.09526813,2.5993578,-3.9822285
1766255462.5550413,-0.09496572,2.5951676,-3.9819915
1766255462.567958,-0.09438408,2.5867918,-3.9815493
1766255462.576489,-0.09409935,2.582605,-3.981353
1766255462.588462,-0.09381829,2.578418,-3.9811726
1766255462.5957615,-0.09354073,2.5742307,-3.9810076
1766255462.6087248,-0.09299582,2.565854,-3.9807222
1766255462.616791,-0.09272846,2.5616663,-3.9805913
1766255462.628466,-0.092464514,2.5574803,-3.980475
1766255462.6356575,-0.092221774,2.553282,-3.9803731
1766255462.6491199,-0.091482535,2.5452242,-3.9801533
1766255462.6572652,-0.09099347,2.5413587,-3.980035
1766255462.6693676,-0.09051491,2.5374894,-3.9799213
1766255462.6760573,-0.09004659,2.5336156,-3.979821
1766255462.689971,-0.089588135,2.5297372,-3.9797335
1766255462.6964164,-0.089139186,2.5258539,-3.9796584
1766255462.709407,-0.08826453,2.5180666,-3.9795434
1766255462.716569,-0.08784056,2.5141666,-3.9794934
1766255462.7293558,-0.087425135,2.5102634,-3.979455
1766255462.7371762,-0.08701791,2.5063586,-3.9794283
1766255462.7497635,-0.08622658,2.4985454,-3.9794095
1766255462.7573462,-0.08584199,2.494637,-3.9794164
1766255462.7707596,-0.0850944,2.4868157,-3.9794421
1766255462.7778673,-0.08444625,2.482783,-3.9787107
1766255462.7899652,-0.083811335,2.47875,-3.9780083
1766255462.7969432,-0.083189465,2.4747157,-3.9773338
1766255462.8099637,-0.08198418,2.466644,-3.976065
1766255462.819081,-0.08140019,2.4626079,-3.9754648
1766255462.8303823,-0.080828205,2.4585726,-3.974891
1766255462.837412,-0.08026779,2.4545388,-3.974342
1766255462.851429,-0.07919257,2.4464486,-3.9733171
1766255462.8587422,-0.07867053,2.4424038,-3.97284
1766255462.8707767,-0.078158595,2.4383583,-3.9723814
1766255462.8778572,-0.07765661,2.434312,-3.9719448
1766255462.8906465,-0.07668186,2.426214,-3.971136
1766255462.8995137,-0.07695479,2.4224021,-3.9701602
1766255462.9108036,-0.07722091,2.4185822,-3.9692206
1766255462.9181192,-0.077487506,2.4147584,-3.9683151
1766255462.9316814,-0.07800255,2.407095,-3.9666092
1766255462.9395142,-0.078251764,2.4032571,-3.9658074
1766255462.9521303,-0.07849592,2.3994155,-3.965039
1766255462.9584014,-0.078735255,2.39557,-3.9643033
1766255462.9720223,-0.07920044,2.3878658,-3.962926
1766255462.9793313,-0.07942663,2.384006,-3.9622834
1766255462.991536,-0.07966269,2.3801422,-3.9616704
1766255462.9985738,-0.07989478,2.3762724,-3.961087
1766255463.0124214,-0.080347486,2.3685157,-3.9600053
1766255463.0204353,-0.08056834,2.364631,-3.959506
1766255463.032144,-0.08103573,2.3605704,-3.9589987
1766255463.039119,-0.08149493,2.356512,-3.958519
1766255463.051933,-0.08194619,2.3524559,-3.958067
1766255463.0593479,-0.08238974,2.3484013,-3.9576418
1766255463.0721264,-0.08328808,2.340309,-3.956869
1766255463.079309,-0.08372525,2.336262,-3.9565198
1766255463.0928354,-0.08457554,2.3281643,-3.9558947
1766255463.1002526,-0.08498899,2.324113,-3.9556172
1766255463.112922,-0.085394904,2.3200593,-3.9553626
1766255463.119729,-0.08579353,2.3160045,-3.9551291
1766255463.1328769,-0.08652116,2.3079069,-3.9547305
1766255463.1416311,-0.08687454,2.3038597,-3.9545646
1766255463.1525707,-0.08717448,2.2997048,-3.9539638
1766255463.160098,-0.08746908,2.2955546,-3.9533966
1766255463.173857,-0.088042326,2.287266,-3.952363
1766255463.1814673,-0.08832115,2.2831264,-3.9518933
1766255463.1937966,-0.08859478,2.2789888,-3.9514537
1766255463.2003276,-0.08885688,2.274851,-3.9510434
1766255463.2135003,-0.08911359,2.2707155,-3.950662
1766255463.220659,-0.089364775,2.266583,-3.9503086
1766255463.2337384,-0.089849465,2.2583299,-3.9496884
1766255463.2406173,-0.090082556,2.2542095,-3.9494185
1766255463.2545676,-0.09053013,2.2459795,-3.9489558
1766255463.2618418,-0.0907446,2.2418687,-3.9487615
1766255463.2743554,-0.090938196,2.2377708,-3.948592
1766255463.280866,-0.09137023,2.2337337,-3.949539
1766255463.294189,-0.09179068,2.2296958,-3.950481
1766255463.3013718,-0.09219972,2.2256567,-3.951418
1766255463.314586,-0.092984326,2.2175746,-3.9532773
1766255463.3215275,-0.09336038,2.213533,-3.9541957
1766255463.3343627,-0.09408092,2.2054527,-3.9560215
1766255463.3422756,-0.09440891,2.2014153,-3.956929
1766255463.3551075,-0.094727024,2.1973796,-3.9578326
1766255463.3617425,-0.09503543,2.193345,-3.958732
1766255463.3748193,-0.09562401,2.185279,-3.9605064
1766255463.3836846,-0.09590466,2.1812468,-3.9613867
1766255463.3953779,-0.09617648,2.1772144,-3.962262
1766255463.4017806,-0.09643961,2.173182,-3.963132
1766255463.4150836,-0.09681269,2.1690004,-3.964173
1766255463.4222713,-0.09717514,2.1648216,-3.9652047
1766255463.435538,-0.097869,2.156475,-3.967226
1766255463.4421625,-0.098201,2.152308,-3.968222
1766255463.4552453,-0.09883634,2.1439843,-3.9701817
1766255463.4635828,-0.099139884,2.1398275,-3.9711454
1766255463.475586,-0.09943415,2.1356735,-3.9720922
1766255463.4823053,-0.09971319,2.131514,-3.9730272
1766255463.495614,-0.10024444,2.1232014,-3.9748616
1766255463.5034237,-0.10049701,2.1190472,-3.97576
1766255463.5158944,-0.10074125,2.1148946,-3.976646
1766255463.5227432,-0.100977436,2.1107445,-3.9775138
1766255463.5359123,-0.101001054,2.1067429,-3.978014
1766255463.5430226,-0.10102194,2.102742,-3.9785116
1766255463.5563936,-0.10106483,2.0947556,-3.979497
1766255463.5630872,-0.101086624,2.0907698,-3.9799838
1766255463.5768406,-0.10112065,2.0827997,-3.9809349
1766255463.584243,-0.10113261,2.0788147,-3.9814026
1766255463.5964391,-0.10114102,2.07483,-3.9818647
1766255463.6032171,-0.101145774,2.0708451,-3.9823208
1766255463.6165774,-0.10114684,2.0668604,-3.982771
1766255463.6236057,-0.10114599,2.0628793,-3.9832149
1766255463.6369233,-0.10113378,2.0549235,-3.984077
1766255463.644007,-0.101122394,2.0509493,-3.9844987
1766255463.6572456,-0.10110756,2.0469773,-3.984914
1766255463.6637654,-0.10120232,2.0427608,-3.9852798
1766255463.6770935,-0.10137202,2.0343478,-3.9859889
1766255463.6838021,-0.1014471,2.0301497,-3.9863322
1766255463.6969938,-0.10159418,2.0217779,-3.9870002
1766255463.706386,-0.1016584,2.0175984,-3.987325
1766255463.7164137,-0.10171662,2.013424,-3.9876435
1766255463.7245374,-0.10176906,2.0092554,-3.9879534
1766255463.7380319,-0.10181583,2.0050936,-3.9882581
1766255463.7446513,-0.101857014,2.0009387,-3.9885576
1766255463.7574272,-0.10192304,1.9926497,-3.9891415
1766255463.7648873,-0.10196383,1.9885225,-3.9894254
1766255463.777748,-0.10202946,1.9802827,-3.9899707
1766255463.78653,-0.102193646,1.9764454,-3.9906735
1766255463.7979696,-0.10235029,1.9726067,-3.99136
1766255463.8050644,-0.102499716,1.9687662,-3.9920301
1766255463.8183281,-0.10277821,1.9610844,-3.993324
1766255463.826206,-0.102896065,1.9572455,-3.993943
1766255463.8384418,-0.10300759,1.9534091,-3.9945486
1766255463.8452678,-0.10311292,1.9495752,-3.9951413
1766255463.8585424,-0.103212155,1.9457437,-3.9957209
1766255463.8655865,-0.1033055,1.9419141,-3.9962876
1766255463.878107,-0.103474855,1.9342585,-3.9973772
1766255463.8858182,-0.10355098,1.9304315,-3.9979
1766255463.8994672,-0.1036215,1.9266044,-3.9984107
1766255463.9059906,-0.10369378,1.9227765,-3.998909
1766255463.9187706,-0.1026057,1.9155337,-3.9991117
1766255463.9257157,-0.102070734,1.9119089,-3.9992058
1766255463.9390829,-0.10101759,1.904657,-3.9993894
1766255463.9478168,-0.10049857,1.9010309,-3.9994786
1766255463.9591691,-0.099983886,1.8974046,-3.9995658
1766255463.9668818,-0.09947311,1.8937776,-3.9996512
1766255463.9799254,-0.0989825,1.8901455,-3.9997299
1766255463.9865837,-0.098495156,1.8865122,-3.9998066
1766255463.9994366,-0.09752955,1.8792399,-3.9999533
1766255464.0066187,-0.09705103,1.8756007,-4.000023
1766255464.0198858,-0.09657531,1.8719599,-4.0000906
1766255464.0269203,-0.09610246,1.8683183,-4.0001564
1766255464.0396507,-0.095901094,1.8610412,-4.00067
1766255464.04705,-0.0961606,1.8574022,-4.0011115
1766255464.060136,-0.09664284,1.8501226,-4.0019617
1766255464.067785,-0.09686657,1.8464805,-4.00237
1766255464.079979,-0.097079605,1.842836,-4.0027614
1766255464.0872126,-0.097282685,1.8391886,-4.003143
1766255464.1005235,-0.09766121,1.8318846,-4.0038753
1766255464.1092277,-0.09781835,1.8282224,-4.0042267
1766255464.120585,-0.09796756,1.8245577,-4.0045686
1766255464.1281009,-0.09810906,1.8208916,-4.004895
1766255464.142126,-0.09837025,1.8135586,-4.0055246
1766255464.1488287,-0.0984906,1.8098922,-4.005828
1766255464.161204,-0.0987521,1.8063623,-4.00546
1766255464.1678648,-0.099004865,1.8028278,-4.0051
1766255464.1808908,-0.09948739,1.7957488,-4.0044
1766255464.1901908,-0.09971738,1.7922035,-4.004061
1766255464.2014096,-0.099939115,1.7886523,-4.00373
1766255464.2083077,-0.10015273,1.7850949,-4.0034056
1766255464.222147,-0.100556314,1.7779648,-4.002777
1766255464.2295077,-0.100746594,1.7743945,-4.002471
1766255464.2418892,-0.10092945,1.7708215,-4.0021725
1766255464.2486033,-0.1011051,1.7672458,-4.0018806
1766255464.2616894,-0.10126284,1.7636559,-4.0015965
1766255464.2689273,-0.10141376,1.7600628,-4.001319
1766255464.2818184,-0.10169487,1.7528648,-4.0007806
1766255464.2892387,-0.10199789,1.7495033,-4.000742
1766255464.3024786,-0.10257523,1.742751,-4.0006657
1766255464.3099568,-0.102850005,1.7393609,-4.000628
1766255464.3222857,-0.103115834,1.7359632,-4.0005918
1766255464.329519,-0.1033701,1.732557,-4.000553
1766255464.342379,-0.10385334,1.7257273,-4.0004807
1766255464.350448,-0.10408254,1.722304,-4.0004478
1766255464.3622074,-0.10430365,1.7188745,-4.0004168
1766255464.369756,-0.10451684,1.7154384,-4.0003877
1766255464.3835015,-0.10492005,1.7085449,-4.0003276
1766255464.3908706,-0.10510693,1.7050817,-4.0003004
1766255464.403092,-0.105286516,1.701611,-4.000275
1766255464.4102738,-0.10545881,1.6981332,-4.000252
1766255464.4231565,-0.10523712,1.6945195,-4.000857
1766255464.4299295,-0.10501706,1.6909039,-4.0014477
1766255464.443392,-0.104580924,1.6836698,-4.0025744
1766255464.450438,-0.10436448,1.6800522,-4.003119
1766255464.46404,-0.10414877,1.6764339,-4.0036516
1766255464.4702702,-0.10392107,1.6728193,-4.004173
1766255464.4835083,-0.10346679,1.6655848,-4.0051723
1766255464.4904969,-0.103240065,1.661964,-4.0056515
1766255464.50369,-0.10278702,1.6547141,-4.006576
1766255464.5116823,-0.10256027,1.6510851,-4.0070224
1766255464.5236247,-0.10233309,1.6474544,-4.007458
1766255464.5309496,-0.102105364,1.6438223,-4.0078764
1766255464.5444303,-0.101190165,1.6369947,-4.0084987
1766255464.5520153,-0.10073723,1.633575,-4.008799
1766255464.5637612,-0.10028716,1.6301512,-4.009093
1766255464.5716727,-0.09983977,1.6267233,-4.00938
1766255464.5843196,-0.099394985,1.6232911,-4.0096526
1766255464.591925,-0.09895273,1.6198546,-4.0099187
1766255464.6053236,-0.09807544,1.6129674,-4.0104294
1766255464.6118112,-0.09763425,1.609514,-4.010674
1766255464.6256316,-0.09676006,1.602599,-4.011144
1766255464.633177,-0.09632706,1.5991387,-4.011362
1766255464.6456163,-0.09589681,1.5956767,-4.011574
1766255464.6520247,-0.09546935,1.5922128,-4.0117793
1766255464.6650488,-0.09389381,1.5851588,-4.012952
1766255464.6734245,-0.09277894,1.5815711,-4.013899
1766255464.6850612,-0.09168288,1.577982,-4.0148087
1766255464.6922302,-0.090604946,1.574391,-4.015693
1766255464.7058733,-0.08850118,1.5672029,-4.017389
1766255464.713913,-0.08747446,1.5636061,-4.0182014
1766255464.7256308,-0.08646401,1.5600086,-4.018991
1766255464.7325385,-0.08546945,1.5564109,-4.019747
1766255464.7458947,-0.08449047,1.5528133,-4.0204806
1766255464.7527928,-0.0835334,1.5492157,-4.0211935
1766255464.7656271,-0.081664115,1.5420206,-4.022556
1766255464.7730157,-0.08075122,1.5384223,-4.0232058
1766255464.7865348,-0.07896693,1.5312227,-4.0244226
1766255464.794585,-0.07800595,1.527591,-4.0251455
1766255464.8061411,-0.077059016,1.5239575,-4.0258446
1766255464.8130813,-0.0761259,1.520322,-4.02652
1766255464.826365,-0.074295,1.5130358,-4.0278006
1766255464.834203,-0.07339953,1.5093924,-4.0283947
1766255464.8459508,-0.072517335,1.5057495,-4.0289674
1766255464.853465,-0.07164834,1.5021074,-4.029519
1766255464.8674057,-0.06994948,1.4948254,-4.0305586
1766255464.8747804,-0.06911936,1.4911848,-4.0310473
1766255464.8865197,-0.06830203,1.4875442,-4.0315027
1766255464.8938026,-0.067489624,1.4839015,-4.031938
1766255464.9065566,-0.06590293,1.4766139,-4.0327497
1766255464.9150841,-0.06533631,1.4728787,-4.032863
1766255464.926696,-0.064776555,1.4691473,-4.032965
1766255464.9344213,-0.064223655,1.4654206,-4.0330453
1766255464.9478383,-0.06313811,1.4579825,-4.033173
1766255464.9551795,-0.06261624,1.454264,-4.033221
1766255464.9670043,-0.062100947,1.4505501,-4.033258
1766255464.9742806,-0.06159235,1.4468402,-4.033284
1766255464.9872434,-0.06059563,1.439431,-4.0332856
1766255464.9960883,-0.060107455,1.4357306,-4.0332713
1766255465.007091,-0.059625834,1.4320328,-4.0332475
1766255465.0146508,-0.05915073,1.4283382,-4.033214
1766255465.0281599,-0.058217157,1.4209752,-4.033122
1766255465.0362043,-0.05775863,1.4173081,-4.033053
1766255465.0486305,-0.056626305,1.4137312,-4.033235
1766255465.0550203,-0.055515397,1.4101571,-4.033402
1766255465.0681179,-0.05335585,1.4030141,-4.033694
1766255465.0767846,-0.052306175,1.3994441,-4.033819
1766255465.0878007,-0.051275708,1.3958747,-4.0339193
1766255465.095283,-0.050281245,1.3923167,-4.0340066
1766255465.109311,-0.04834464,1.3852019,-4.034145
1766255465.1164296,-0.047401655,1.3816469,-4.034197
1766255465.1287243,-0.04647522,1.3780943,-4.034238
1766255465.1354,-0.045565244,1.374545,-4.034257
1766255465.1489525,-0.044671584,1.3709985,-4.034267
1766255465.155816,-0.04379397,1.3674548,-4.0342674
1766255465.1683629,-0.042168397,1.3606308,-4.0342693
1766255465.1761284,-0.04141853,1.3573444,-4.034271
1766255465.1895185,-0.039958958,1.3507594,-4.0342236
1766255465.1974516,-0.03924875,1.3474606,-4.0341873
1766255465.2092428,-0.038551427,1.3441577,-4.034143
1766255465.2164094,-0.037867054,1.3408513,-4.0340905
1766255465.2297807,-0.03653755,1.334233,-4.0339656
1766255465.2388897,-0.035892885,1.3309133,-4.033881
1766255465.2499254,-0.035261054,1.3275932,-4.033791
1766255465.2566144,-0.034641907,1.3242726,-4.033695
1766255465.2701402,-0.033441126,1.3176281,-4.033488
1766255465.277545,-0.03285921,1.3143033,-4.033376
1766255465.290611,-0.032289397,1.3109761,-4.0332475
1766255465.29688,-0.03171543,1.3077366,-4.033087
1766255465.3100853,-0.031155378,1.3044931,-4.0329213
1766255465.3171632,-0.03061615,1.3012441,-4.032751
1766255465.3297508,-0.029577848,1.2947406,-4.0323987
1766255465.3372405,-0.029078081,1.2914872,-4.0322065
1766255465.351104,-0.02811554,1.2849778,-4.031812
1766255465.3585262,-0.027652327,1.281721,-4.0316114
1766255465.3715072,-0.027200896,1.2784623,-4.0314074
1766255465.3776734,-0.026761318,1.2752146,-4.031201
1766255465.3907595,-0.025916124,1.2687106,-4.0307574
1766255465.3991609,-0.025510123,1.2654539,-4.030533
1766255465.4111702,-0.02511497,1.2621942,-4.0303054
1766255465.4181225,-0.024730425,1.2589318,-4.030076
1766255465.4313624,-0.023910657,1.2554917,-4.0306582
1766255465.438386,-0.023111448,1.2520545,-4.0312185
1766255465.4518905,-0.021540284,1.2451723,-4.0322466
1766255465.4584355,-0.020767642,1.2417272,-4.032732
1766255465.4713604,-0.019278048,1.2348435,-4.0336485
1766255465.479746,-0.01855981,1.2314038,-4.0340796
1766255465.4920144,-0.017858537,1.227965,-4.034477
1766255465.4990938,-0.017173836,1.2245268,-4.034858
1766255465.5123389,-0.015852952,1.2176512,-4.035572
1766255465.519416,-0.015211732,1.2142259,-4.035906
1766255465.531919,-0.014586253,1.2108021,-4.036225
1766255465.538728,-0.013976176,1.2073802,-4.0365124
1766255465.5521371,-0.012987913,1.2000514,-4.0372834
1766255465.5601962,-0.012514053,1.1963978,-4.037645
1766255465.5730274,-0.012053176,1.1927508,-4.037991
1766255465.579262,-0.011605035,1.1891102,-4.0383224
1766255465.5928342,-0.010731562,1.1818465,-4.038907
1766255465.600552,-0.010313465,1.1782229,-4.039178
1766255465.612693,-0.009907499,1.1746042,-4.0394344
1766255465.6196404,-0.009513333,1.170991,-4.0396767
1766255465.6327815,-0.008759277,1.1637827,-4.040121
1766255465.6409853,-0.008399086,1.1601884,-4.040305
1766255465.6530886,-0.008049877,1.1566007,-4.0404773
1766255465.660085,-0.007707588,1.1530222,-4.040637
1766255465.6731825,-0.0070280856,1.145793,-4.0407486
1766255465.6809165,-0.0066910433,1.1421441,-4.0407057
1766255465.6936033,-0.006364639,1.1385027,-4.04064
1766255465.700361,-0.0060486305,1.1348686,-4.040567
1766255465.7133975,-0.0054465914,1.1276217,-4.040399
1766255465.7216892,-0.0051600654,1.1240098,-4.040305
1766255465.7334323,-0.004898394,1.1204062,-4.0402045
1766255465.7406702,-0.0046456135,1.1168114,-4.040082
1766255465.7535126,-0.004165826,1.109648,-4.039819
1766255465.7615013,-0.003938297,1.1060789,-4.0396786
1766255465.7738016,-0.003718716,1.1025172,-4.039532
1766255465.7808769,-0.0035070078,1.0989627,-4.0393796
1766255465.7939653,-0.0031056362,1.0918738,-4.0390253
1766255465.802333,-0.0027848782,1.0884631,-4.0381446
1766255465.8135448,-0.0024752573,1.0850574,-4.037277
1766255465.8212597,-0.0021764995,1.0816572,-4.0364223
1766255465.834577,-0.0018884335,1.0782634,-4.03558
1766255465.841088,-0.0016108769,1.074877,-4.03475
1766255465.854842,-0.0010860693,1.0681275,-4.0331044
1766255465.8616438,-0.0008382334,1.0647641,-4.0323005
1766255465.8745716,-0.00058167,1.0614156,-4.031509
1766255465.881691,-0.00033457842,1.0580734,-4.030729
1766255465.894734,0.00013170298,1.0514066,-4.0291924
1766255465.9017537,0.00035114583,1.0480814,-4.028436
1766255465.915109,0.0007639236,1.041447,-4.026957
1766255465.9226367,0.0012116248,1.038429,-4.026726
1766255465.9350765,0.0016452615,1.0354109,-4.026495
1766255465.9417002,0.0020558774,1.0323879,-4.0262504
1766255465.9553397,0.0028382835,1.0263427,-4.0257654
1766255465.963877,0.0032109816,1.02332,-4.0255246
1766255465.9753406,0.0035719688,1.0202963,-4.025286
1766255465.98233,0.003921635,1.0172715,-4.0250497
1766255465.996004,0.0045878114,1.0112174,-4.0245543
1766255466.0033371,0.004908048,1.0081961,-4.02431
1766255466.0163789,0.005217585,1.0051732,-4.0240684
1766255466.0223763,0.005516688,1.0021491,-4.0238295
1766255466.0355246,0.0058055976,0.9991249,-4.023594
1766255466.0428133,0.00608469,0.9961014,-4.023361
1766255466.055818,0.005886486,0.990059,-4.022134
1766255466.062777,0.005426308,0.98703855,-4.021174
1766255466.0766823,0.004973557,0.98401713,-4.020237
1766255466.0830085,0.0045358944,0.9809966,-4.019322
1766255466.0959556,0.0036799866,0.97495043,-4.017546
1766255466.103002,0.0032609217,0.97192436,-4.0166845
1766255466.1164222,0.0024385264,0.9658662,-4.0150213
1766255466.124656,0.0020345475,0.96283525,-4.014219
1766255466.135937,0.0016350644,0.9598039,-4.013436
1766255466.1435792,0.0012397163,0.95677257,-4.012662
1766255466.1570048,0.00044294726,0.950725,-4.0111704
1766255466.1645243,5.0126517e-05,0.9477005,-4.010452
1766255466.177449,-0.0007608157,0.9454244,-4.009583
1766255466.1835885,-0.0015575718,0.94313204,-4.008736
1766255466.196928,-0.0023402555,0.9408238,-4.007902
1766255466.2039316,-0.0031089748,0.93850005,-4.00709
1766255466.2173893,-0.004605758,0.93380916,-4.0055285
1766255466.2239509,-0.005319559,0.931436,-4.004779
1766255466.2380197,-0.006710657,0.9266575,-4.003342
1766255466.2451332,-0.0073882313,0.92425334,-4.0026455
1766255466.256425,-0.008053992,0.9218394,-4.0019693
1766255466.2645147,-0.008708083,0.91941565,-4.0013127
1766255466.2776883,-0.009981834,0.9145377,-4.000057
1766255466.2855732,-0.010598039,0.9120899,-3.9994571
1766255466.2980204,-0.011203018,0.9096318,-3.9988658
1766255466.3049102,-0.012476072,0.9076319,-3.998289
1766255466.3183057,-0.014937553,0.90357697,-3.997189
1766255466.3258991,-0.016127232,0.9015242,-3.996666
1766255466.3381424,-0.01729043,0.8994556,-3.9961605
1766255466.3448083,-0.018427799,0.89737153,-3.9956632
1766255466.3577995,-0.019539936,0.8952722,-3.9951828
1766255466.3652802,-0.02063803,0.89316833,-3.994719
1766255466.3784459,-0.022762906,0.88891435,-3.9938407
1766255466.3852844,-0.02379094,0.88676405,-3.9934254
1766255466.3989933,-0.024796624,0.88459814,-3.9930158
1766255466.4055634,-0.02578017,0.88241684,-3.9926214
1766255466.4190607,-0.02768188,0.8780093,-3.9918766
1766255466.4264257,-0.028600913,0.8757847,-3.9915264
1766255466.4390311,-0.02870322,0.8735713,-3.9910505
1766255466.446137,-0.02880342,0.8713449,-3.990592
1766255466.459991,-0.028996987,0.8668545,-3.9897096
1766255466.4662633,-0.029089868,0.86459047,-3.9892933
1766255466.4802809,-0.029266488,0.8600244,-3.988509
1766255466.4874191,-0.029349599,0.85772204,-3.9881399
1766255466.4999526,-0.029428883,0.8554067,-3.9877775
1766255466.5066464,-0.02951253,0.85307133,-3.9874296
1766255466.5201833,-0.029667186,0.8483637,-3.9867764
1766255466.5281277,-0.029738,0.8459929,-3.9864707
1766255466.5403125,-0.029804325,0.8436115,-3.9861789
1766255466.5469577,-0.029866025,0.84121966,-3.9858925
1766255466.5615466,-0.02901303,0.8368727,-3.9843533
1766255466.5685449,-0.028614877,0.83467054,-3.983621
1766255466.5806308,-0.028222555,0.8324526,-3.9829125
1766255466.5876412,-0.027835773,0.83021885,-3.982227
1766255466.6007135,-0.02707824,0.82570446,-3.9809155
1766255466.6090722,-0.026707144,0.82342416,-3.9802928
1766255466.620873,-0.026340833,0.8211292,-3.9796913
1766255466.6280582,-0.025979023,0.81882083,-3.9791112
1766255466.642061,-0.025621636,0.8164998,-3.978552
1766255466.6482217,-0.025279852,0.81415784,-3.9780133
1766255466.6613293,-0.02461011,0.80943936,-3.976985
1766255466.6682174,-0.024282413,0.8070629,-3.9765
1766255466.6817548,-0.023959456,0.804675,-3.9760344
1766255466.6883624,-0.023798686,0.80215347,-3.975238
1766255466.7011902,-0.023480538,0.7970824,-3.973723
1766255466.70869,-0.023323303,0.79453313,-3.9730022
1766255466.7225058,-0.023026073,0.7894158,-3.971637
1766255466.729895,-0.022879578,0.7868461,-3.9709916
1766255466.741794,-0.022734815,0.7842697,-3.9703705
1766255466.7487023,-0.022592038,0.78168666,-3.9697702
1766255466.761527,-0.022312915,0.7765002,-3.9686399
1766255466.7705214,-0.022176791,0.7738964,-3.9681087
1766255466.782345,-0.022043025,0.7712851,-3.9675996
1766255466.7890384,-0.021946004,0.7686594,-3.9671118
1766255466.803014,-0.021756692,0.7633863,-3.966193
1766255466.8099535,-0.021490443,0.7605378,-3.9652696
1766255466.8227253,-0.021229506,0.7576882,-3.9643784
1766255466.8291614,-0.02097384,0.75483817,-3.9635189
1766255466.8429365,-0.020477848,0.749139,-3.961894
1766255466.8506458,-0.020261094,0.74628896,-3.9611266
1766255466.862638,-0.020049093,0.74343914,-3.960389
1766255466.8699944,-0.019841911,0.74058926,-3.9596798
1766255466.8835347,-0.019441616,0.73488826,-3.9583468
1766255466.8909664,-0.019248063,0.73203665,-3.9577217
1766255466.9033897,-0.019058488,0.7291843,-3.9571226
1766255466.9101772,-0.018872594,0.7263314,-3.9565496
1766255466.9230537,-0.01869027,0.7234783,-3.956003
1766255466.931,-0.018519074,0.72062796,-3.9554815
1766255466.9430501,-0.017625013,0.7144624,-3.9542298
1766255466.9510417,-0.017193524,0.7113883,-3.9536479
1766255466.9644854,-0.016360046,0.70525634,-3.952567
1766255466.9719574,-0.015957685,0.7021978,-3.9520674
1766255466.9835436,-0.015564627,0.6991435,-3.9515939
1766255466.9909143,-0.015180692,0.69609326,-3.9511461
1766255467.0039036,-0.0144369975,0.69001955,-3.9503267
1766255467.0127504,-0.014077994,0.686988,-3.949953
1766255467.023874,-0.013727076,0.6839603,-3.9496033
1766255467.0308254,-0.013384029,0.6809372,-3.9492772
1766255467.043884,-0.013048623,0.67791915,-3.948974
1766255467.0510876,-0.012720541,0.67490643,-3.9486935
1766255467.064349,-0.01220881,0.6686817,-3.9483247
1766255467.0711954,-0.012049842,0.6654542,-3.94823
1766255467.0842698,-0.011894335,0.66223407,-3.9481523
1766255467.0913956,-0.011742253,0.65902096,-3.9480913
1766255467.1041858,-0.0114484895,0.65261483,-3.9480166
1766255467.1115296,-0.011307109,0.64942133,-3.9480023
1766255467.1252124,-0.011036212,0.6430538,-3.9480178
1766255467.1323736,-0.010919977,0.63987905,-3.948047
1766255467.14466,-0.010807512,0.63671154,-3.9480898
1766255467.1517515,-0.010698693,0.63355136,-3.948146
1766255467.1647239,-0.010593407,0.6303986,-3.9482152
1766255467.1721244,-0.010491522,0.62725306,-3.9482973
1766255467.1849914,-0.01078316,0.62121934,-3.9480076
1766255467.192227,-0.011164086,0.618326,-3.9476473
1766255467.206259,-0.011536017,0.6154348,-3.9473128
1766255467.212699,-0.011879512,0.6125494,-3.947001
1766255467.225631,-0.012541962,0.6067872,-3.9464421
1766255467.232823,-0.0128614465,0.6039116,-3.946194
1766255467.2453613,-0.013479007,0.5981731,-3.9457572
1766255467.2551575,-0.013777948,0.5953106,-3.9455702
1766255467.2659864,-0.014070862,0.5924529,-3.9454017
1766255467.2730258,-0.014358013,0.5895998,-3.9452505
1766255467.2866461,-0.014893871,0.5839084,-3.945
1766255467.2944684,-0.015153462,0.5810696,-3.944899
1766255467.3066702,-0.015407295,0.5782355,-3.9448166
1766255467.3131106,-0.01561718,0.5754494,-3.9444003
1766255467.3261745,-0.016019713,0.5698913,-3.94364
1766255467.335349,-0.01621237,0.5671203,-3.9432945
1766255467.3460171,-0.016399527,0.56435513,-3.9429717
1766255467.3544154,-0.01657184,0.5615918,-3.9426758
1766255467.3669536,-0.016901897,0.5560828,-3.9421465
1766255467.3750002,-0.017059844,0.5533365,-3.9419122
1766255467.3877418,-0.017213121,0.5505955,-3.9416974
1766255467.3938808,-0.017361656,0.5478596,-3.9415016
1766255467.4070203,-0.017644167,0.5424025,-3.9411747
1766255467.415631,-0.017783504,0.53967786,-3.9410377
1766255467.4270895,-0.017918183,0.53695905,-3.940918
1766255467.4340804,-0.01804838,0.5342464,-3.9408154
1766255467.4478056,-0.018987136,0.52934265,-3.940303
1766255467.4554,-0.019438187,0.52689224,-3.9400823
1766255467.4680085,-0.019877309,0.52444273,-3.9398804
1766255467.4743242,-0.020304728,0.52199405,-3.939697
1766255467.487283,-0.020720676,0.51954603,-3.9395318
1766255467.494827,-0.021126183,0.5170926,-3.939384
1766255467.5081038,-0.021905823,0.5121882,-3.9391446
1766255467.514785,-0.022281015,0.5097378,-3.9390523
1766255467.528306,-0.02300452,0.5048426,-3.938916
1766255467.5362988,-0.02335345,0.5023985,-3.9388711
1766255467.5486767,-0.023693914,0.49995703,-3.9388413
1766255467.5547159,-0.024025992,0.49751818,-3.938832
1766255467.5677104,-0.02417304,0.49251986,-3.938237
1766255467.5763876,-0.024247939,0.49002725,-3.9379716
1766255467.5880702,-0.0243219,0.48753676,-3.9377267
1766255467.5949128,-0.024394834,0.4850483,-3.9375021
1766255467.6078606,-0.024537586,0.48007694,-3.937125
1766255467.616135,-0.02460763,0.47759435,-3.9369645
1766255467.6286476,-0.024676703,0.47511443,-3.9368224
1766255467.6354542,-0.02479876,0.47266197,-3.9366977
1766255467.648583,-0.02503703,0.4677668,-3.9365008
1766255467.6568947,-0.025153195,0.46532413,-3.9364352
1766255467.6690302,-0.025267394,0.46288452,-3.9363856
1766255467.6756449,-0.02537953,0.46044767,-3.936352
1766255467.6893897,-0.025489522,0.45801336,-3.9363337
1766255467.6957278,-0.025903977,0.4560714,-3.9360082
1766255467.709196,-0.026704486,0.45217457,-3.935437
1766255467.7160206,-0.027091159,0.4502206,-3.9351897
1766255467.7292168,-0.027839625,0.44629544,-3.9347608
1766255467.738253,-0.028201712,0.44432566,-3.934578
1766255467.7493694,-0.02855607,0.4423518,-3.9344158
1766255467.756207,-0.028902985,0.44037414,-3.9342825
1766255467.76975,-0.029575014,0.43640813,-3.934073
1766255467.7783847,-0.029959083,0.43443537,-3.9339952
1766255467.7902265,-0.030335836,0.43245912,-3.9339354
1766255467.797108,-0.030705435,0.43047947,-3.933893
1766255467.8103244,-0.031422354,0.42651024,-3.9338772
1766255467.8186562,-0.03194793,0.4244076,-3.9337919
1766255467.8300374,-0.032461178,0.42230552,-3.9337244
1766255467.8375075,-0.032962635,0.42020428,-3.9336746
1766255467.850358,-0.033930354,0.41600782,-3.9336257
1766255467.8578968,-0.034397133,0.41391236,-3.9336355
1766255467.8712244,-0.034853384,0.41181743,-3.9336607
1766255467.878481,-0.0352994,0.40972278,-3.9337008
1766255467.8925266,-0.036161378,0.4055334,-3.9338233
1766255467.9003916,-0.036577478,0.40343845,-3.9339051
1766255467.9128377,-0.036983695,0.40134323,-3.93401
1766255467.9197001,-0.037380002,0.39924797,-3.9341276
1766255467.9330661,-0.038166147,0.39505923,-3.934399
1766255467.9407244,-0.03913649,0.3928304,-3.9348567
1766255467.9528449,-0.040083777,0.3906055,-3.9353182
1766255467.9605365,-0.041008603,0.3883845,-3.9357908
1766255467.9739377,-0.042793203,0.383953,-3.9367454
1766255467.9815376,-0.043654103,0.38174203,-3.937227
1766255467.9944096,-0.04449488,0.37953398,-3.9377117
1766255468.0017002,-0.045316085,0.3773287,-3.9381988
1766255468.0144587,-0.04689372,0.3729187,-3.9391959
1766255468.0224633,-0.047655087,0.37071824,-3.9396973
1766255468.0343957,-0.04839871,0.36852118,-3.9402006
1766255468.0418086,-0.04912495,0.36632767,-3.9407055
1766255468.0548842,-0.050526604,0.36195192,-3.9417202
1766255468.062966,-0.051202748,0.3597697,-3.9422367
1766255468.0750504,-0.0514908,0.35738736,-3.9427538
1766255468.0820189,-0.051761765,0.3550209,-3.9432712
1766255468.0957942,-0.052281946,0.35030577,-3.944306
1766255468.1032665,-0.05253104,0.3479566,-3.9448223
1766255468.115538,-0.052772548,0.34561265,-3.9453459
1766255468.1221898,-0.05300635,0.3432738,-3.9458683
1766255468.1352923,-0.053451046,0.3386117,-3.9469085
1766255468.143373,-0.053662043,0.33628872,-3.947426
1766255468.1555324,-0.05386541,0.3339711,-3.9479415
1766255468.162571,-0.05405349,0.33165437,-3.9484627
1766255468.175847,-0.054406315,0.32703736,-3.9494975
1766255468.1831424,-0.054570932,0.3247372,-3.950011
1766255468.1955683,-0.054296028,0.3221183,-3.9514492
1766255468.203009,-0.054023627,0.31951168,-3.9528606
1766255468.2160106,-0.053753566,0.3169171,-3.954248
1766255468.2230027,-0.05348563,0.31433442,-3.9556096
1766255468.2357404,-0.053041104,0.309206,-3.9582553
1766255468.242807,-0.052820425,0.30665994,-3.959541
1766255468.2571988,-0.052381296,0.3016035,-3.9620407
1766255468.2639651,-0.05216259,0.2990927,-3.9632573
1766255468.2768862,-0.051944453,0.29659325,-3.9644506
1766255468.2835317,-0.051726837,0.2941049,-3.965621
1766255468.296516,-0.051509652,0.29162756,-3.9667683
1766255468.3036325,-0.051292975,0.28915378,-3.967893
1766255468.3170092,-0.050860785,0.2842386,-3.970077
1766255468.3238275,-0.050405476,0.28256193,-3.9707007
1766255468.337118,-0.0495151,0.27919698,-3.9719136
1766255468.3451254,-0.04908008,0.27750978,-3.9725025
1766255468.3569539,-0.048651744,0.27582026,-3.97308
1766255468.3638666,-0.048229948,0.2741289,-3.97365
1766255468.3774135,-0.047382787,0.27076355,-3.9747543
1766255468.3855503,-0.046968486,0.26907992,-3.9752886
1766255468.3968332,-0.04656006,0.2673962,-3.975811
1766255468.4049442,-0.046157297,0.2657128,-3.9763215
1766255468.4181802,-0.04536832,0.26234806,-3.9773157
1766255468.425513,-0.04498218,0.2606675,-3.9777946
1766255468.4374306,-0.044621184,0.258974,-3.9782615
1766255468.4445844,-0.0442653,0.25728238,-3.9787166
1766255468.4574838,-0.04416192,0.25379294,-3.979443
1766255468.4657552,-0.044107772,0.2520513,-3.9797955
1766255468.4774468,-0.04405193,0.25031155,-3.9801376
1766255468.4848309,-0.043994557,0.24857338,-3.9804688
1766255468.498863,-0.043935888,0.24683651,-3.9807897
1766255468.504987,-0.04387611,0.24510077,-3.9811003
1766255468.5176194,-0.043824166,0.24163929,-3.9816961
1766255468.5247843,-0.043796178,0.23990959,-3.9819822
1766255468.5383554,-0.04373751,0.2364537,-3.9825256
1766255468.5463593,-0.043707445,0.23472796,-3.9827838
1766255468.5585022,-0.04367705,0.23300375,-3.9830332
1766255468.5653374,-0.0436464,0.23128091,-3.9832797
1766255468.578905,-0.043316554,0.22734597,-3.9842184
1766255468.5864713,-0.043153893,0.22538535,-3.9846666
1766255468.598478,-0.042992685,0.2234289,-3.9851007
1766255468.6058164,-0.04283276,0.22147632,-3.9855218
1766255468.6189575,-0.042516056,0.2175819,-3.9863327
1766255468.6277452,-0.042359043,0.21564034,-3.9867198
1766255468.639062,-0.04220278,0.21370281,-3.987095
1766255468.6460946,-0.042045407,0.21177448,-3.9874592
1766255468.6600368,-0.041732192,0.20793083,-3.9881546
1766255468.6672134,-0.041575816,0.20601538,-3.9884906
1766255468.6801517,-0.041419305,0.20410395,-3.9888165
1766255468.686321,-0.041262735,0.2021964,-3.9891322
1766255468.699385,-0.040034443,0.19824389,-3.9884906
1766255468.7085333,-0.038984653,0.196201,-3.9875655
1766255468.719211,-0.03795086,0.19415915,-3.9866729
1766255468.7268443,-0.036937986,0.1921238,-3.985802
1766255468.740609,-0.034972493,0.18807335,-3.9841213
1766255468.7481303,-0.034018327,0.18605813,-3.9833114
1766255468.7601762,-0.033082247,0.1840493,-3.9825206
1766255468.7670996,-0.032163765,0.18204673,-3.9817595
1766255468.7800906,-0.030377919,0.17805994,-3.9802926
1766255468.7887297,-0.029504174,0.17608634,-3.9795866
1766255468.79943,-0.028646898,0.17411862,-3.9788988
1766255468.8075185,-0.027805634,0.17215687,-3.9782286
1766255468.820743,-0.026979968,0.17020139,-3.9775867
1766255468.8277204,-0.026169617,0.16825262,-3.9769626
1766255468.8416286,-0.023909014,0.16481468,-3.9760728
1766255468.8480272,-0.02281091,0.16310167,-3.975649
1766255468.8609939,-0.020687794,0.15969466,-3.974845
1766255468.870141,-0.019656304,0.15799698,-3.974474
1766255468.88063,-0.018644288,0.15630314,-3.974117
1766255468.8884654,-0.01765134,0.15461318,-3.9737744
1766255468.9014912,-0.015721569,0.15124586,-3.9731312
1766255468.9093237,-0.014784535,0.14956908,-3.9728305
1766255468.9211996,-0.013865785,0.1478973,-3.9725544
1766255468.9284012,-0.012978305,0.14620893,-3.9722917
1766255468.9415207,-0.012107991,0.1445264,-3.9720423
1766255468.9490075,-0.011254492,0.14284976,-3.9718065
1766255468.9615777,-0.008823782,0.13964559,-3.9719458
1766255468.9687274,-0.0076436,0.13805053,-3.97203
1766255468.9822001,-0.0064864107,0.1364599,-3.9721186
1766255468.9887674,-0.005351883,0.13487364,-3.9722114
1766255469.0018795,-0.003170306,0.1317048,-3.9724095
1766255469.008854,-0.0021115283,0.13012695,-3.9725149
1766255469.022061,-5.6452176e-05,0.126985,-3.9727547
1766255469.0307088,0.0009403457,0.1254213,-3.9728806
1766255469.0417109,0.0019171234,0.12386254,-3.9730098
1766255469.049137,0.0028742172,0.12230877,-3.9731426
1766255469.0628116,0.004730283,0.11921608,-3.973419
1766255469.07019,0.0056374613,0.11768084,-3.9735708
1766255469.0823333,0.0068294397,0.115902245,-3.974171
1766255469.089375,0.007995613,0.114133365,-3.9747622
1766255469.1028442,0.010252988,0.11062388,-3.9759192
1766255469.111551,0.011345297,0.10888283,-3.9764853
1766255469.1225247,0.012413893,0.107150696,-3.9770486
1766255469.129814,0.013459132,0.10542748,-3.977604
1766255469.1436777,0.014481397,0.10371311,-3.9781508
1766255469.150174,0.015473869,0.102013186,-3.9786897
1766255469.1634877,0.017392814,0.098638795,-3.979743
1766255469.1706083,0.018319877,0.09696418,-3.980263
1766255469.1832728,0.019225735,0.09529786,-3.9807749
1766255469.1904192,0.020110736,0.093639724,-3.9812787
1766255469.203857,0.021302138,0.09062067,-3.9825594
1766255469.2108388,0.0216338,0.089260094,-3.9833293
1766255469.2241917,0.022273378,0.0865462,-3.9848313
1766255469.232064,0.022581112,0.085193336,-3.98556
1766255469.2449684,0.022880541,0.083843514,-3.9862738
1766255469.2511158,0.023171388,0.08249693,-3.986973
1766255469.2644243,0.023726786,0.079814084,-3.9883282
1766255469.2725368,0.023991251,0.07847805,-3.9889886
1766255469.2846887,0.024261747,0.07712979,-3.989635
1766255469.291303,0.024523297,0.07578561,-3.990267
1766255469.3046012,0.025020074,0.07311007,-3.9914885
1766255469.312832,0.025255648,0.0717789,-3.992078
1766255469.3249416,0.025482832,0.070452265,-3.9926572
1766255469.331721,0.026273385,0.06888984,-3.9936488
1766255469.3448474,0.02704275,0.06733681,-3.9946153
1766255469.3521051,0.027791576,0.06579302,-3.9955573
1766255469.3655322,0.029207306,0.06273818,-3.9973688
1766255469.3722765,0.029886862,0.061223656,-3.99824
1766255469.3849251,0.03054822,0.059717394,-3.9990878
1766255469.3923697,0.03119195,0.05821921,-3.9999125
1766255469.405634,0.032428835,0.05524648,-4.0014935
1766255469.4126196,0.033023074,0.05377167,-4.0022497
1766255469.4252775,0.034163486,0.050841752,-4.0037007
1766255469.4346519,0.03471051,0.049386483,-4.0043936
1766255469.445854,0.03524324,0.047938526,-4.005065
1766255469.4528942,0.03576194,0.04649781,-4.005715
1766255469.4668386,0.037250485,0.04296299,-4.005943
1766255469.4741871,0.0379672,0.04121544,-4.0060487
1766255469.486266,0.03866614,0.03948071,-4.006146
1766255469.4929376,0.03933685,0.037760172,-4.0062346
1766255469.5063086,0.04062766,0.03435501,-4.0063844
1766255469.5144317,0.041248124,0.03266986,-4.0064464
1766255469.5262525,0.041852124,0.030996108,-4.006504
1766255469.5332723,0.04243998,0.029333703,-4.0065527
1766255469.5470564,0.043568447,0.026043057,-4.0066257
1766255469.5546527,0.04410926,0.024414936,-4.0066495
1766255469.5665975,0.0446198,0.022817258,-4.006665
1766255469.5737767,0.045115333,0.021230685,-4.006677
1766255469.5868375,0.04527667,0.019211335,-4.0068264
1766255469.59402,0.0454328,0.01721163,-4.0069637
1766255469.6066322,0.045728948,0.013269218,-4.0072036
1766255469.6142056,0.04586899,0.011325756,-4.007307
1766255469.6284533,0.046132807,0.007493386,-4.007491
1766255469.6353998,0.046235155,0.0056344103,-4.007568
1766255469.6474574,0.046332046,0.0037929707,-4.0076356
1766255469.654368,0.04642344,0.0019689235,-4.0076942
1766255469.6677108,0.046589226,-0.0016278742,-4.007787
1766255469.6764653,0.046663318,-0.0034011402,-4.0078254
1766255469.687666,0.046731498,-0.0051580356,-4.007856
1766255469.695073,0.046793945,-0.0068988735,-4.007879
1766255469.7083077,0.04684724,-0.008612707,-4.0078945
1766255469.715094,0.046327543,-0.010621168,-4.0077724
1766255469.7282305,0.04531079,-0.014574161,-4.007524
1766255469.7351234,0.04481275,-0.016519103,-4.0073977
1766255469.7478554,0.04383427,-0.020347632,-4.007138
1766255469.7569144,0.043352976,-0.022232,-4.0070043
1766255469.7680392,0.04287663,-0.024096875,-4.006869
1766255469.7760081,0.042419475,-0.025944864,-4.0067363
1766255469.789388,0.041518163,-0.029584264,-4.006466
1766255469.7969558,0.041073762,-0.03137616,-4.006329
1766255469.8088071,0.040633596,-0.033149734,-4.0061903
1766255469.8161485,0.04019785,-0.03490506,-4.006051
1766255469.8289368,0.039766595,-0.036642216,-4.005916
1766255469.83627,0.03933955,-0.038361277,-4.0057797
1766255469.8491561,0.039543863,-0.041890133,-4.0062556
1766255469.856435,0.039635487,-0.043622643,-4.006479
1766255469.8700604,0.03971902,-0.045337405,-4.0066924
1766255469.8765032,0.039795086,-0.047034588,-4.0068974
1766255469.889499,0.03992763,-0.05037713,-4.0072875
1766255469.896511,0.0399853,-0.0520229,-4.0074697
1766255469.9099257,0.040086076,-0.05527576,-4.0078115
1766255469.9179044,0.040129427,-0.056882974,-4.007971
1766255469.9298768,0.04016799,-0.05847351,-4.0081253
1766255469.9368773,0.040202014,-0.060047343,-4.008273
1766255469.9506986,0.040231835,-0.061604545,-4.0084133
1766255469.9572163,0.040257726,-0.06314532,-4.0085473
1766255469.9704707,0.039326996,-0.06625835,-4.0082626
1766255469.9772773,0.038872123,-0.06778947,-4.0081263
1766255469.9901073,0.03841857,-0.06930356,-4.0079904
1766255469.9974654,0.03797106,-0.0708011,-4.007855
1766255470.0103896,0.037093118,-0.07374673,-4.0075865
1766255470.017756,0.03666219,-0.07519495,-4.007453
1766255470.0309913,0.035815224,-0.07804259,-4.0071945
1766255470.0390036,0.03539868,-0.07944225,-4.007066
1766255470.050787,0.034971558,-0.08082274,-4.006937
1766255470.0582275,0.03454868,-0.08218748,-4.0068088
1766255470.0712345,0.03371515,-0.08487046,-4.0065527
1766255470.0788321,0.033304643,-0.086189285,-4.0064287
1766255470.0907755,0.032143723,-0.087257266,-4.005379
1766255470.098178,0.031004995,-0.08831578,-4.0043535
1766255470.1120052,0.02988775,-0.08936481,-4.003351
1766255470.1183486,0.028791467,-0.09040429,-4.0023723
1766255470.1311326,0.026660196,-0.09245651,-4.000489
1766255470.1384966,0.025623783,-0.093467616,-3.999584
1766255470.1514874,0.023607107,-0.0954596,-3.9978359
1766255470.1597695,0.022625748,-0.09644064,-3.9969919
1766255470.1720195,0.02166163,-0.097411856,-3.9961677
1766255470.1789072,0.02071448,-0.09837337,-3.995373
1766255470.1929529,0.018877903,-0.100267656,-3.9938407
1766255470.2002964,0.0179877,-0.10120048,-3.9931028
1766255470.211847,0.016878964,-0.10243179,-3.992492
1766255470.2192202,0.01579073,-0.10364636,-3.9918954
1766255470.2320368,0.013673348,-0.10602695,-3.9907627
1766255470.2407308,0.0126434285,-0.10719385,-3.9902174
1766255470.252608,0.011632575,-0.108345665,-3.989686
1766255470.2594233,0.0106407795,-0.109482706,-3.9891691
1766255470.2726488,0.00872315,-0.11172301,-3.9881778
1766255470.280718,0.0077922484,-0.11282214,-3.9877121
1766255470.2924922,0.006879177,-0.11390761,-3.98726
1766255470.3000095,0.005983284,-0.11497968,-3.986822
1766255470.3130095,0.0051042354,-0.11603857,-3.9863975
1766255470.320394,0.0042419424,-0.11708453,-3.9859865
1766255470.3333192,0.0025614903,-0.11916095,-3.985214
1766255470.340338,0.001531026,-0.11986587,-3.9848087
1766255470.3537948,-0.0004673923,-0.12125634,-3.984039
1766255470.3618007,-0.0014360743,-0.121941894,-3.9836743
1766255470.3739216,-0.0023850952,-0.12262084,-3.9833229
1766255470.3804371,-0.003314956,-0.12329305,-3.9829936
1766255470.394279,-0.0051184236,-0.12461698,-3.982373
1766255470.4019907,-0.0059945323,-0.12526393,-3.9820812
1766255470.4135692,-0.006852441,-0.12590407,-3.9818013
1766255470.4208841,-0.007692396,-0.1265374,-3.9815333
1766255470.4348278,-0.008514662,-0.12716392,-3.9812858
1766255470.441099,-0.009319526,-0.12778364,-3.98105
1766255470.454201,-0.010878245,-0.12900288,-3.980611
1766255470.4611194,-0.011632715,-0.12960254,-3.9804077
1766255470.4741294,-0.012633227,-0.13141999,-3.979884
1766255470.4822633,-0.013118396,-0.13230968,-3.979649
1766255470.4945643,-0.013593535,-0.13318698,-3.9794252
1766255470.501461,-0.014058685,-0.1340523,-3.979212
1766255470.5153651,-0.014959006,-0.13574904,-3.9788172
1766255470.5230458,-0.0153941475,-0.13658121,-3.9786348
1766255470.5347652,-0.015819134,-0.13740295,-3.9784718
1766255470.5417101,-0.016260764,-0.13820681,-3.9783175
1766255470.554628,-0.016692018,-0.13900064,-3.9781728
1766255470.5623457,-0.01711321,-0.13978462,-3.9780369
1766255470.5745542,-0.017926516,-0.14132388,-3.9777915
1766255470.5818899,-0.018318964,-0.14207971,-3.9776912
1766255470.5955677,-0.01738355,-0.14335065,-3.9778585
1766255470.6033225,-0.01693154,-0.14397386,-3.9779468
1766255470.6154308,-0.016504066,-0.1445953,-3.978038
1766255470.6223197,-0.016085673,-0.14520873,-3.9781322
1766255470.6353416,-0.015273943,-0.14641145,-3.9783459
1766255470.6441507,-0.01487969,-0.14700069,-3.9784567
1766255470.655558,-0.01449292,-0.14758174,-3.9785702
1766255470.662537,-0.014113641,-0.14815459,-3.9786868
1766255470.6763742,-0.013377269,-0.14927566,-3.9789274
1766255470.6836004,-0.013020154,-0.14981757,-3.9790595
1766255470.695529,-0.01266992,-0.15035151,-3.9791937
1766255470.7028487,-0.012326157,-0.15087757,-3.9793298
1766255470.7159963,-0.011345882,-0.15214524,-3.979729
1766255470.724499,-0.010715032,-0.15288073,-3.979989
1766255470.7358232,-0.01009556,-0.15360259,-3.9802566
1766255470.7435913,-0.009487128,-0.15431108,-3.9805229
1766255470.756877,-0.00888877,-0.15500061,-3.980788
1766255470.7634757,-0.008300844,-0.15567747,-3.981052
1766255470.7770028,-0.0071554845,-0.15699458,-3.981575
1766255470.7837307,-0.006597789,-0.15763554,-3.9818423
1766255470.7969859,-0.006049942,-0.15826517,-3.9821076
1766255470.8040416,-0.0055119195,-0.15888378,-3.982371
1766255470.8167157,-0.004465298,-0.1600888,-3.982891
1766255470.8239052,-0.003973055,-0.16067633,-3.9831476
1766255470.8377085,-0.003017104,-0.1618214,-3.9836688
1766255470.8454313,-0.0030401635,-0.16297339,-3.9840665
1766255470.8573978,-0.0030592093,-0.16410287,-3.9844573
1766255470.8644776,-0.0030744437,-0.16521038,-3.984841
1766255470.8774135,-0.0030939847,-0.16736193,-3.985588
1766255470.8860302,-0.0030986355,-0.1684072,-3.9859586
1766255470.8971848,-0.0031336553,-0.16942112,-3.9863217
1766255470.9049172,-0.0031654963,-0.17041622,-3.9866774
1766255470.9186642,-0.003194657,-0.17139304,-3.9870265
1766255470.9250202,-0.0032215703,-0.17235196,-3.9873683
1766255470.9377964,-0.0032695828,-0.17421752,-3.9880388
1766255470.9448457,-0.0032909685,-0.17512484,-3.9883673
1766255470.9583473,-0.0033291914,-0.17689027,-3.9890025
1766255470.9666233,-0.0030981803,-0.17714281,-3.9889038
1766255470.9780731,-0.0028726477,-0.17739144,-3.9888086
1766255470.9851568,-0.0026527094,-0.17763609,-3.9887269
1766255470.9992392,-0.0022296552,-0.17811307,-3.988572
1766255471.0065064,-0.0020262352,-0.17834508,-3.9884984
1766255471.0192492,-0.0018277018,-0.17857234,-3.9884274
1766255471.0256243,-0.0016335982,-0.1787946,-3.9883585
1766255471.0383694,-0.0014332294,-0.17900023,-3.9883015
1766255471.0459301,-0.0012369499,-0.17920068,-3.9882464
1766255471.0590954,-0.00085722865,-0.17958549,-3.9881423
1766255471.0658574,-0.0006737126,-0.1797698,-3.9880927
1766255471.0797222,-0.00031785827,-0.1801222,-3.9879985
1766255471.0875607,-0.00014494824,-0.18029033,-3.9879632
1766255471.100391,-0.000272446,-0.18014827,-3.9877746
1766255471.1067305,-0.00037126575,-0.18000986,-3.987592
1766255471.1200662,-0.00058549264,-0.17973766,-3.9872541
1766255471.1290364,-0.0007505193,-0.17959991,-3.987126
1766255471.1401885,-0.0009791215,-0.1794597,-3.9870553
1766255471.1468751,-0.001265547,-0.17932023,-3.9870377
1766255471.1605432,-0.0019250278,-0.17906167,-3.9871588
1766255471.167872,-0.0022499848,-0.17894576,-3.9872913
1766255471.180985,-0.0025495556,-0.17885543,-3.9874682
1766255471.1874592,-0.002812976,-0.17877209,-3.9876971
1766255471.2009125,-0.003040145,-0.17869574,-3.987963
1766255471.2076347,-0.0032355264,-0.17862679,-3.9882624
1766255471.2197452,-0.0032127243,-0.17882396,-3.9891925
1766255471.2277906,-0.003014892,-0.17908531,-3.9898114
1766255471.241147,-0.0025683343,-0.17961626,-3.9911137
1766255471.2488859,-0.0023017777,-0.17987381,-3.9917917
1766255471.2615998,-0.0019847362,-0.18010202,-3.9925034
1766255471.2681541,-0.001600221,-0.18028434,-3.9932606
1766255471.2812612,-0.00066540786,-0.1805086,-3.9949322
1766255471.2895586,-0.00016600921,-0.18057542,-3.9958518
1766255471.3014376,0.0003204869,-0.1806318,-3.9968147
1766255471.3080807,0.0007756783,-0.18068984,-3.9978142
1766255471.3218439,0.0015652967,-0.18084806,-3.9998968
1766255471.329592,0.0018865424,-0.18095727,-4.000967
1766255471.3420095,0.002161084,-0.18109025,-4.002057
1766255471.3486452,0.0022158478,-0.18096644,-4.00337
1766255471.3618383,0.0022393786,-0.18087345,-4.0046763
1766255471.3695135,0.002236503,-0.18081115,-4.005971
1766255471.3821847,0.002168721,-0.18077661,-4.008504
1766255471.3888607,0.002109429,-0.18078984,-4.00974
1766255471.4022503,0.0019610426,-0.18089801,-4.012109
1766255471.4104455,0.0018777387,-0.18099044,-4.0132318
1766255471.4224432,0.0017918359,-0.18110658,-4.0143075
1766255471.4292648,0.0017057501,-0.18124485,-4.0153313
1766255471.4418733,0.0016217211,-0.18140364,-4.0163064
1766255471.4498827,0.0015417597,-0.18158132,-4.0172205
1766255471.4625075,0.0014121362,-0.18200238,-4.018848
1766255471.4695113,0.0013593541,-0.182235,-4.019553
1766255471.4825642,0.0019778088,-0.18306012,-4.0215125
1766255471.4902728,0.0022903867,-0.1834829,-4.022356
1766255471.5027258,0.0026057118,-0.18391095,-4.0231013
1766255471.5095835,0.0029238856,-0.18434331,-4.023745
1766255471.522835,0.0035536357,-0.1852166,-4.0247145
1766255471.5316,0.0038647093,-0.18565626,-4.025034
1766255471.543193,0.0041775675,-0.18609756,-4.0252447
1766255471.5503435,0.004491591,-0.18654002,-4.0253386
1766255471.5642633,0.0048060194,-0.1869833,-4.025313
1766255471.5704496,0.0051200143,-0.1874271,-4.025164
1766255471.5838153,0.005743179,-0.1883156,-4.024488
1766255471.590772,0.0060505904,-0.18876004,-4.023961
1766255471.6041281,0.007297535,-0.18965606,-4.022077
1766255471.6127262,0.007902208,-0.19010806,-4.020938
1766255471.6239855,0.008494399,-0.19056123,-4.0196633
1766255471.6313348,0.009073783,-0.19101562,-4.018251
1766255471.6448982,0.010192981,-0.19192818,-4.01502
1766255471.6523635,0.010732237,-0.19238648,-4.0131893
1766255471.6645024,0.011257702,-0.19284618,-4.0112114
1766255471.6712983,0.011769285,-0.19330728,-4.0090857
1766255471.6848185,0.012735152,-0.19425608,-4.004382
1766255471.693383,0.013197567,-0.19473256,-4.0018077
1766255471.7045367,0.013646545,-0.19521037,-3.9990766
1766255471.7117898,0.014082286,-0.19568934,-3.996188
1766255471.7251816,0.015159982,-0.19670135,-3.9900544
1766255471.7330024,0.015796967,-0.19723313,-3.986805
1766255471.745273,0.016416384,-0.19776458,-3.9833992
1766255471.752009,0.017001811,-0.19830713,-3.9798315
1766255471.7648864,0.018123666,-0.19938985,-3.972219
1766255471.774411,0.018661022,-0.19992968,-3.9681787
1766255471.7853343,0.01918345,-0.2004683,-3.963986
1766255471.7926078,0.019691618,-0.20100556,-3.95965
1766255471.8060093,0.020667214,-0.20207575,-3.9505453
1766255471.8136168,0.021157447,-0.20260301,-3.9457846
1766255471.8254888,0.021635005,-0.20312877,-3.9408903
1766255471.8329425,0.0221004,-0.203653,-3.935867
1766255471.8460112,0.022996278,-0.20469701,-3.9254637
1766255471.8541634,0.023313362,-0.20554097,-3.9195654
1766255471.8659704,0.023621706,-0.20637687,-3.9135692
1766255471.8733878,0.023921488,-0.2072051,-3.9074793
1766255471.887303,0.024482023,-0.20884177,-3.8950374
1766255471.8941886,0.02474331,-0.20965102,-3.8887036
1766255471.9069624,0.024996921,-0.21045417,-3.8822944
1766255471.9135032,0.025242997,-0.21125141,-3.8758147
1766255471.9270384,0.025712537,-0.21282907,-3.8626626
1766255471.9346654,0.025935985,-0.21361001,-3.8559995
1766255471.9467864,0.026151955,-0.21438609,-3.849293
1766255471.954559,0.026360594,-0.21515755,-3.842539
1766255471.9679446,0.02678189,-0.21669021,-3.8289075
1766255471.9755752,0.027189719,-0.21741733,-3.8220947
1766255471.9874313,0.027584998,-0.21814156,-3.8152509
1766255471.9947155,0.027968265,-0.218863,-3.808389
1766255472.0078769,0.028699888,-0.22029804,-3.7946012
1766255472.0157712,0.029048251,-0.22101189,-3.7876835
1766255472.0280201,0.029381229,-0.22172575,-3.7807553
1766255472.035073,0.029703123,-0.22243737,-3.7738202
1766255472.0486743,0.030315645,-0.22385421,-3.7599616
1766255472.0561326,0.030607058,-0.22455955,-3.753037
1766255472.0690646,0.030888725,-0.2252629,-3.7461202
1766255472.07547,0.031160546,-0.22596426,-3.739215
1766255472.0886438,0.031674728,-0.22736092,-3.7254515
1766255472.0964966,0.031945486,-0.22808836,-3.7186096
1766255472.1085672,0.03181371,-0.2287173,-3.7112987
1766255472.1154897,0.031681992,-0.2293457,-3.7040272
1766255472.1295679,0.031418532,-0.23060033,-3.6896136
1766255472.1364794,0.03128633,-0.23122562,-3.6824763
1766255472.149572,0.031153543,-0.23184796,-3.6754005
1766255472.1563118,0.031020157,-0.2324664,-3.668377
1766255472.1693194,0.030759694,-0.23370387,-3.6544926
1766255472.1771257,0.030633206,-0.23432465,-3.6476338
1766255472.1893334,0.030507043,-0.23494428,-3.6408308
1766255472.1962914,0.030380975,-0.23556355,-3.634095
1766255472.2101462,0.03012824,-0.23680216,-3.6207912
1766255472.2172456,0.030001095,-0.23742165,-3.6142228
1766255472.2293973,0.03009752,-0.2382571,-3.6085906
1766255472.236572,0.030188097,-0.23908831,-3.6029909
1766255472.2489529,0.030324683,-0.2398966,-3.5974293
1766255472.2566433,0.030455062,-0.24070127,-3.5918994
1766255472.269425,0.030697959,-0.24230069,-3.5809338
1766255472.2769096,0.030810932,-0.24309586,-3.5754974
1766255472.2905087,0.031021345,-0.24467783,-3.5647154
1766255472.2976868,0.031119382,-0.24546485,-3.559374
1766255472.3100698,0.031212918,-0.24624929,-3.5540607
1766255472.3174562,0.03132857,-0.2470165,-3.5487747
1766255472.329965,0.031546712,-0.24854319,-3.5382805
1766255472.339019,0.03164937,-0.24930239,-3.5330706
1766255472.3505049,0.03174774,-0.25005865,-3.52789
1766255472.3575592,0.03133513,-0.25045794,-3.523445
1766255472.3721051,0.030531483,-0.251268,-3.5145621
1766255472.3790598,0.03013952,-0.25166845,-3.510123
1766255472.390491,0.029753853,-0.2520717,-3.5056846
1766255472.3977349,0.029374223,-0.2524773,-3.5012493
1766255472.4110544,0.028632002,-0.25329372,-3.4923751
1766255472.419052,0.02826888,-0.25370374,-3.4879346
1766255472.4306257,0.0279109,-0.25411427,-3.4834905
1766255472.4378755,0.027557941,-0.25452477,-3.479042
1766255472.4519458,0.02685334,-0.25534633,-3.4701343
1766255472.4596715,0.026501473,-0.25575665,-3.46567
1766255472.4709842,0.026154088,-0.25616544,-3.4611983
1766255472.4785066,0.025810996,-0.25657257,-3.4567177
1766255472.4911249,0.02525789,-0.25694558,-3.448652
1766255472.4994597,0.02498596,-0.25713637,-3.4445856
1766255472.5116513,0.024716968,-0.25732982,-3.440496
1766255472.5187905,0.024465537,-0.25751737,-3.436383
1766255472.532476,0.023971811,-0.2578996,-3.4280846
1766255472.539474,0.023729684,-0.258094,-3.4238982
1766255472.551516,0.023490721,-0.25829035,-3.419686
1766255472.5586898,0.023254903,-0.2584885,-3.4154482
1766255472.5721211,0.022792622,-0.25888968,-3.4068925
1766255472.5803175,0.022566184,-0.25909245,-3.4025743
1766255472.591647,0.022342928,-0.25929657,-3.3982284
1766255472.5991108,0.022122215,-0.2594962,-3.3938546
1766255472.6128237,0.022718413,-0.25928697,-3.3859303
1766255472.6201243,0.02300314,-0.2591943,-3.3819082
1766255472.6320572,0.023279395,-0.25910935,-3.3778462
1766255472.639482,0.023547513,-0.25903192,-3.3737447
1766255472.6521902,0.024060646,-0.25889862,-3.365423
1766255472.6613338,0.024306288,-0.25884232,-3.3612032
1766255472.6729555,0.024564253,-0.25878403,-3.356944
1766255472.679711,0.024815341,-0.2587323,-3.352646
1766255472.6934888,0.025297644,-0.25864756,-3.3439345
1766255472.7011514,0.025529196,-0.25861412,-3.3395214
1766255472.713222,0.025754485,-0.25858635,-3.3350704
1766255472.7201724,0.025973605,-0.25856408,-3.330582
1766255472.733105,0.027027387,-0.25904843,-3.3217087
1766255472.7418168,0.027853308,-0.25954503,-3.3173192
1766255472.7530892,0.028659746,-0.2600354,-3.3128881
1766255472.7609897,0.029447183,-0.2605198,-3.3084164
1766255472.7740605,0.030967176,-0.26147214,-3.299352
1766255472.7815123,0.031700972,-0.2619406,-3.2947605
1766255472.794992,0.03241818,-0.26240426,-3.2901301
1766255472.8009474,0.033119373,-0.26286334,-3.285462
1766255472.8144927,0.034442957,-0.26374456,-3.2760134
1766255472.8230207,0.03508259,-0.26417956,-3.2712348
1766255472.834333,0.03570784,-0.26461095,-3.2664206
1766255472.8414526,0.036318798,-0.26503885,-3.2615716
1766255472.8555415,0.037497714,-0.26588443,-3.2517734
1766255472.8628154,0.037930313,-0.26663953,-3.246686
1766255472.875052,0.03835034,-0.26738417,-3.2415707
1766255472.881783,0.03875481,-0.26811075,-3.2364283
1766255472.8948092,0.03952836,-0.26953477,-3.2260647
1766255472.9042914,0.039897636,-0.27023295,-3.2208445
1766255472.9149241,0.040255222,-0.2709222,-3.2155998
1766255472.9220574,0.040600974,-0.27160284,-3.2103312
1766255472.9360702,0.04125662,-0.27293876,-3.1997259
1766255472.9428673,0.04156643,-0.27359438,-3.1943903
1766255472.955705,0.04184577,-0.27425185,-3.1890335
1766255472.9622264,0.04211351,-0.2749013,-3.1836562
1766255472.975239,0.042615876,-0.27617645,-3.1728437
1766255472.9832506,0.043386456,-0.27704057,-3.1671948
1766255472.9960208,0.044134866,-0.27789155,-3.1615334
1766255473.0024586,0.04486171,-0.27872965,-3.1558597
1766255473.0163586,0.046253268,-0.2803678,-3.1444786
1766255473.023702,0.046904817,-0.28115198,-3.1387715
1766255473.036002,0.04753761,-0.28192416,-3.1330547
1766255473.0430906,0.048152104,-0.2826846,-3.1273286
1766255473.0559635,0.049327873,-0.28417134,-3.115851
1766255473.0650835,0.04988982,-0.2848981,-3.1101003
1766255473.0763993,0.05043493,-0.28561383,-3.1043425
1766255473.083576,0.050963745,-0.2863186,-3.0985782
1766255473.0965638,0.051973805,-0.28769588,-3.087033
1766255473.1044385,0.052454233,-0.28835618,-3.0812526
1766255473.1170828,0.052941017,-0.28924555,-3.075826
1766255473.1236994,0.053411726,-0.2901204,-3.0703871
1766255473.1368682,0.054306425,-0.29182783,-3.0594757
1766255473.1453986,0.054731406,-0.29266092,-3.054004
1766255473.1570761,0.055142004,-0.29348052,-3.0485225
1766255473.1639268,0.05553862,-0.29428688,-3.0430317
1766255473.1769137,0.05630468,-0.2958501,-3.032024
1766255473.1850216,0.056667056,-0.296613,-3.0265079
1766255473.1970723,0.05701597,-0.29736364,-3.020984
1766255473.2038534,0.057351768,-0.29810202,-3.015453
1766255473.216835,0.057984956,-0.29954255,-3.0043714
1766255473.2253418,0.058282588,-0.3002451,-2.9988215
1766255473.2370489,0.058390457,-0.3010047,-2.9938545
1766255473.2439349,0.05849277,-0.30176246,-2.9888663
1766255473.2578495,0.058673926,-0.30324015,-2.9788296
1766255473.2648962,0.05875296,-0.3039605,-2.973782
1766255473.277861,0.05882446,-0.30466875,-2.968716
1766255473.2843854,0.058888584,-0.3053651,-2.9636316
1766255473.2979636,0.058995564,-0.30672243,-2.953411
1766255473.3064237,0.059038896,-0.30739477,-2.9482758
1766255473.3178778,0.05907552,-0.3080555,-2.943124
1766255473.3248444,0.059105586,-0.30870467,-2.9379566
1766255473.3376234,0.05914648,-0.30996895,-2.927576
1766255473.3457112,0.05915736,-0.31058446,-2.9223633
1766255473.3580148,0.05916187,-0.31118914,-2.9171362
1766255473.3649676,0.058913916,-0.31180692,-2.9113367
1766255473.3785696,0.05866525,-0.31241298,-2.9055378
1766255473.3857768,0.058402188,-0.31300065,-2.8997388
1766255473.3983965,0.05787464,-0.31414223,-2.8881407
1766255473.4057863,0.057610087,-0.31469625,-2.8823416
1766255473.4191606,0.057078943,-0.3157715,-2.8707438
1766255473.4267144,0.05681218,-0.31629294,-2.8649447
1766255473.439028,0.056544546,-0.31680378,-2.8591456
1766255473.4459715,0.056276053,-0.31730404,-2.8533466
1766255473.459196,0.055754106,-0.31828305,-2.8417494
1766255473.4680154,0.05549197,-0.31875685,-2.8359513
1766255473.4789062,0.055229194,-0.31922045,-2.8301535
1766255473.486418,0.05496578,-0.319674,-2.824356
1766255473.5005212,0.055128932,-0.32021642,-2.812667
1766255473.5071626,0.055198576,-0.32047978,-2.8068254
1766255473.5192795,0.055243134,-0.32073355,-2.8009856
1766255473.5264957,0.055280942,-0.32098216,-2.7951484
1766255473.5398235,0.05533746,-0.32146403,-2.7834816
1766255473.5485597,0.055356428,-0.32169747,-2.7776523
1766255473.5595818,0.055369444,-0.321926,-2.771826
1766255473.5671444,0.05537681,-0.3221496,-2.7660031
1766255473.5807545,0.05537626,-0.32258198,-2.7543676
1766255473.5881462,0.05537835,-0.32279545,-2.7485552
1766255473.5999582,0.05537593,-0.32300407,-2.7427466
1766255473.6073153,0.055369027,-0.32320794,-2.736942
1766255473.6198385,0.055061787,-0.3239141,-2.7254086
1766255473.6287928,0.054907154,-0.32425478,-2.7196474
1766255473.6402047,0.054752044,-0.32458746,-2.71389
1766255473.6476016,0.054596364,-0.3249124,-2.7081368
1766255473.6612012,0.054439932,-0.32522982,-2.702388
1766255473.6677861,0.05430601,-0.3255311,-2.6966436
1766255473.6807175,0.05403497,-0.32611272,-2.6851676
1766255473.6879148,0.053897727,-0.32639322,-2.6794364
1766255473.7010617,0.053759128,-0.326667,-2.6737099
1766255473.7083151,0.053619,-0.32693422,-2.667988
1766255473.7210963,0.053334013,-0.32744935,-2.656559
1766255473.7285216,0.053189326,-0.3276975,-2.6508517
1766255473.7421124,0.053060845,-0.32834634,-2.6395845
1766255473.7495701,0.053079367,-0.3287427,-2.6340208
1766255473.761509,0.05309165,-0.32912877,-2.6284583
1766255473.7685535,0.053097896,-0.32950482,-2.6228971
1766255473.781344,0.053092793,-0.33022764,-2.6117797
1766255473.789274,0.0530818,-0.33057475,-2.6062236
1766255473.8015938,0.05305421,-0.3308996,-2.6006694
1766255473.8091578,0.053021498,-0.3312154,-2.5951169
1766255473.8225372,0.05294097,-0.3318207,-2.5840182
1766255473.8301966,0.05289347,-0.33211043,-2.5784721
1766255473.8423297,0.05284144,-0.33239177,-2.572928
1766255473.8488953,0.052784905,-0.3326649,-2.5673864
1766255473.8626184,0.05265834,-0.33318725,-2.5563097
1766255473.8702548,0.051811647,-0.3336234,-2.5509503
1766255473.882465,0.05097885,-0.33404934,-2.545589
1766255473.8893929,0.050159577,-0.33446524,-2.540226
1766255473.902761,0.048559893,-0.33526772,-2.5294955
1766255473.9106188,0.04777855,-0.33565488,-2.5241282
1766255473.9230409,0.047008913,-0.33603302,-2.5187597
1766255473.9295807,0.046250563,-0.33640224,-2.5133903
1766255473.94283,0.045503132,-0.3367627,-2.5080197
1766255473.950063,0.044759925,-0.33713412,-2.5026484
1766255473.9626434,0.04330425,-0.33785105,-2.4919024
1766255473.9700701,0.04259108,-0.33819678,-2.4865282
1766255473.984041,0.041192453,-0.33886337,-2.4757774
1766255473.9911697,0.040601615,-0.3393055,-2.4703932
1766255474.0031517,0.04001768,-0.33973765,-2.465009
1766255474.0107365,0.039440718,-0.34016,-2.4596245
1766255474.023744,0.038297605,-0.34097692,-2.448856
1766255474.0313294,0.037736937,-0.34137142,-2.4434717
1766255474.0439956,0.037183553,-0.34175682,-2.4380872
1766255474.0506291,0.036637556,-0.3421332,-2.4327025
1766255474.064831,0.036098976,-0.3425006,-2.4273179
1766255474.0708113,0.035567656,-0.3428592,-2.4219334
1766255474.0837083,0.03452627,-0.34355032,-2.4111633
1766255474.0913353,0.034001485,-0.34391057,-2.4057784
1766255474.1042497,0.032973398,-0.34460506,-2.395009
1766255474.112549,0.032469954,-0.34493965,-2.389624
1766255474.1244245,0.032242343,-0.3448517,-2.3841798
1766255474.13118,0.03201595,-0.3447647,-2.3787372
1766255474.1450293,0.031567093,-0.34459287,-2.3678567
1766255474.1524434,0.031334344,-0.3445139,-2.3624187
1766255474.1647735,0.031103194,-0.34443521,-2.3569815
1766255474.1721025,0.030873802,-0.3443566,-2.3515458
1766255474.184818,0.030646315,-0.34427786,-2.346111
1766255474.1920595,0.030420946,-0.3441987,-2.3406777
1766255474.2050295,0.029976908,-0.34403816,-2.3298151
1766255474.2122424,0.029757956,-0.34395647,-2.324386
1766255474.2261152,0.029540908,-0.3438737,-2.3189578
1766255474.2324555,0.02935852,-0.34378386,-2.3135314
1766255474.2452064,0.029008912,-0.3435756,-2.302382
1766255474.2527869,0.02884247,-0.3434573,-2.2966676
1766255474.2660222,0.028516667,-0.34321755,-2.2852647
1766255474.2740703,0.028357374,-0.34309605,-2.2795763
1766255474.2855294,0.028200544,-0.34297335,-2.2738957
1766255474.2928092,0.028046262,-0.34284946,-2.268223
1766255474.3072486,0.02776414,-0.34261405,-2.2569025
1766255474.3136253,0.027626105,-0.34249482,-2.2512538
1766255474.3258498,0.027489914,-0.34237453,-2.2456129
1766255474.3329852,0.027355539,-0.34225324,-2.2399797
1766255474.3461149,0.027092472,-0.34200746,-2.2287364
1766255474.3542714,0.026963731,-0.34188312,-2.223126
1766255474.3664713,0.026836801,-0.34175792,-2.2175229
1766255474.3734224,0.026880702,-0.34143302,-2.2115002
1766255474.3871367,0.0269218,-0.34111124,-2.2054963
1766255474.3936007,0.026960181,-0.34079254,-2.19951
1766255474.406367,0.02702943,-0.34016398,-2.1875908
1766255474.413529,0.027060352,-0.33985382,-2.1816573
1766255474.4268723,0.027114682,-0.3392409,-2.169841
1766255474.4350274,0.027141513,-0.33893842,-2.163958
1766255474.4468899,0.02716615,-0.33863795,-2.1580908
1766255474.4540915,0.027188713,-0.3383394,-2.15224
1766255474.4677258,0.027227242,-0.33774796,-2.140586
1766255474.474828,0.027242782,-0.33745515,-2.1347818
1766255474.4871309,0.02725573,-0.33716425,-2.1289933
1766255474.4942245,0.027266117,-0.33687517,-2.1232197
1766255474.5074582,0.027561437,-0.33648923,-2.116812
1766255474.5145924,0.027833624,-0.33611625,-2.1104355
1766255474.5281415,0.028352365,-0.33538094,-2.097781
1766255474.5345728,0.028599365,-0.3350185,-2.091498
1766255474.5483658,0.028838476,-0.33465943,-2.0852442
1766255474.554857,0.029069973,-0.33430365,-2.079019
1766255474.567532,0.029511508,-0.33360156,-2.066656
1766255474.5751634,0.02972165,-0.33325738,-2.0605173
1766255474.5885074,0.030121826,-0.33257794,-2.0483193
1766255474.5969608,0.030311847,-0.3322428,-2.0422597
1766255474.6079404,0.030495467,-0.33191067,-2.0362256
1766255474.615859,0.030673005,-0.33158156,-2.0302205
1766255474.6293547,0.031129098,-0.33104974,-2.0185237
1766255474.636563,0.031346917,-0.33078846,-2.0127091
1766255474.64948,0.031552464,-0.33050844,-2.006917
1766255474.6558213,0.03175149,-0.33023185,-2.001147
1766255474.6684406,0.032130543,-0.32968906,-1.9896778
1766255474.677508,0.032310776,-0.3294227,-1.983975
1766255474.688586,0.03248486,-0.32915962,-1.9782933
1766255474.6960046,0.032652717,-0.32889968,-1.9726323
1766255474.7090402,0.032814372,-0.32864296,-1.9669918
1766255474.7162516,0.03296995,-0.32838947,-1.9613713
1766255474.7295134,0.033306003,-0.3278715,-1.9501961
1766255474.7362978,0.033465117,-0.32761753,-1.9446372
1766255474.7498603,0.033618357,-0.32736677,-1.9390968
1766255474.7565603,0.033393737,-0.32717758,-1.933109
1766255474.7695231,0.03295622,-0.3268057,-1.9212247
1766255474.7770042,0.03274309,-0.32662296,-1.9153267
1766255474.7892325,0.032533508,-0.32644218,-1.9094558
1766255474.796993,0.03232932,-0.32625574,-1.903611
1766255474.8100896,0.03193037,-0.32588845,-1.8919976
1766255474.8170362,0.031735137,-0.32570735,-1.8862336
1766255474.8297236,0.031352196,-0.32534936,-1.8747766
1766255474.8387892,0.031164246,-0.32517228,-1.8690826
1766255474.850665,0.0309785,-0.32499644,-1.8634107
1766255474.8574898,0.030785207,-0.32482728,-1.8577605
1766255474.8719814,0.030404495,-0.32449207,-1.8465331
1766255474.8787012,0.030433457,-0.32450435,-1.8410926
1766255474.8908534,0.030459866,-0.32451454,-1.8356684
1766255474.8977401,0.030484,-0.32452258,-1.8302602
1766255474.9109998,0.030506104,-0.32452855,-1.8248676
1766255474.9182315,0.030526232,-0.3245326,-1.8194906
1766255474.9308076,0.030560566,-0.32453558,-1.8087912
1766255474.938299,0.030517263,-0.32453313,-1.8034626
1766255474.9517503,0.030427359,-0.3245239,-1.792847
1766255474.9591424,0.030380772,-0.32451716,-1.7875592
1766255474.9717886,0.030333096,-0.32450905,-1.7822889
1766255474.9783807,0.030284332,-0.32449964,-1.7770311
1766255474.991396,0.030234486,-0.32448888,-1.7717854
1766255474.998996,0.030183578,-0.32447687,-1.7665514
1766255475.011733,0.029819155,-0.32531235,-1.7565653
1766255475.018861,0.02964616,-0.3257122,-1.7515843
1766255475.0324879,0.029303685,-0.32648262,-1.7416394
1766255475.039947,0.029134277,-0.32685372,-1.7366748
1766255475.0524921,0.028966079,-0.32721573,-1.7317152
1766255475.0593138,0.028799089,-0.3275689,-1.7267604
1766255475.0719705,0.028633295,-0.32791334,-1.7218125
1766255475.080009,0.02843244,-0.32824144,-1.7168689
1766255475.0926893,0.02803497,-0.3288733,-1.7069935
1766255475.0995588,0.027837826,-0.32917744,-1.7020613
1766255475.1125128,0.027641421,-0.3294739,-1.6971326
1766255475.1197498,0.027445618,-0.32976285,-1.6922069
1766255475.133168,0.026920844,-0.33010307,-1.6824638
1766255475.1398118,0.026594175,-0.3301595,-1.6776412
1766255475.1524208,0.025941418,-0.33024555,-1.6679988
1766255475.1618917,0.025619188,-0.33028492,-1.6631783
1766255475.1736376,0.02529967,-0.33032164,-1.6583605
1766255475.1798306,0.024982866,-0.33035555,-1.6535426
1766255475.193008,0.024668759,-0.3303865,-1.6487246
1766255475.200197,0.024357308,-0.33041427,-1.643906
1766255475.213176,0.023774458,-0.33046302,-1.6342664
1766255475.2204037,0.02350257,-0.3304837,-1.6294477
1766255475.2329638,0.02296486,-0.3305139,-1.6198059
1766255475.241795,0.022699093,-0.33052334,-1.6149824
1766255475.2544518,0.022267176,-0.33022097,-1.6095806
1766255475.2609603,0.021842062,-0.32992247,-1.6041911
1766255475.2734554,0.021423634,-0.32962778,-1.5988182
1766255475.280789,0.0210119,-0.32933664,-1.5934561
1766255475.2941504,0.020230453,-0.32877636,-1.5827622
1766255475.30061,0.019849546,-0.32850072,-1.5774295
1766255475.3139446,0.01947528,-0.32822788,-1.5721058
1766255475.3210394,0.019107522,-0.3279577,-1.5667905
1766255475.333937,0.018390916,-0.32742488,-1.5561959
1766255475.340806,0.018041577,-0.32716218,-1.5509094
1766255475.3537323,0.017697785,-0.32690194,-1.54563
1766255475.360982,0.017377375,-0.32665378,-1.5403574
1766255475.3745313,0.0167521,-0.326164,-1.5298359
1766255475.3810787,0.016915444,-0.32636666,-1.5251771
1766255475.3945723,0.017227845,-0.32675514,-1.515829
1766255475.4027781,0.017377708,-0.32694134,-1.5111403
1766255475.414653,0.017523732,-0.3271226,-1.5064423
1766255475.4215918,0.017666224,-0.32729924,-1.5017377
1766255475.4350843,0.01794468,-0.32761887,-1.4923028
1766255475.4427354,0.018079227,-0.32777303,-1.4875726
1766255475.4546273,0.018210812,-0.3279236,-1.482834
1766255475.4618592,0.018339517,-0.32807064,-1.4780875
1766255475.4750295,0.018588597,-0.3283544,-1.4685748
1766255475.483087,0.018709123,-0.32849124,-1.4638069
1766255475.4952576,0.018827112,-0.32862496,-1.4590312
1766255475.501936,0.018927349,-0.32875106,-1.4542482
1766255475.5150964,0.019192643,-0.32918164,-1.4497056
1766255475.5221913,0.019452902,-0.3296018,-1.4451492
1766255475.535448,0.019958625,-0.3304118,-1.4359974
1766255475.542392,0.0202043,-0.33080187,-1.4314018
1766255475.5557508,0.020681871,-0.3315526,-1.4221724
1766255475.5644498,0.020910088,-0.33190346,-1.4175389
1766255475.5757341,0.021133834,-0.33224496,-1.4128938
1766255475.582865,0.021353126,-0.33257723,-1.4082365
1766255475.5966682,0.021778528,-0.33321425,-1.3988863
1766255475.603495,0.021984803,-0.33351928,-1.3941934
1766255475.6164238,0.022186913,-0.3338155,-1.3894888
1766255475.6228518,0.022384875,-0.334103,-1.3847731
1766255475.6364727,0.022373663,-0.33414924,-1.3798032
1766255475.6433609,0.022360602,-0.33418682,-1.3748279
1766255475.6562593,0.022334514,-0.33425307,-1.3648608
1766255475.6633103,0.022321163,-0.33428153,-1.3598691
1766255475.676821,0.022292918,-0.3343289,-1.3498738
1766255475.6841583,0.022277623,-0.33434755,-1.3448681
1766255475.6960933,0.022261309,-0.33436272,-1.3398567
1766255475.703364,0.022243988,-0.33437428,-1.33484
1766255475.716868,0.022221101,-0.33439413,-1.3247913
1766255475.725261,0.022207806,-0.33439815,-1.3197614
1766255475.7368097,0.022193132,-0.33439827,-1.3147261
1766255475.7447367,0.022177078,-0.33439448,-1.3096858
1766255475.758329,0.02258313,-0.33385536,-1.2995747
1766255475.7653852,0.022995712,-0.33333054,-1.2945039
1766255475.777323,0.023382757,-0.33281738,-1.28943
1766255475.784171,0.023759896,-0.3323103,-1.2843513
1766255475.797371,0.024127463,-0.33180904,-1.2792681
1766255475.8047402,0.024485882,-0.3313132,-1.2741805
1766255475.8170094,0.025177162,-0.33033618,-1.2639927
1766255475.824866,0.025510788,-0.32985425,-1.2588949
1766255475.8382318,0.026154716,-0.3289019,-1.2486877
1766255475.8460243,0.026448093,-0.32843328,-1.2435786
1766255475.857642,0.026734082,-0.32796818,-1.2384659
1766255475.864839,0.027012836,-0.3275067,-1.2333498
1766255475.8775349,0.027549475,-0.32659477,-1.2231115
1766255475.8859172,0.02720733,-0.32657588,-1.2179481
1766255475.8975272,0.026872387,-0.32655197,-1.2127825
1766255475.9051497,0.026544282,-0.32652333,-1.2076151
1766255475.9184628,0.025927335,-0.32644135,-1.1972748
1766255475.9260526,0.025627477,-0.32639438,-1.1921045
1766255475.938303,0.02533283,-0.32634372,-1.1869324
1766255475.9451802,0.02504278,-0.32628965,-1.1817589
1766255475.9580445,0.024756823,-0.32623246,-1.1765839
1766255475.9656065,0.024474746,-0.32617238,-1.1714076
1766255475.9784186,0.02392157,-0.32604432,-1.1610545
1766255475.9857848,0.02366454,-0.32597718,-1.1558778
1766255475.9993033,0.023160337,-0.32583672,-1.1455216
1766255476.0065002,0.02323823,-0.3259584,-1.140625
1766255476.0185194,0.023311267,-0.32607493,-1.1357201
1766255476.0260448,0.023379495,-0.32618648,-1.1308082
1766255476.0387318,0.023443049,-0.3262932,-1.1258886
1766255476.0461357,0.023502165,-0.3263952,-1.1209615
1766255476.0593355,0.023600465,-0.32658333,-1.1110858
1766255476.0665007,0.0236403,-0.32666972,-1.1061376
1766255476.080302,0.023710288,-0.32683015,-1.096223
1766255476.0876155,0.023740623,-0.3269044,-1.0912561
1766255476.099966,0.023767987,-0.32697466,-1.0862831
1766255476.106939,0.023792453,-0.32704088,-1.0813042
1766255476.1199162,0.023814127,-0.32710302,-1.0763196
1766255476.1268978,0.023833152,-0.32716107,-1.0713295
1766255476.139678,0.02387949,-0.32725167,-1.0607035
1766255476.1469896,0.023913806,-0.32728207,-1.0550834
1766255476.1610389,0.023974849,-0.32733533,-1.0438753
1766255476.1680784,0.02400175,-0.32735822,-1.0382866
1766255476.1800604,0.024026291,-0.3273787,-1.0327119
1766255476.1876543,0.024048464,-0.3273967,-1.0271466
1766255476.2006342,0.024081722,-0.32741264,-1.0215906
1766255476.2077823,0.02411259,-0.32742584,-1.0160437
1766255476.2207167,0.024167404,-0.32744384,-1.0049762
1766255476.2280693,0.024191229,-0.32744855,-0.99945927
1766255476.241611,0.024231743,-0.32744953,-0.9884508
1766255476.2492547,0.024248414,-0.32744583,-0.9829589
1766255476.2612078,0.023545211,-0.32795444,-0.97740966
1766255476.2682164,0.022831323,-0.32844388,-0.9718694
1766255476.2813585,0.021444857,-0.3293804,-0.96082497
1766255476.289674,0.020771438,-0.3298284,-0.9553156
1766255476.3015716,0.020110622,-0.33026353,-0.94981456
1766255476.3084974,0.019461753,-0.33068618,-0.94432193
1766255476.3225176,0.018197423,-0.33149588,-0.93336195
1766255476.3297768,0.0175813,-0.33188364,-0.9278989
1766255476.341379,0.016963147,-0.3322694,-0.92244375
1766255476.3491788,0.016355116,-0.3326443,-0.9169967
1766255476.3619525,0.0151681155,-0.33336213,-0.9061265
1766255476.3708603,0.014588797,-0.3337054,-0.9007032
1766255476.3820472,0.014018703,-0.33403847,-0.8952918
1766255476.3890276,0.013452049,-0.333759,-0.88998467
1766255476.4025002,0.01234662,-0.33320597,-0.8793874
1766255476.4102316,0.011763918,-0.33292767,-0.8740972
1766255476.4221685,0.011190427,-0.33265066,-0.8688128
1766255476.4291563,0.010626108,-0.33237445,-0.86353827
1766255476.442891,0.0095246965,-0.3318232,-0.85300636
1766255476.451156,0.008987317,-0.33154765,-0.8477488
1766255476.462096,0.008458674,-0.3312719,-0.8424968
1766255476.4696703,0.007938684,-0.33099568,-0.8372505
1766255476.4831924,0.0069112,-0.33044237,-0.82677984
1766255476.4908783,0.006410445,-0.33016473,-0.82155234
1766255476.5024729,0.005918336,-0.32988638,-0.8163298
1766255476.510023,0.0054348297,-0.32960734,-0.81111234
1766255476.5226064,0.0033689009,-0.32902598,-0.8003495
1766255476.531143,0.002367454,-0.3287344,-0.7949869
1766255476.542885,0.0013863766,-0.32844213,-0.78963286
1766255476.5500627,0.00041196233,-0.32814437,-0.7842872
1766255476.5640366,-0.0014798408,-0.32754737,-0.77362037
1766255476.57119,-0.0023983037,-0.32724833,-0.76829857
1766255476.583386,-0.003299193,-0.32694918,-0.7629891
1766255476.5905988,-0.0041830214,-0.3266499,-0.75768685
1766255476.6034298,-0.005050155,-0.32635066,-0.7523917
1766255476.611311,-0.005900981,-0.32605153,-0.74710333
1766255476.6242197,-0.0075547867,-0.32545418,-0.7365462
1766255476.6308346,-0.008349013,-0.32516193,-0.73128265
1766255476.6442125,-0.0087680165,-0.3251728,-0.720759
1766255476.651595,-0.008973996,-0.32516894,-0.7155058
1766255476.6641126,-0.0091774,-0.32515922,-0.710258
1766255476.6711104,-0.009377998,-0.32514393,-0.7050157
1766255476.6841273,-0.0097699175,-0.3250975,-0.694555
1766255476.6924353,-0.009956609,-0.32506567,-0.6893318
1766255476.7042763,-0.010139686,-0.32502916,-0.68411326
1766255476.7113667,-0.010318971,-0.3249882,-0.6788994
1766255476.7247639,-0.010665776,-0.32489362,-0.6684852
1766255476.732936,-0.010833065,-0.32484043,-0.66329
1766255476.7446048,-0.010996134,-0.32478353,-0.65809876
1766255476.7518365,-0.011154958,-0.32472312,-0.6529114
1766255476.76494,-0.011309524,-0.32465935,-0.64772797
1766255476.7721944,-0.011039405,-0.32497796,-0.6420612
1766255476.7846758,-0.0105210785,-0.32558584,-0.63078445
1766255476.792261,-0.01027236,-0.32587567,-0.62517357
1766255476.8058867,-0.009794412,-0.32642844,-0.6139968
1766255476.813257,-0.009564629,-0.32669193,-0.60843
1766255476.8256557,-0.00934073,-0.3269472,-0.6028771
1766255476.8323343,-0.009117854,-0.3272046,-0.59734607
1766255476.8451858,-0.008688967,-0.32769558,-0.58632344
1766255476.8547852,-0.008482573,-0.32792932,-0.5808313
1766255476.8654015,-0.008281485,-0.32815546,-0.57535154
1766255476.8730247,-0.008085578,-0.3283742,-0.56988406
1766255476.8859937,-0.007708452,-0.32879037,-0.5590004
1766255476.89409,-0.0075465245,-0.3288879,-0.55379623
1766255476.9066737,-0.007388232,-0.32898134,-0.54859746
1766255476.9132025,-0.0072367033,-0.32907456,-0.54340416
1766255476.9263086,-0.006944137,-0.329248,-0.5330342
1766255476.9350524,-0.006802914,-0.32932818,-0.5278641
1766255476.9460478,-0.0066649723,-0.32940388,-0.52269906
1766255476.9538236,-0.00653029,-0.3294751,-0.51753914
1766255476.9677305,-0.0062708696,-0.32960418,-0.50723433
1766255476.9748807,-0.006146167,-0.3296619,-0.5020892
1766255476.9873843,-0.0060444702,-0.32971188,-0.49695507
1766255476.9943008,-0.0059456313,-0.3297574,-0.49182546
1766255477.0070992,-0.005756329,-0.32983503,-0.48157942
1766255477.0163777,-0.005686039,-0.3300634,-0.4761031
1766255477.0280128,-0.005618018,-0.33028287,-0.4706396
1766255477.035032,-0.0055522677,-0.3304937,-0.4651972
1766255477.048352,-0.005435274,-0.33089465,-0.45434818
1766255477.0558639,-0.0053837197,-0.33108506,-0.44894078
1766255477.0680182,-0.00533396,-0.33126736,-0.44354433
1766255477.075116,-0.0052859825,-0.33144167,-0.43815863
1766255477.0889897,-0.004958125,-0.3320217,-0.42937684
1766255477.0979147,-0.0042453227,-0.33300686,-0.42888817
1766255477.1090617,-0.0034025672,-0.3340361,-0.42886502
1766255477.1157792,-0.0025103523,-0.33517042,-0.42890477
1766255477.1292303,-0.00059547223,-0.33776614,-0.42897663
1766255477.1371698,0.0003737906,-0.33916706,-0.42898923
1766255477.1503065,0.001290924,-0.34068197,-0.42994317
1766255477.155689,0.0021670172,-0.34213164,-0.430848
1766255477.168642,0.0038488545,-0.34484705,-0.4324404
1766255477.1777868,0.004661043,-0.34610352,-0.433106
1766255477.189346,0.005437532,-0.3472798,-0.43367726
1766255477.1958249,0.006177094,-0.3483658,-0.43414673
1766255477.2102466,0.007458758,-0.35023987,-0.4348004
1766255477.2174678,0.007919426,-0.3510225,-0.43502373
1766255477.2297997,0.008383604,-0.35182363,-0.4351727
1766255477.2362173,0.008742836,-0.3526342,-0.4353022
1766255477.2497656,0.009371573,-0.35430068,-0.43571126
1766255477.258577,0.009782831,-0.35504368,-0.43617558
1766255477.2701643,0.0096235555,-0.35555333,-0.43609586
1766255477.2770176,0.009381183,-0.35600284,-0.43602127
1766255477.2909622,0.008725321,-0.35666156,-0.43604046
1766255477.298862,0.008385692,-0.35701513,-0.43592897
1766255477.3115609,0.007963653,-0.35726926,-0.4359227
1766255477.3171184,0.0075337575,-0.3575017,-0.43593988
1766255477.329209,0.0070869206,-0.3577157,-0.43596032
1766255477.337445,0.0066127395,-0.3578955,-0.43597606
1766255477.3508832,0.005699125,-0.35822847,-0.4360153
1766255477.357378,0.005254744,-0.35839573,-0.4360347
1766255477.3715897,0.0043840986,-0.3587448,-0.4360729
1766255477.3790703,0.0039606686,-0.35891697,-0.43609142
1766255477.3912318,0.0035460002,-0.35908777,-0.43611443
1766255477.3975673,0.003172637,-0.35943085,-0.4358832
1766255477.4111586,0.00246167,-0.36008638,-0.43543702
1766255477.4193044,0.0021141097,-0.3604092,-0.43522173
1766255477.4309967,0.0017721854,-0.3607287,-0.43501213
1766255477.437827,0.0014351474,-0.36104506,-0.4348138
1766255477.4514463,0.001102844,-0.3613584,-0.43461996
1766255477.458013,0.0007752989,-0.3616686,-0.43443143
1766255477.471938,0.00012297052,-0.36228088,-0.4340656
1766255477.4781773,-0.00020217456,-0.36258277,-0.43388876
1766255477.4921875,-0.00052267907,-0.36288247,-0.4337235
1766255477.4989738,-0.00083866005,-0.36318004,-0.43356183
1766255477.5113144,-0.0014476966,-0.36376795,-0.43319938
1766255477.518654,-0.0017512012,-0.36405846,-0.43304873
1766255477.5319226,-0.0017944217,-0.36466554,-0.43340072
1766255477.5387852,-0.0018398641,-0.36526412,-0.43374303
1766255477.552417,-0.0019546384,-0.366429,-0.43440875
1766255477.5589006,-0.002015777,-0.36699918,-0.43472788
1766255477.5720212,-0.0021447353,-0.36811653,-0.43534005
1766255477.5819166,-0.002212084,-0.36866438,-0.4356336
1766255477.5927684,-0.0022810416,-0.36920545,-0.43592376
1766255477.599067,-0.0023513827,-0.36974,-0.43620598
1766255477.6131468,-0.0024762414,-0.37077534,-0.43674716
1766255477.6208477,-0.0025401628,-0.37128446,-0.43700665
1766255477.6328428,-0.002604863,-0.37178826,-0.43725905
1766255477.63941,-0.0026711926,-0.37228602,-0.43750906
1766255477.6531448,-0.0028535062,-0.3729719,-0.4369322
1766255477.6615553,-0.002946482,-0.3733107,-0.43665576
1766255477.6726909,-0.003040826,-0.3736461,-0.43638662
1766255477.6797485,-0.0031273789,-0.37398008,-0.43612468
1766255477.693547,-0.0033034224,-0.37463984,-0.4356367
1766255477.701325,-0.0033936785,-0.37496483,-0.43540218
1766255477.71332,-0.0034847325,-0.37528738,-0.43517393
1766255477.7197442,-0.0035767122,-0.37560743,-0.43495175
1766255477.7335024,-0.0036697933,-0.37592462,-0.4347352
1766255477.7398765,-0.003763675,-0.3762393,-0.43452427
1766255477.7536085,-0.003958255,-0.3768615,-0.43413174
1766255477.7601857,-0.004058859,-0.37716892,-0.4339427
1766255477.774168,-0.0041603753,-0.37747383,-0.4337584
1766255477.7802627,-0.004659535,-0.37773463,-0.43324068
1766255477.7940934,-0.005635216,-0.37825122,-0.43225843
1766255477.8004498,-0.006111678,-0.3785078,-0.4317931
1766255477.8141031,-0.0065815626,-0.3787622,-0.43134072
1766255477.820742,-0.007043973,-0.37901604,-0.43090165
1766255477.8335981,-0.007942514,-0.37952456,-0.43006054
1766255477.8409028,-0.008382488,-0.37977672,-0.42966715
1766255477.855406,-0.0092435805,-0.38027856,-0.4289142
1766255477.8621974,-0.009665562,-0.3805278,-0.42855382
1766255477.873986,-0.010081902,-0.38077608,-0.42820376
1766255477.880822,-0.010492207,-0.3810241,-0.4278639
1766255477.894923,-0.011354053,-0.38151792,-0.42723125
1766255477.902632,-0.011786883,-0.38132054,-0.42743412
1766255477.9142625,-0.012214231,-0.38113242,-0.42763266
1766255477.9215481,-0.012635701,-0.380954,-0.42782718
1766255477.9361556,-0.013052728,-0.3807835,-0.4280173
1766255477.9414802,-0.013464625,-0.38062182,-0.42820355
1766255477.9554613,-0.014273418,-0.38032365,-0.4285753
1766255477.9618213,-0.014690373,-0.38017735,-0.42875546
1766255477.9753225,-0.015509725,-0.3799081,-0.42910478
1766255477.9831674,-0.015912326,-0.37978476,-0.42927408
1766255477.9956367,-0.016310336,-0.37966865,-0.42944616
1766255478.0018775,-0.016703872,-0.3795596,-0.42961472
1766255478.0161517,-0.017478073,-0.37936178,-0.42994153
1766255478.0229824,-0.018154653,-0.37917367,-0.43011087
1766255478.0352697,-0.01883299,-0.37899414,-0.43027714
1766255478.0421982,-0.01950065,-0.3788231,-0.4304454
1766255478.0560172,-0.020804672,-0.37850606,-0.43077296
1766255478.0637712,-0.021441782,-0.3783594,-0.43093228
1766255478.0757737,-0.022069002,-0.3782208,-0.4310888
1766255478.082519,-0.022686888,-0.3780897,-0.43124247
1766255478.096234,-0.023895456,-0.3778498,-0.43155137
1766255478.1038148,-0.0244864,-0.37774083,-0.43170163
1766255478.115894,-0.025069969,-0.3776358,-0.43184906
1766255478.1232316,-0.025645271,-0.37753767,-0.4319938
1766255478.1358662,-0.02621263,-0.3774462,-0.43213585
1766255478.1430001,-0.026772039,-0.37736145,-0.4322753
1766255478.156067,-0.027415749,-0.37750056,-0.43223262
1766255478.1630518,-0.027510017,-0.37771896,-0.43205482
1766255478.1774476,-0.027721385,-0.3781564,-0.4317186
1766255478.1841824,-0.027838152,-0.3783755,-0.4315597
1766255478.1959043,-0.027956257,-0.3785962,-0.43141437
1766255478.2036715,-0.028076932,-0.37881726,-0.4312744
1766255478.2170267,-0.028322032,-0.37926376,-0.43101043
1766255478.2250056,-0.028447041,-0.37948862,-0.43088594
1766255478.2370088,-0.028573819,-0.37971437,-0.43076622
1766255478.2440097,-0.028701909,-0.37994134,-0.4306578
1766255478.2588065,-0.028925184,-0.38037467,-0.43045366
1766255478.26566,-0.029039055,-0.3805932,-0.43035766
1766255478.277817,-0.028593944,-0.38000277,-0.430594
1766255478.2844582,-0.028163552,-0.37943178,-0.43082553
1766255478.2978504,-0.027345123,-0.37834623,-0.43128365
1766255478.3058982,-0.02695619,-0.37783065,-0.4315058
1766255478.3175027,-0.026579726,-0.37733296,-0.43172348
1766255478.3245351,-0.0262183,-0.376865,-0.431937
1766255478.3389845,-0.02553519,-0.37597483,-0.4323511
1766255478.3460786,-0.025211193,-0.37555307,-0.43255743
1766255478.3583746,-0.024898462,-0.37514624,-0.4327596
1766255478.365024,-0.024596686,-0.37475392,-0.43295783
1766255478.378489,-0.024024803,-0.37401107,-0.43334264
1766255478.3864422,-0.023735143,-0.37365502,-0.4335293
1766255478.3983612,-0.02345491,-0.37331238,-0.43371773
1766255478.405293,-0.023124408,-0.37262368,-0.43438604
1766255478.419475,-0.02250064,-0.3713019,-0.43567204
1766255478.4262369,-0.02220499,-0.37066862,-0.436256
1766255478.4384613,-0.021920089,-0.37005144,-0.43675548
1766255478.4453628,-0.021645468,-0.36945266,-0.43734628
1766255478.4595819,-0.021380797,-0.36887118,-0.4379222
1766255478.4656851,-0.021155024,-0.3683142,-0.43848443
1766255478.4793003,-0.020731198,-0.3672485,-0.43956682
1766255478.4858587,-0.020532211,-0.36673957,-0.4400879
1766255478.5000782,-0.020160146,-0.36576632,-0.44109598
1766255478.507521,-0.019986138,-0.36530188,-0.4415814
1766255478.5192275,-0.019821161,-0.3648504,-0.4420545
1766255478.5260663,-0.019662853,-0.36441386,-0.44251624
1766255478.539299,-0.018871596,-0.36315647,-0.44464687
1766255478.5481277,-0.018495595,-0.36255255,-0.44566944
1766255478.5595636,-0.018133568,-0.3619632,-0.4466657
1766255478.5664375,-0.017782938,-0.36139038,-0.44763702
1766255478.5802288,-0.017119087,-0.36028832,-0.44950506
1766255478.5881424,-0.016805269,-0.3597584,-0.45040432
1766255478.5996442,-0.016501624,-0.3592437,-0.45127985
1766255478.6067183,-0.016209928,-0.3587448,-0.45213318
1766255478.620212,-0.015657363,-0.35778785,-0.45377663
1766255478.6287832,-0.015395942,-0.35732916,-0.4545679
1766255478.6399148,-0.015145625,-0.35688177,-0.45533925
1766255478.646861,-0.014903805,-0.35644767,-0.4560903
1766255478.661332,-0.015622639,-0.35551563,-0.45723742
1766255478.6683736,-0.015975583,-0.35506967,-0.45778888
1766255478.6809785,-0.016319305,-0.3546438,-0.45832562
1766255478.6876268,-0.016658101,-0.35423148,-0.45884874
1766255478.7007287,-0.017329212,-0.35343912,-0.45985112
1766255478.7097147,-0.017659439,-0.3530609,-0.46033302
1766255478.7214177,-0.017988835,-0.3526919,-0.46080202
1766255478.7277775,-0.018313983,-0.35233524,-0.4612591
1766255478.7415783,-0.018960316,-0.35165042,-0.46213722
1766255478.7489202,-0.019285789,-0.35133126,-0.46255887
1766255478.7609003,-0.019610338,-0.35102078,-0.46296927
1766255478.7679071,-0.019933498,-0.3507193,-0.4633688
1766255478.7818792,-0.020252977,-0.35042885,-0.46375814
1766255478.7883036,-0.020689532,-0.35013124,-0.46440935
1766255478.8015823,-0.021550406,-0.3495623,-0.46565804
1766255478.8082595,-0.021975657,-0.34929004,-0.46625644
1766255478.8225324,-0.022814933,-0.34873265,-0.4674065
1766255478.8297315,-0.023228044,-0.34846732,-0.4679594
1766255478.8422112,-0.02363971,-0.34820813,-0.46849772
1766255478.848682,-0.024048166,-0.34795654,-0.46901992
1766255478.861847,-0.02485345,-0.3474778,-0.47002456
1766255478.8712296,-0.02525284,-0.34724814,-0.47050747
1766255478.8821623,-0.025649367,-0.34702545,-0.470978
1766255478.8888528,-0.026041266,-0.34681123,-0.47143674
1766255478.902612,-0.026801411,-0.34637266,-0.47231457
1766255478.9104416,-0.026885198,-0.34645426,-0.47225556
1766255478.9229093,-0.026970204,-0.3465388,-0.4721976
1766255478.9291835,-0.027059386,-0.3466237,-0.47214034
1766255478.9426167,-0.027247284,-0.3467966,-0.47202808
1766255478.952036,-0.027345207,-0.34688517,-0.47197354
1766255478.9630785,-0.02744379,-0.34697682,-0.47191986
1766255478.9698696,-0.027567742,-0.3470593,-0.47186676
1766255478.983851,-0.027822912,-0.34722802,-0.47176215
1766255478.9914572,-0.02795337,-0.34731477,-0.4717107
1766255479.004008,-0.02808941,-0.34738612,-0.47154298
1766255479.009942,-0.028266512,-0.3474056,-0.4714265
1766255479.0237062,-0.028642623,-0.3475347,-0.4712551
1766255479.0320294,-0.029111437,-0.34732124,-0.4712735
1766255479.0431328,-0.029562168,-0.3471262,-0.47129062
1766255479.0502644,-0.029994817,-0.3469492,-0.47130668
1766255479.064748,-0.030817343,-0.34664166,-0.4713359
1766255479.0717902,-0.031258132,-0.34647045,-0.4713471
1766255479.0840096,-0.031700857,-0.34630182,-0.47135708
1766255479.090672,-0.0321383,-0.3461417,-0.47136635
1766255479.1044638,-0.03300199,-0.34584114,-0.47138023
1766255479.111968,-0.033427436,-0.3457015,-0.47138605
1766255479.1240737,-0.033850405,-0.34556708,-0.47139072
1766255479.1309907,-0.03427759,-0.3454339,-0.471395
1766255479.1448321,-0.035122246,-0.34518507,-0.47140118
1766255479.1522648,-0.035540637,-0.34506804,-0.47140303
1766255479.164874,-0.03575887,-0.34489602,-0.47156268
1766255479.171207,-0.035978064,-0.34472978,-0.47171807
1766255479.1847184,-0.036416706,-0.34441796,-0.4720144
1766255479.192823,-0.036635753,-0.3442722,-0.47215632
1766255479.2052393,-0.036857553,-0.34413335,-0.47229317
1766255479.2114277,-0.03707832,-0.34400168,-0.47242635
1766255479.2252016,-0.037301153,-0.34387392,-0.47255537
1766255479.2318237,-0.03752207,-0.34375376,-0.47268108
1766255479.2454152,-0.03796632,-0.34352767,-0.47292152
1766255479.2516813,-0.038187273,-0.3434238,-0.47303534
1766255479.2653418,-0.038630307,-0.34323025,-0.47325325
1766255479.2737677,-0.038852908,-0.3431398,-0.47335753
1766255479.28562,-0.03883376,-0.34253216,-0.47333115
1766255479.2920706,-0.038821526,-0.34193793,-0.47330472
1766255479.3054855,-0.038813017,-0.34079173,-0.47325054
1766255479.3134913,-0.038817003,-0.34023842,-0.4732237
1766255479.3258035,-0.03882606,-0.33969805,-0.47319698
1766255479.3323433,-0.038838927,-0.33917132,-0.47317067
1766255479.3457506,-0.038883716,-0.3381536,-0.473118
1766255479.3547993,-0.03891242,-0.33766472,-0.47309124
1766255479.3667483,-0.038947415,-0.33718535,-0.47306442
1766255479.372537,-0.038986776,-0.3367169,-0.47303778
1766255479.3859642,-0.039028626,-0.33626065,-0.47301158
1766255479.3930292,-0.039075825,-0.33581364,-0.47298542
1766255479.4064097,-0.039181672,-0.33494988,-0.47293273
1766255479.4128547,-0.03924898,-0.33490857,-0.4724391
1766255479.4256494,-0.039434034,-0.33486763,-0.47148922
1766255479.4354606,-0.039528757,-0.33484927,-0.47103223
1766255479.4465864,-0.03962767,-0.33482993,-0.4705864
1766255479.45314,-0.03972894,-0.33481127,-0.47015426
1766255479.4671373,-0.039936,-0.33477846,-0.46932212
1766255479.4742422,-0.04004412,-0.3347623,-0.46892124
1766255479.4876044,-0.04015448,-0.3347471,-0.46853024
1766255479.4935179,-0.04028166,-0.33473426,-0.46814892
1766255479.5063522,-0.04054132,-0.3347124,-0.46741766
1766255479.5158007,-0.040674966,-0.33470234,-0.46706522
1766255479.5274746,-0.040810496,-0.3346935,-0.46672133
1766255479.5342305,-0.040947303,-0.3346864,-0.46638578
1766255479.5475216,-0.041434933,-0.3346125,-0.46560872
1766255479.5542166,-0.04191742,-0.33453915,-0.46485168
1766255479.567465,-0.042838152,-0.33437258,-0.46340418
1766255479.5742705,-0.0432765,-0.3342801,-0.46270832
1766255479.5877733,-0.044118453,-0.3340902,-0.46117392
1766255479.5966177,-0.044550385,-0.3339845,-0.46052304
1766255479.6078212,-0.044976424,-0.33389422,-0.45990565
1766255479.6154385,-0.045385726,-0.3338153,-0.4593042
1766255479.628451,-0.046164457,-0.33367932,-0.45814422
1766255479.6364422,-0.046570957,-0.3335856,-0.4575769
1766255479.6483803,-0.046967737,-0.33351162,-0.45703495
1766255479.6549082,-0.047349058,-0.33344838,-0.45651123
1766255479.668791,-0.04804227,-0.3323061,-0.45434734
1766255479.6767135,-0.048408907,-0.33172533,-0.45329636
1766255479.6883256,-0.048771773,-0.33116934,-0.45228207
1766255479.6955595,-0.049120583,-0.33063424,-0.45129296
1766255479.709111,-0.049793754,-0.32962006,-0.4494021
1766255479.7164378,-0.050139334,-0.3291232,-0.44849008
1766255479.7287881,-0.050482422,-0.32863703,-0.44760033
1766255479.7355397,-0.050823532,-0.32816118,-0.44673213
1766255479.7494688,-0.051162064,-0.3276953,-0.44588506
1766255479.7557502,-0.051497653,-0.32724014,-0.4450588
1766255479.769656,-0.05216029,-0.32636085,-0.44348148
1766255479.775847,-0.052489143,-0.32593438,-0.44272095
1766255479.78951,-0.052809887,-0.32553506,-0.4419787
1766255479.7958884,-0.052997727,-0.32485202,-0.44133556
1766255479.810132,-0.05337514,-0.32353207,-0.44010085
1766255479.815812,-0.05356466,-0.32289436,-0.4395083
1766255479.8296168,-0.05394766,-0.321659,-0.43836302
1766255479.8373618,-0.054139815,-0.32106218,-0.43781012
1766255479.849146,-0.05433396,-0.32047725,-0.43726957
1766255479.8563902,-0.05452986,-0.31988934,-0.4367491
1766255479.8685691,-0.05472545,-0.31931517,-0.43624064
1766255479.8763826,-0.054922972,-0.31875208,-0.43574342
1766255479.8896935,-0.055319186,-0.3176627,-0.4347826
1766255479.896406,-0.055517837,-0.31713578,-0.43431845
1766255479.9104705,-0.055718947,-0.31661832,-0.4338723
1766255479.9168556,-0.05591904,-0.3161134,-0.4334365
1766255479.9299204,-0.05611982,-0.31565958,-0.4309981
1766255479.9369416,-0.056217212,-0.31543568,-0.4298226
1766255479.9513626,-0.056422304,-0.3150011,-0.4275544
1766255479.9583273,-0.056529325,-0.31479087,-0.4264728
1766255479.9708362,-0.056639064,-0.3145854,-0.4254166
1766255479.9773679,-0.05675027,-0.31438574,-0.42438534
1766255479.9911041,-0.056865875,-0.31418905,-0.4233778
1766255479.9975936,-0.056983452,-0.31399745,-0.42239377
1766255480.0105405,-0.057213515,-0.3136142,-0.42050505
1766255480.0177872,-0.05733259,-0.3134289,-0.41959873
1766255480.0321999,-0.0574529,-0.31324914,-0.41871327
1766255480.037775,-0.0575774,-0.313072,-0.4178476
1766255480.0510933,-0.057708435,-0.31352454,-0.4164151
1766255480.0579178,-0.057779107,-0.31374252,-0.41573182
1766255480.0716689,-0.05785234,-0.31395593,-0.41506264
1766255480.0781581,-0.05790686,-0.31415296,-0.41440734
1766255480.0915985,-0.058026854,-0.3145322,-0.4131363
1766255480.0983746,-0.058090422,-0.31471622,-0.41252014
1766255480.1125832,-0.058224373,-0.31507444,-0.41134876
1766255480.1197011,-0.05829595,-0.31524718,-0.41078028
1766255480.1326284,-0.058369916,-0.3154165,-0.41022316
1766255480.1386502,-0.058445603,-0.3155831,-0.40967718
1766255480.1516366,-0.058599994,-0.31590536,-0.4086177
1766255480.1601727,-0.05868146,-0.3160612,-0.40811443
1766255480.171876,-0.05947315,-0.31626657,-0.40793994
1766255480.1788652,-0.06024941,-0.3164715,-0.4077666
1766255480.1923716,-0.061765727,-0.31687307,-0.4074226
1766255480.1998127,-0.062505394,-0.31707087,-0.40725204
1766255480.2122352,-0.06323247,-0.31726745,-0.40709236
1766255480.2196825,-0.06394677,-0.3174633,-0.40693367
1766255480.2325382,-0.06465547,-0.31765306,-0.40677562
1766255480.2393472,-0.06535326,-0.3178412,-0.40661842
1766255480.2527983,-0.06671701,-0.31821322,-0.40630665
1766255480.2595391,-0.06738252,-0.31839815,-0.4061621
1766255480.2736025,-0.06868901,-0.31876045,-0.40587467
1766255480.2807577,-0.06932882,-0.31893942,-0.40573195
1766255480.2933073,-0.06896449,-0.31955132,-0.40529335
1766255480.2999156,-0.06861364,-0.32015297,-0.40486404
1766255480.313488,-0.06827532,-0.3207452,-0.40445435
1766255480.319938,-0.06795215,-0.32132578,-0.40405303
1766255480.332832,-0.0673444,-0.32245755,-0.403275
1766255480.3400729,-0.06705899,-0.32300925,-0.4028979
1766255480.3544505,-0.066521406,-0.32408702,-0.40216658
1766255480.3619597,-0.06627974,-0.32461873,-0.40182257
1766255480.3736868,-0.06604929,-0.32514137,-0.4014853
1766255480.3809001,-0.06582911,-0.3256557,-0.40115464
1766255480.3937929,-0.065418236,-0.32666025,-0.40051246
1766255480.401689,-0.06522689,-0.32715088,-0.40020064
1766255480.4137692,-0.06504279,-0.32763553,-0.3999056
1766255480.4208255,-0.06406427,-0.32824808,-0.39923754
1766255480.4344885,-0.0631122,-0.3288499,-0.3985842
1766255480.440812,-0.062197164,-0.32944745,-0.39794534
1766255480.4537184,-0.0604389,-0.33061355,-0.3967091
1766255480.4609406,-0.059594464,-0.3311825,-0.3961236
1766255480.474778,-0.057971977,-0.3322932,-0.39498964
1766255480.4832962,-0.057190973,-0.33283687,-0.39444065
1766255480.49443,-0.056431837,-0.33337098,-0.3939031
1766255480.5011709,-0.055693403,-0.33389625,-0.39337668
1766255480.5151474,-0.054262944,-0.33490595,-0.39238098
1766255480.5228007,-0.053575914,-0.33539912,-0.39189816
1766255480.534267,-0.05290704,-0.33588472,-0.391425
1766255480.5415187,-0.052255835,-0.33636287,-0.39096123
1766255480.554823,-0.049994037,-0.33729967,-0.38980827
1766255480.5634823,-0.048904177,-0.33775896,-0.38914385
1766255480.574926,-0.04785103,-0.3381878,-0.3885533
1766255480.5820549,-0.04684057,-0.3386102,-0.38802385
1766255480.5962162,-0.044854052,-0.33948153,-0.3870035
1766255480.6028943,-0.043877795,-0.3399234,-0.38650668
1766255480.6151984,-0.042918675,-0.3403647,-0.38603196
1766255480.6220222,-0.04200646,-0.34078112,-0.38556394
1766255480.635892,-0.04025687,-0.34159225,-0.38465154
1766255480.6436093,-0.039414253,-0.34197614,-0.3842068
1766255480.6557689,-0.038593434,-0.34235424,-0.38376915
1766255480.662546,-0.037792843,-0.34272784,-0.38335234
1766255480.676739,-0.035040915,-0.34350714,-0.38133237
1766255480.6840663,-0.033715386,-0.34389007,-0.38035503
1766255480.6960106,-0.03242356,-0.3442673,-0.37939826
1766255480.7027004,-0.031162422,-0.34464127,-0.37846217
1766255480.7162554,-0.028780786,-0.34535766,-0.376683
1766255480.7243695,-0.027633678,-0.34571037,-0.37582085
1766255480.736297,-0.02651552,-0.34605834,-0.3749762
1766255480.7429433,-0.025424609,-0.3464029,-0.37414908
1766255480.7572122,-0.024361888,-0.34674242,-0.37333864
1766255480.7630801,-0.023324493,-0.3470793,-0.37254497
1766255480.7763822,-0.021327695,-0.34774065,-0.37103865
1766255480.783163,-0.02036685,-0.3480654,-0.3703077
1766255480.7967076,-0.019424314,-0.34839272,-0.36959153
1766255480.803507,-0.018410206,-0.34869668,-0.36901534
1766255480.8170924,-0.01645362,-0.34929186,-0.36790845
1766255480.8236525,-0.015509411,-0.3495838,-0.36737692
1766255480.8372822,-0.013690318,-0.35015297,-0.36633867
1766255480.845343,-0.012812163,-0.35043254,-0.365832
1766255480.8570364,-0.011961001,-0.35070643,-0.36533305
1766255480.863778,-0.011128632,-0.35097802,-0.3648583
1766255480.8768609,-0.009525697,-0.35150766,-0.3639297
1766255480.8859172,-0.008751905,-0.35176805,-0.36347598
1766255480.8969624,-0.007998476,-0.35202318,-0.36302862
1766255480.9044278,-0.007261496,-0.3522764,-0.3625881
1766255480.9176776,-0.0065434678,-0.3525251,-0.36217096
1766255480.9245267,-0.0058433386,-0.35276982,-0.36175954
1766255480.9376934,-0.004260581,-0.3523138,-0.3618439
1766255480.9446557,-0.0034981915,-0.3520933,-0.36187735
1766255480.9581063,-0.0020294543,-0.35166615,-0.36192855
1766255480.966295,-0.0013221297,-0.35145935,-0.36196056
1766255480.978314,-0.00062979327,-0.35125914,-0.3619876
1766255480.9852536,4.505267e-05,-0.35106272,-0.3620094
1766255480.9993632,0.0013258178,-0.35068926,-0.36203864
1766255481.0062704,0.0019344318,-0.3505135,-0.36204663
1766255481.0186796,0.0025266337,-0.3503403,-0.36206353
1766255481.0253277,0.0031045703,-0.3501712,-0.36207584
1766255481.0384164,0.003670325,-0.35000765,-0.36208397
1766255481.0465856,0.0042212303,-0.34984684,-0.36208773
1766255481.0587764,0.005126947,-0.34993792,-0.36166343
1766255481.065818,0.0055656442,-0.34998363,-0.3614682
1766255481.07976,0.0063917395,-0.3500695,-0.3610807
1766255481.0867608,0.0067897434,-0.3501109,-0.36088845
1766255481.0990887,0.007178767,-0.35015208,-0.3606972
1766255481.1058013,0.0075595607,-0.35019365,-0.3605071
1766255481.1189575,0.008290235,-0.35027215,-0.36015806
1766255481.1282501,0.008642248,-0.35031074,-0.35998425
1766255481.1388125,0.008987429,-0.35035053,-0.3598111
1766255481.1471086,0.009324488,-0.3503884,-0.35963827
1766255481.1605132,0.00997363,-0.35046232,-0.35929373
1766255481.16838,0.010286182,-0.3504991,-0.3591378
1766255481.1804318,0.010302385,-0.3503131,-0.35934955
1766255481.1865513,0.010318197,-0.35013333,-0.35955173
1766255481.2000525,0.010341558,-0.34978622,-0.35992777
1766255481.2086987,0.010348365,-0.34962052,-0.36010236
1766255481.2203243,0.010353588,-0.34945962,-0.36028075
1766255481.2270954,0.010359055,-0.3493049,-0.3604506
1766255481.241598,0.010362228,-0.34900662,-0.36076495
1766255481.2484965,0.010361173,-0.3488638,-0.36091003
1766255481.260785,0.0103585245,-0.34872523,-0.36104736
1766255481.2671835,0.010354297,-0.34859076,-0.36118978
1766255481.280473,0.010348499,-0.34846035,-0.36132458
1766255481.2877853,0.010358988,-0.34834275,-0.3614521
1766255481.300902,0.010819458,-0.34818473,-0.36219367
1766255481.3079467,0.01126018,-0.34814265,-0.36279437
1766255481.3220901,0.012084222,-0.34800342,-0.36376125
1766255481.3291392,0.0123972595,-0.34789965,-0.36423716
1766255481.3418274,0.012752322,-0.3478394,-0.36475268
1766255481.3480282,0.0131273465,-0.34779748,-0.36527246
1766255481.3616555,0.013842535,-0.34776673,-0.3662597
1766255481.3700433,0.014205244,-0.34776753,-0.3667379
1766255481.3820922,0.014570586,-0.34777877,-0.3672002
1766255481.3883293,0.014929087,-0.3477929,-0.3676468
1766255481.403032,0.015532697,-0.34775415,-0.3684896
1766255481.4098482,0.015818415,-0.3477334,-0.36888865
1766255481.4219327,0.01609621,-0.3477098,-0.3692832
1766255481.428946,0.016877094,-0.34806946,-0.36878395
1766255481.4423025,0.018380696,-0.34877175,-0.36780998
1766255481.4508536,0.019104548,-0.34911478,-0.3673348
1766255481.4629722,0.01981044,-0.34945264,-0.36686715
1766255481.4692488,0.020500526,-0.3497873,-0.36642155
1766255481.4830086,0.021829316,-0.35044175,-0.36555347
1766255481.490613,0.022468656,-0.35076144,-0.3651281
1766255481.5031352,0.023097157,-0.35107726,-0.36470893
1766255481.5097904,0.023709292,-0.35138783,-0.36429527
1766255481.5230355,0.024890635,-0.35199836,-0.36351594
1766255481.5320315,0.025460647,-0.35229856,-0.36313376
1766255481.543727,0.026015628,-0.35259393,-0.36275598
1766255481.5502653,0.026558729,-0.35288718,-0.36238298
1766255481.563727,0.026985427,-0.35248595,-0.36254308
1766255481.5703511,0.027436348,-0.35208023,-0.36269295
1766255481.5840127,0.028309898,-0.35130677,-0.362987
1766255481.5906959,0.028733613,-0.35093883,-0.36311993
1766255481.6042652,0.02914717,-0.35058123,-0.36324352
1766255481.6109612,0.02955195,-0.35023475,-0.3633583
1766255481.624,0.03036877,-0.34956852,-0.36347622
1766255481.6314306,0.0307549,-0.34925106,-0.3635754
1766255481.6457489,0.031452335,-0.34858254,-0.3636762
1766255481.6524374,0.031821854,-0.3482821,-0.36373577
1766255481.6646433,0.032202244,-0.34800217,-0.36381128
1766255481.6711898,0.0325851,-0.34773856,-0.36389193
1766255481.683422,0.032573506,-0.34815204,-0.3641503
1766255481.691658,0.03253939,-0.34854922,-0.36440367
1766255481.7046099,0.03250535,-0.3493591,-0.36488366
1766255481.7118213,0.032501597,-0.34975594,-0.36510256
1766255481.72547,0.032440864,-0.35048553,-0.36552432
1766255481.73267,0.032423455,-0.35086018,-0.3657269
1766255481.744716,0.032416724,-0.351238,-0.36591965
1766255481.7520247,0.03242048,-0.35161904,-0.366103
1766255481.7648127,0.032405805,-0.35233274,-0.3664261
1766255481.7732708,0.032382935,-0.3526795,-0.36659327
1766255481.7858443,0.03237216,-0.35303152,-0.36675143
1766255481.7919602,0.032368172,-0.3533827,-0.36690137
1766255481.8063085,0.032872386,-0.35357124,-0.36743695
1766255481.8132024,0.033363376,-0.35343462,-0.36783266
1766255481.8257895,0.033855867,-0.3533154,-0.3682226
1766255481.8321104,0.034347806,-0.3532115,-0.36859813
1766255481.845318,0.03531416,-0.35303393,-0.36930615
1766255481.854416,0.035766512,-0.35294202,-0.36963868
1766255481.8657355,0.0361931,-0.3528638,-0.3699581
1766255481.8728094,0.03660978,-0.35279065,-0.37027383
1766255481.886396,0.037418943,-0.3526633,-0.37086818
1766255481.8940043,0.0378114,-0.35260803,-0.37114733
1766255481.9058592,0.03819592,-0.35255793,-0.37141484
1766255481.9127293,0.038571447,-0.35251132,-0.3716706
1766255481.9266715,0.03930182,-0.35243398,-0.3721703
1766255481.9346614,0.039510515,-0.35214972,-0.3724584
1766255481.9461365,0.03971485,-0.35187465,-0.37273455
1766255481.9533844,0.0399159,-0.35160935,-0.37299922
1766255481.9675953,0.04030663,-0.35110527,-0.37349534
1766255481.9746273,0.040496215,-0.35086572,-0.3737371
1766255481.9869862,0.04068352,-0.35063562,-0.37396863
1766255481.9936287,0.040865775,-0.35041198,-0.37418947
1766255482.0070276,0.0412713,-0.35000739,-0.37460178
1766255482.015378,0.041469336,-0.34981677,-0.37479374
1766255482.0267408,0.041662812,-0.3496322,-0.37498626
1766255482.0341265,0.041852914,-0.34945458,-0.37516955
1766255482.047892,0.042223882,-0.34911993,-0.37550965
1766255482.0557194,0.04243406,-0.3494751,-0.37512013
1766255482.0676467,0.0426397,-0.34982228,-0.37473565
1766255482.074449,0.042830806,-0.35015738,-0.37436917
1766255482.0880709,0.043204244,-0.35080907,-0.37364978
1766255482.0956986,0.04338733,-0.35112658,-0.37329668
1766255482.1078873,0.043566313,-0.35143718,-0.3729475
1766255482.1146278,0.0437419,-0.3517416,-0.37260225
1766255482.1291955,0.044087153,-0.3523364,-0.37194774
1766255482.1361947,0.04425465,-0.35262498,-0.3716253
1766255482.1478775,0.044404242,-0.3529301,-0.37130657
1766255482.1546361,0.044550367,-0.3532292,-0.37099075
1766255482.1675928,0.04483663,-0.35381365,-0.3703681
1766255482.1770425,0.044976257,-0.35409883,-0.37007433
1766255482.1882753,0.04487664,-0.35440004,-0.37015107
1766255482.1950529,0.04478151,-0.35469672,-0.37022138
1766255482.2094712,0.044603046,-0.3552761,-0.37034333
1766255482.2170718,0.04450838,-0.35554892,-0.37039515
1766255482.2287843,0.04441904,-0.35581893,-0.37045246
1766255482.2354865,0.044331912,-0.35608363,-0.37050375
1766255482.2484403,0.0441663,-0.3565996,-0.37058944
1766255482.2567568,0.044089984,-0.3568532,-0.37062445
1766255482.2689514,0.044015456,-0.35710192,-0.37065426
1766255482.2758143,0.043943208,-0.35734636,-0.37068927
1766255482.2894402,0.043882206,-0.35755488,-0.3707189
1766255482.2958705,0.043825578,-0.35776177,-0.3707438
1766255482.3091946,0.043089736,-0.35798505,-0.37074164
1766255482.316072,0.042425692,-0.3580061,-0.37071595
1766255482.3287292,0.041778184,-0.3580281,-0.37069815
1766255482.3361304,0.041147366,-0.35805163,-0.37067702
1766255482.3491294,0.03992682,-0.3580968,-0.37062427
1766255482.3566682,0.039336737,-0.3581275,-0.37059307
1766255482.3704789,0.03819995,-0.35819167,-0.37052152
1766255482.3776257,0.03765004,-0.35822308,-0.3704916
1766255482.3900895,0.037112806,-0.35825473,-0.37045848
1766255482.3968055,0.036587864,-0.35828656,-0.37042224
1766255482.4108033,0.036074866,-0.35831857,-0.3703829
1766255482.4166949,0.03557525,-0.35835224,-0.3703408
1766255482.429972,0.03460645,-0.3584016,-0.37025824
1766255482.436909,0.03450719,-0.35862464,-0.3703154
1766255482.4514585,0.034312047,-0.35905933,-0.37041208
1766255482.458576,0.03421672,-0.35927176,-0.370452
1766255482.4703314,0.034123693,-0.35948172,-0.37048656
1766255482.4771616,0.034029994,-0.35968688,-0.3705256
1766255482.4910293,0.03384609,-0.3600876,-0.37058756
1766255482.4990652,0.033744194,-0.3602787,-0.37061077
1766255482.5111897,0.033643674,-0.360467,-0.37062898
1766255482.5178335,0.033544566,-0.36065254,-0.37064233
1766255482.5313947,0.033448644,-0.36083698,-0.37066203
1766255482.5376885,0.033352904,-0.36101794,-0.37067676
1766255482.550933,0.033164486,-0.36137164,-0.37069198
1766255482.558257,0.033072434,-0.36154506,-0.37069276
1766255482.571426,0.033450484,-0.36197916,-0.3709932
1766255482.5792248,0.033631433,-0.3621875,-0.37114093
1766255482.5910368,0.033809356,-0.36239544,-0.37128058
1766255482.5979948,0.033981364,-0.36260054,-0.37141216
1766255482.611797,0.03431076,-0.36300442,-0.37165222
1766255482.6196065,0.03446904,-0.36320376,-0.37176117
1766255482.6318073,0.034623217,-0.36340144,-0.37187302
1766255482.6381924,0.034773447,-0.36359754,-0.37197766
1766255482.651726,0.03508377,-0.36397073,-0.37216607
1766255482.6600995,0.035233337,-0.3641552,-0.3722503
1766255482.6715415,0.035379954,-0.36433885,-0.3723281
1766255482.6787877,0.03552431,-0.36452207,-0.37240994
1766255482.6925776,0.035922587,-0.3645114,-0.372614
1766255482.6999357,0.036114156,-0.36451054,-0.37270853
1766255482.7119815,0.03629196,-0.36452362,-0.37279835
1766255482.719021,0.036465187,-0.36453936,-0.3728835
1766255482.7320786,0.03679841,-0.36457846,-0.37305954
1766255482.7410429,0.036958627,-0.36460167,-0.37314063
1766255482.7528007,0.037114777,-0.36462718,-0.3732173
1766255482.7591968,0.037266944,-0.36465493,-0.37328964
1766255482.7735205,0.03756038,-0.3647173,-0.37342182
1766255482.7804701,0.03771816,-0.36476028,-0.37349096
1766255482.7924795,0.037870344,-0.3648036,-0.37355587
1766255482.7998288,0.038018886,-0.36484873,-0.37361676
1766255482.8128724,0.038163885,-0.3648956,-0.3736737
1766255482.8203526,0.038224764,-0.36455348,-0.37421834
1766255482.8331807,0.038315408,-0.36384127,-0.3750713
1766255482.8400016,0.03827447,-0.36346382,-0.37549847
1766255482.8539677,0.038359027,-0.3628527,-0.37644535
1766255482.8624344,0.038444612,-0.36258584,-0.3769075
1766255482.874657,0.038540214,-0.36233735,-0.37735534
1766255482.8805776,0.038645748,-0.36210695,-0.3777956
1766255482.8939965,0.03884698,-0.36166966,-0.37863564
1766255482.902952,0.038903363,-0.3614305,-0.379034
1766255482.9145384,0.038957104,-0.36119872,-0.37941965
1766255482.920803,0.039008275,-0.36097416,-0.37979296
1766255482.9355073,0.039145768,-0.3605345,-0.38051587
1766255482.9426858,0.039018117,-0.36013183,-0.38063145
1766255482.954597,0.038891487,-0.3597381,-0.38074172
1766255482.9612427,0.03876584,-0.3593531,-0.38084677
1766255482.9744554,0.038517386,-0.3586081,-0.3810405
1766255482.9834368,0.0383944,-0.35824805,-0.38113964
1766255482.9943345,0.03827881,-0.35787866,-0.38123387
1766255483.0016844,0.038163684,-0.35751694,-0.38132244
1766255483.0158825,0.037936125,-0.35681593,-0.38148513
1766255483.0232768,0.03782372,-0.35647634,-0.3815594
1766255483.0357003,0.037712205,-0.3561437,-0.38163683
1766255483.0418234,0.037601575,-0.3558179,-0.38170955
1766255483.0554867,0.03749179,-0.35549873,-0.3817777
1766255483.0619895,0.03738286,-0.35518596,-0.38184136
1766255483.0750542,0.03757507,-0.3547013,-0.3818251
1766255483.081851,0.03766382,-0.3544648,-0.38182104
1766255483.0958893,0.037829004,-0.3540046,-0.3818033
1766255483.103554,0.037912168,-0.35377812,-0.38176396
1766255483.11607,0.038003102,-0.35354912,-0.38167173
1766255483.1218822,0.038073365,-0.3533324,-0.38165465
1766255483.1351507,0.038235456,-0.35288918,-0.3816072
1766255483.1444726,0.038281266,-0.35267007,-0.38152075
1766255483.1552737,0.038357556,-0.35247585,-0.3814779
1766255483.1623454,0.038448688,-0.3522966,-0.38145548
1766255483.1768377,0.038596526,-0.35191268,-0.3813866
1766255483.1837568,0.038648967,-0.351721,-0.38136458
1766255483.1960475,0.038811494,-0.3515937,-0.38162866
1766255483.2024488,0.03898161,-0.35147285,-0.38188252
1766255483.2164712,0.03928693,-0.3512059,-0.38234207
1766255483.2249978,0.039417062,-0.35107464,-0.38256603
1766255483.2360976,0.039554965,-0.35095626,-0.38278803
1766255483.2429202,0.039698485,-0.35084873,-0.38300103
1766255483.2573054,0.039978802,-0.35063326,-0.38338706
1766255483.2645779,0.040068094,-0.35051557,-0.3835695
1766255483.2767997,0.040164925,-0.3504142,-0.38374805
1766255483.2832434,0.040269032,-0.3503239,-0.3839251
1766255483.296943,0.040474616,-0.35014302,-0.38424346
1766255483.3054767,0.04054427,-0.3500369,-0.3843928
1766255483.3171048,0.0409124,-0.34983274,-0.3844976
1766255483.323612,0.041281093,-0.3496417,-0.384596
1766255483.3373253,0.0420191,-0.34929717,-0.38479012
1766255483.3448777,0.042363137,-0.3491374,-0.38487732
1766255483.3573787,0.042682007,-0.34896863,-0.3849575
1766255483.3638666,0.04299187,-0.3488037,-0.3850318
1766255483.376616,0.043586448,-0.3484864,-0.38516417
1766255483.3866692,0.043871455,-0.34833348,-0.38522914
1766255483.396985,0.044148594,-0.3481843,-0.38528877
1766255483.4038916,0.044418085,-0.3480387,-0.38534322
1766255483.4182477,0.04468008,-0.34789672,-0.38539276
1766255483.424546,0.04492172,-0.3477516,-0.38543728
1766255483.437637,0.045386877,-0.3474738,-0.38551962
1766255483.4445395,0.045511506,-0.34731275,-0.38565144
1766255483.4580953,0.0456302,-0.34715447,-0.3857764
1766255483.4648633,0.0457455,-0.3470009,-0.38589492
1766255483.4782634,0.04596163,-0.34670332,-0.38611278
1766255483.4846966,0.04606842,-0.34656364,-0.38621873
1766255483.4984999,0.046270512,-0.34629527,-0.38641307
1766255483.505916,0.04636489,-0.34616533,-0.38650152
1766255483.518806,0.046456464,-0.3460396,-0.38658473
1766255483.525026,0.046542488,-0.3459152,-0.38666221
1766255483.5386157,0.046626486,-0.34579548,-0.3867421
1766255483.545678,0.04670567,-0.34567752,-0.3868165
1766255483.5583918,0.046850037,-0.34546328,-0.38695058
1766255483.5653732,0.046913717,-0.34536505,-0.38701016
1766255483.5793529,0.04769254,-0.34529477,-0.38741562
1766255483.5855005,0.048450943,-0.34522724,-0.38780698
1766255483.5989294,0.04991339,-0.3451044,-0.38855997
1766255483.6056404,0.050616764,-0.34504732,-0.38891673
1766255483.6192307,0.051303614,-0.34499428,-0.389261
1766255483.6258476,0.05197505,-0.34494576,-0.38959333
1766255483.6390324,0.053269442,-0.34485275,-0.39022738
1766255483.646137,0.053895105,-0.34481245,-0.39053017
1766255483.6594105,0.05509984,-0.3447386,-0.3911025
1766255483.6670148,0.055682667,-0.34470758,-0.39137307
1766255483.679617,0.05625029,-0.3446779,-0.39163327
1766255483.685968,0.05680486,-0.34465107,-0.39188895
1766255483.6997242,0.057657223,-0.34366736,-0.3930943
1766255483.708102,0.05806688,-0.34319445,-0.39366987
1766255483.7203283,0.058466714,-0.34273437,-0.39422816
1766255483.7266984,0.05885877,-0.34228832,-0.39476988
1766255483.739869,0.0596122,-0.34142956,-0.39581057
1766255483.7476604,0.059975147,-0.34101716,-0.39630735
1766255483.760062,0.06033116,-0.34061733,-0.39678922
1766255483.7665253,0.06068159,-0.34022492,-0.39725628
1766255483.7799222,0.06135631,-0.33946982,-0.39814776
1766255483.7880497,0.061683383,-0.33910862,-0.39857647
1766255483.800329,0.062001407,-0.33875576,-0.3989918
1766255483.8071215,0.062311195,-0.33841157,-0.39939418
1766255483.8212602,0.06293662,-0.33818358,-0.4007221
1766255483.8279784,0.063254036,-0.3382916,-0.40163437
1766255483.8408186,0.06353292,-0.33839893,-0.40252152
1766255483.847385,0.06380441,-0.33850488,-0.4033841
1766255483.8605156,0.064327836,-0.3387144,-0.40503827
1766255483.86891,0.06458186,-0.33881956,-0.40583128
1766255483.880747,0.06482856,-0.33892307,-0.4066022
1766255483.887985,0.06506874,-0.33902547,-0.4073509
1766255483.9015427,0.06552957,-0.33921945,-0.40878633
1766255483.9089034,0.065750524,-0.3393112,-0.4094742
1766255483.9211876,0.06596797,-0.33940417,-0.41014305
1766255483.9279902,0.06617899,-0.33949578,-0.41079316
1766255483.9412754,0.06638434,-0.33958662,-0.4114243
1766255483.9483593,0.066584736,-0.33967716,-0.4120378
1766255483.9613314,0.067132585,-0.33923888,-0.41274866
1766255483.9686668,0.067395076,-0.33903018,-0.413088
1766255483.9816463,0.06792657,-0.33858234,-0.41373536
1766255483.9892664,0.06818004,-0.33836707,-0.41404468
1766255484.0019534,0.068426184,-0.33815777,-0.41434428
1766255484.0088105,0.0686652,-0.33795422,-0.4146344
1766255484.0225067,0.068897285,-0.33775622,-0.41491526
1766255484.0291123,0.06912259,-0.33756357,-0.4151871
1766255484.0417776,0.06955604,-0.33719566,-0.41570625
1766255484.0494173,0.06976787,-0.33701086,-0.41595364
1766255484.0629673,0.07017325,-0.33665526,-0.41642386
1766255484.070555,0.07068867,-0.33661842,-0.41696098
1766255484.0827231,0.07119199,-0.33658338,-0.41748267
1766255484.089599,0.07168352,-0.33655003,-0.41798908
1766255484.1031542,0.07263434,-0.3364896,-0.4189585
1766255484.1111915,0.07309305,-0.33646142,-0.41942218
1766255484.1227288,0.07355605,-0.33643764,-0.41987228
1766255484.1300685,0.07400868,-0.33641523,-0.42030925
1766255484.1443143,0.07488411,-0.33637458,-0.42114317
1766255484.1511657,0.075307496,-0.33635625,-0.42154187
1766255484.162959,0.075721696,-0.33633924,-0.42192885
1766255484.1705112,0.07612699,-0.3363235,-0.4223044
1766255484.182897,0.07691191,-0.3362958,-0.42302245
1766255484.1918995,0.077303916,-0.3362873,-0.4233647
1766255484.2032259,0.07764194,-0.33611003,-0.42301813
1766255484.2104998,0.077972054,-0.33593777,-0.42267844
1766255484.2227619,0.07829509,-0.33577082,-0.4223455
1766255484.2306983,0.078611255,-0.33560905,-0.42201906
1766255484.2437615,0.0792236,-0.33530045,-0.4213887
1766255484.2507226,0.07952009,-0.3351533,-0.42108425
1766255484.2641528,0.08007559,-0.33486596,-0.42049205
1766255484.272719,0.08034449,-0.33472887,-0.42020386
1766255484.2837543,0.08060767,-0.33459595,-0.41992068
1766255484.291416,0.08086524,-0.33446714,-0.41964546
1766255484.3051014,0.08136602,-0.33421665,-0.41894794
1766255484.3124876,0.081590146,-0.33406788,-0.4186728
1766255484.3244112,0.081490085,-0.333675,-0.41742662
1766255484.3311002,0.08139584,-0.3333108,-0.41620913
1766255484.3444529,0.08131797,-0.33296585,-0.41502833
1766255484.3515415,0.0812559,-0.3326395,-0.41387466
1766255484.3644986,0.08110272,-0.33198184,-0.41164294
1766255484.371791,0.08102316,-0.33166012,-0.4105646
1766255484.386194,0.08087103,-0.33103955,-0.40847945
1766255484.392974,0.08079432,-0.33071932,-0.40748012
1766255484.4050229,0.08071885,-0.33040535,-0.4065024
1766255484.4123063,0.08064672,-0.3300998,-0.40554634
1766255484.4254103,0.08057621,-0.32980064,-0.40461084
1766255484.432454,0.080508314,-0.3295089,-0.40369567
1766255484.4456677,0.08037739,-0.32894385,-0.40193313
1766255484.4524853,0.08035202,-0.32834825,-0.40070608
1766255484.4663498,0.080326565,-0.32776392,-0.39950746
1766255484.472587,0.08032208,-0.32719165,-0.39833605
1766255484.4855368,0.080314934,-0.32608217,-0.39607066
1766255484.4925723,0.08031169,-0.32554373,-0.39498714
1766255484.5063171,0.08030789,-0.32450086,-0.39289126
1766255484.5142007,0.08030733,-0.32399583,-0.3918777
1766255484.5262413,0.080305815,-0.32349926,-0.3908858
1766255484.533043,0.080314,-0.32301104,-0.38991567
1766255484.5471256,0.08033106,-0.32206205,-0.3880611
1766255484.5544982,0.080339946,-0.3216008,-0.38716334
1766255484.566002,0.08034944,-0.32114837,-0.38628462
1766255484.5733712,0.080360696,-0.32070568,-0.3854247
1766255484.5866904,0.08038404,-0.3205271,-0.3851671
1766255484.5933714,0.08040826,-0.32035202,-0.38491204
1766255484.6066744,0.08045214,-0.3200051,-0.38442498
1766255484.613699,0.08046884,-0.31983146,-0.3841847
1766255484.6276956,0.080483176,-0.319658,-0.38394606
1766255484.6336398,0.08049864,-0.31948805,-0.38370976
1766255484.6466072,0.080524854,-0.31915087,-0.38325134
1766255484.6538112,0.080538504,-0.31898633,-0.38302943
1766255484.6677485,0.08055044,-0.3188225,-0.38280913
1766255484.6741185,0.08056122,-0.31865993,-0.38259053
1766255484.6875305,0.08057298,-0.31834176,-0.38215908
1766255484.69425,0.0805718,-0.31818408,-0.3819537
1766255484.7084076,0.079007365,-0.3170888,-0.38148534
1766255484.7155743,0.07825173,-0.31655416,-0.38125446
1766255484.7273827,0.077514336,-0.316029,-0.38102597
1766255484.7344778,0.07679526,-0.3155137,-0.38079992
1766255484.7481802,0.07543311,-0.3145111,-0.38037118
1766255484.7557697,0.074791156,-0.3140254,-0.3801597
1766255484.768454,0.07416529,-0.3135485,-0.37995026
1766255484.7746875,0.07355221,-0.31307763,-0.3797424
1766255484.7884123,0.07236862,-0.31215823,-0.3793321
1766255484.7960987,0.071798526,-0.31171036,-0.37913865
1766255484.807926,0.07123959,-0.3112677,-0.3789464
1766255484.814884,0.07069329,-0.31083164,-0.37875557
1766255484.8285327,0.06938821,-0.30999207,-0.37803647
1766255484.8364513,0.0686458,-0.3095634,-0.3775161
1766255484.8483074,0.06791957,-0.30913922,-0.37701502
1766255484.85526,0.067209035,-0.3087194,-0.37652287
1766255484.8695931,0.06583599,-0.30789465,-0.3755646
1766255484.876601,0.065170325,-0.30748755,-0.3750978
1766255484.8895767,0.06451887,-0.30708453,-0.37463897
1766255484.895441,0.06387725,-0.30668816,-0.37419793
1766255484.908787,0.06324979,-0.30629626,-0.37376422
1766255484.9157114,0.0626372,-0.30590913,-0.37333772
1766255484.929875,0.061446693,-0.30514318,-0.37250495
1766255484.935844,0.060869943,-0.30476573,-0.37209845
1766255484.9502425,0.0597525,-0.30402213,-0.37132433
1766255484.9575,0.05932689,-0.30374536,-0.3705798
1766255484.970543,0.0589104,-0.3034607,-0.36985087
1766255484.9766147,0.0585019,-0.30317634,-0.36913732
1766255484.9896555,0.05770804,-0.30260864,-0.36775467
1766255484.9985657,0.05732237,-0.30232537,-0.36709774
1766255485.0095687,0.0569458,-0.30204406,-0.36645442
1766255485.0170257,0.056575164,-0.30176225,-0.3658241
1766255485.0309443,0.056210898,-0.30148044,-0.36520648
1766255485.036947,0.055854168,-0.3012068,-0.3646013
1766255485.0500062,0.055138856,-0.30060297,-0.36324614
1766255485.0568078,0.05470908,-0.3002661,-0.36261344
1766255485.0699446,0.054004785,-0.29969648,-0.36151904
1766255485.079837,0.053308465,-0.2993854,-0.3608088
1766255485.0903208,0.0526394,-0.2990849,-0.36011484
1766255485.0971334,0.051997278,-0.2987951,-0.3594506
1766255485.1110902,0.051380612,-0.29851562,-0.3588019
1766255485.117441,0.050783172,-0.2982392,-0.35816804
1766255485.1313586,0.049538925,-0.29761896,-0.35693806
1766255485.1373525,0.048931517,-0.2973073,-0.35634324
1766255485.15063,0.047751695,-0.29668677,-0.35522026
1766255485.159709,0.04717865,-0.29637787,-0.35467696
1766255485.170784,0.046616476,-0.29606992,-0.3541454
1766255485.1780343,0.046064865,-0.2957629,-0.35362527
1766255485.191701,0.04502757,-0.2951228,-0.35261673
1766255485.199307,0.044522896,-0.29480442,-0.35214272
1766255485.211637,0.044150613,-0.29479647,-0.3508845
1766255485.2180667,0.043783836,-0.29478168,-0.34965447
1766255485.2312803,0.04307205,-0.29473713,-0.34727883
1766255485.240422,0.042726744,-0.29470778,-0.34613168
1766255485.2514727,0.042386808,-0.29467246,-0.34502795
1766255485.2584546,0.042058155,-0.29463884,-0.3439493
1766255485.2720096,0.041417923,-0.29455674,-0.34186321
1766255485.279888,0.041106347,-0.2945088,-0.34085453
1766255485.2928174,0.040800624,-0.2944568,-0.3398679
1766255485.2986867,0.04050176,-0.29440203,-0.33892077
1766255485.3117971,0.039919045,-0.2942796,-0.33708668
1766255485.321408,0.03963553,-0.29421282,-0.3361987
1766255485.3319056,0.039309405,-0.2946007,-0.33621654
1766255485.3397763,0.038991675,-0.29497796,-0.33623078
1766255485.3536348,0.038374346,-0.2956958,-0.3362737
1766255485.360727,0.038077254,-0.2960396,-0.33628932
1766255485.373395,0.037785,-0.2963714,-0.33630085
1766255485.3793187,0.037499703,-0.29669356,-0.33630884
1766255485.3924558,0.036948178,-0.2973093,-0.3363147
1766255485.4018857,0.03668313,-0.29760867,-0.33632535
1766255485.412523,0.036424935,-0.29790002,-0.3363328
1766255485.4195542,0.036170565,-0.29818106,-0.33633673
1766255485.4339836,0.035680234,-0.29871985,-0.33633575
1766255485.4410784,0.035441674,-0.2989761,-0.33633074
1766255485.4535108,0.03520809,-0.29922456,-0.3363357
1766255485.4600215,0.03493826,-0.2998817,-0.33599895
1766255485.4730084,0.034344207,-0.30113307,-0.33534425
1766255485.48232,0.034056697,-0.30173546,-0.335026
1766255485.4937575,0.033777203,-0.3023246,-0.3347138
1766255485.5006433,0.033502594,-0.3028982,-0.33442235
1766255485.5141044,0.032970347,-0.3040029,-0.33385432
1766255485.5218742,0.032714114,-0.30453625,-0.3335777
1766255485.5345824,0.032461513,-0.30505496,-0.33330545
1766255485.5404398,0.032215044,-0.30556944,-0.33303767
1766255485.554147,0.03173899,-0.3065626,-0.33254358
1766255485.5623472,0.031507883,-0.3070409,-0.332302
1766255485.5750217,0.031280823,-0.307507,-0.33206385
1766255485.5808249,0.031058285,-0.30796176,-0.33182907
1766255485.5942225,0.030311704,-0.30836084,-0.3311991
1766255485.6022344,0.029966587,-0.3085451,-0.3309098
1766255485.6147726,0.029629707,-0.3087236,-0.3306266
1766255485.621316,0.029300855,-0.30889636,-0.33034942
1766255485.6348045,0.028668052,-0.3092266,-0.32981247
1766255485.6430795,0.028362421,-0.30938315,-0.32955226
1766255485.6553364,0.028063333,-0.30953377,-0.32931206
1766255485.6616664,0.027771167,-0.30967903,-0.3290766
1766255485.6745775,0.027485745,-0.30981904,-0.3288457
1766255485.6818573,0.027197093,-0.30995557,-0.3286194
1766255485.6951544,0.02663961,-0.31021407,-0.32818
1766255485.7017162,0.026369149,-0.31033483,-0.32798108
1766255485.7153482,0.025235642,-0.31047294,-0.32849663
1766255485.7235754,0.024688208,-0.31053573,-0.3287415
1766255485.7354963,0.024153154,-0.31059444,-0.32897803
1766255485.7420716,0.023631942,-0.31065062,-0.32920665
1766255485.7555137,0.022661343,-0.31077424,-0.3296639
1766255485.7633703,0.022192068,-0.31082982,-0.32988074
1766255485.775544,0.021733252,-0.31088158,-0.33009
1766255485.7823553,0.021284588,-0.31092954,-0.33029184
1766255485.7958603,0.020845754,-0.31097373,-0.33048645
1766255485.802682,0.020417102,-0.31101483,-0.33067408
1766255485.8161395,0.019587893,-0.31108686,-0.33105448
1766255485.8227758,0.019185606,-0.31111696,-0.33123425
1766255485.8360639,0.01856275,-0.3115545,-0.33166462
1766255485.843892,0.018337524,-0.31195137,-0.33191356
1766255485.856294,0.018116498,-0.3123381,-0.33216563
1766255485.863034,0.01789955,-0.31271493,-0.33240953
1766255485.8765588,0.017479904,-0.31344205,-0.33287367
1766255485.8851483,0.017274573,-0.31379086,-0.3330942
1766255485.896234,0.017072925,-0.3141308,-0.33330733
1766255485.9037368,0.016874904,-0.31446218,-0.33352533
1766255485.9174562,0.016454238,-0.31509438,-0.3339395
1766255485.9250453,0.016231837,-0.31539574,-0.334136
1766255485.9369051,0.01601309,-0.31568947,-0.33432564
1766255485.943584,0.0157979,-0.31597576,-0.3345086
1766255485.956886,0.015378424,-0.31652734,-0.33487913
1766255485.9658263,0.014265501,-0.31671274,-0.33470947
1766255485.977243,0.013173935,-0.31689098,-0.33454227
1766255485.9843726,0.012104894,-0.31706372,-0.33437753
1766255485.9979088,0.011057725,-0.31723112,-0.3342151
1766255486.0043075,0.010030657,-0.3173836,-0.3340549
1766255486.0185456,0.008037718,-0.31767324,-0.33376837
1766255486.024556,0.0070706583,-0.3178106,-0.33362758
1766255486.0381117,0.0051923837,-0.31807068,-0.33335054
1766255486.0460694,0.0042800778,-0.31819358,-0.33321413
1766255486.057578,0.0033849422,-0.31831184,-0.33309305
1766255486.0648324,0.0025064638,-0.31842548,-0.33297285
1766255486.0792994,0.0008443575,-0.3186663,-0.3325742
1766255486.086379,-0.00026754854,-0.3190654,-0.33258414
1766255486.0984843,-0.0013553579,-0.3194722,-0.33260837
1766255486.1049385,-0.0024055103,-0.3198796,-0.3326423
1766255486.1188083,-0.0044035884,-0.3206902,-0.33270058
1766255486.1275823,-0.0053761136,-0.3210757,-0.3327246
1766255486.138284,-0.0063462663,-0.32143658,-0.33274457
1766255486.1455865,-0.007305753,-0.32179454,-0.33276227
1766255486.1592402,-0.008247085,-0.32214186,-0.33278993
1766255486.165475,-0.009169655,-0.32247993,-0.3328147
1766255486.1789336,-0.010962408,-0.32312712,-0.33285517
1766255486.1855283,-0.0118329255,-0.32343733,-0.33287123
1766255486.199436,-0.01352592,-0.32403046,-0.33289468
1766255486.2071743,-0.014348131,-0.32431495,-0.33291483
1766255486.2191303,-0.015255129,-0.32473925,-0.33283785
1766255486.2261646,-0.016144672,-0.32515395,-0.3327593
1766255486.240687,-0.017876973,-0.3259514,-0.3326026
1766255486.2473755,-0.018720977,-0.32633442,-0.33252317
1766255486.2594101,-0.019549143,-0.3267089,-0.33245683
1766255486.2663786,-0.020364033,-0.3270728,-0.33238924
1766255486.2799804,-0.02116382,-0.32742864,-0.332321
1766255486.2867794,-0.021951081,-0.32777435,-0.33225152
1766255486.3006256,-0.023454314,-0.32843888,-0.33210996
1766255486.3067572,-0.024186209,-0.32875943,-0.33205152
1766255486.3208888,-0.025615046,-0.32937518,-0.33193067
1766255486.3280404,-0.026312545,-0.32967085,-0.33186838
1766255486.3403046,-0.02634718,-0.32949886,-0.33163828
1766255486.347065,-0.026384301,-0.32933015,-0.33141205
1766255486.360511,-0.026426619,-0.3291618,-0.33120227
1766255486.3672144,-0.026470583,-0.32899702,-0.3309959
1766255486.3804638,-0.026523001,-0.32865795,-0.3305914
1766255486.3873034,-0.026552849,-0.32849213,-0.33039367
1766255486.4019055,-0.026623098,-0.32816344,-0.33000597
1766255486.4091496,-0.026662659,-0.32800093,-0.32982934
1766255486.4208584,-0.026705336,-0.32783917,-0.32965475
1766255486.4277065,-0.02674874,-0.32768017,-0.32948256
1766255486.441314,-0.0267956,-0.32752126,-0.32931224
1766255486.4479141,-0.026837923,-0.3273676,-0.3291438
1766255486.4611535,-0.026926674,-0.327065,-0.3288264
1766255486.4679546,-0.026776854,-0.32729685,-0.32886532
1766255486.4822738,-0.026490413,-0.32774237,-0.32893273
1766255486.4888053,-0.026355423,-0.32795456,-0.32896116
1766255486.5010605,-0.026224414,-0.32816118,-0.32898635
1766255486.508548,-0.026096687,-0.328363,-0.3290205
1766255486.522085,-0.025870457,-0.3286961,-0.32907793
1766255486.52945,-0.02576166,-0.32885653,-0.32910195
1766255486.5417075,-0.025658013,-0.329011,-0.3291227
1766255486.548598,-0.025558798,-0.32916015,-0.32914028
1766255486.5622704,-0.025369806,-0.32944635,-0.3291924
1766255486.5702682,-0.02528103,-0.32958266,-0.3292137
1766255486.5827823,-0.025196357,-0.3297143,-0.32923186
1766255486.5890465,-0.025098676,-0.32984558,-0.32924697
1766255486.6023936,-0.024849802,-0.3299909,-0.3295513
1766255486.6091716,-0.024607033,-0.33013228,-0.32984525
1766255486.622944,-0.024146013,-0.33039784,-0.33042255
1766255486.6292799,-0.023925683,-0.33052373,-0.33069617
1766255486.643273,-0.023502283,-0.33076432,-0.3312151
1766255486.650941,-0.023250666,-0.33088553,-0.3314604
1766255486.6626422,-0.023005866,-0.33100247,-0.3317079
1766255486.6697783,-0.022767713,-0.3311152,-0.33194652
1766255486.6829944,-0.022307388,-0.3313303,-0.3323983
1766255486.6909754,-0.022087825,-0.3314309,-0.3326117
1766255486.7028208,-0.02187434,-0.33152762,-0.33281717
1766255486.7099707,-0.021666797,-0.33162057,-0.33302516
1766255486.723974,-0.021314045,-0.33177665,-0.33301988
1766255486.730025,-0.02096019,-0.33193615,-0.3330124
1766255486.7432785,-0.020280683,-0.33223993,-0.33299038
1766255486.7501414,-0.01995338,-0.33238542,-0.33297598
1766255486.7637203,-0.019322207,-0.3326645,-0.33296296
1766255486.771765,-0.019017354,-0.33279884,-0.33295292
1766255486.7843769,-0.018718641,-0.3329305,-0.3329407
1766255486.7905953,-0.018428912,-0.33305708,-0.3329261
1766255486.8051226,-0.017905058,-0.33329576,-0.33289045
1766255486.8114433,-0.017670225,-0.33340806,-0.3328425
1766255486.8243635,-0.017463217,-0.33345893,-0.3326768
1766255486.830763,-0.017333092,-0.33349988,-0.3325878
1766255486.8439467,-0.017425427,-0.33429813,-0.3324674
1766255486.853484,-0.017674949,-0.33501062,-0.3323797
1766255486.8637013,-0.017905824,-0.33571732,-0.3323042
1766255486.8709395,-0.018118188,-0.33641875,-0.33222824
1766255486.8846717,-0.018533945,-0.3377852,-0.3320761
1766255486.8920786,-0.018773174,-0.33841625,-0.33199742
1766255486.904367,-0.01901483,-0.33902803,-0.3319179
1766255486.9108396,-0.019251928,-0.3396267,-0.33184955
1766255486.9237864,-0.019713212,-0.34078622,-0.33171058
1766255486.9326222,-0.019937793,-0.34134775,-0.33164
1766255486.944367,-0.020158563,-0.34189758,-0.33156878
1766255486.9511073,-0.02037443,-0.34240308,-0.33149663
1766255486.9654171,-0.020794304,-0.343384,-0.3313726
1766255486.9730752,-0.021334698,-0.3434668,-0.33082068
1766255486.985146,-0.02186171,-0.34355068,-0.3302808
1766255486.991453,-0.022379065,-0.34363338,-0.329751
1766255487.004965,-0.022884404,-0.34371728,-0.32923225
1766255487.0117114,-0.023380293,-0.3438,-0.3287237
1766255487.024959,-0.024330823,-0.3439636,-0.32776517
1766255487.0318522,-0.024790986,-0.34404558,-0.3273
1766255487.046335,-0.025685081,-0.3442071,-0.32639605
1766255487.0529652,-0.026119314,-0.34428677,-0.3259568
1766255487.0658062,-0.026545042,-0.3443659,-0.32554096
1766255487.072517,-0.026961388,-0.3444456,-0.32513297
1766255487.085669,-0.027371446,-0.34452292,-0.32473195
1766255487.092619,-0.027782816,-0.34461978,-0.32433856
1766255487.105861,-0.027772415,-0.3444046,-0.32370254
1766255487.1127436,-0.027769856,-0.34430298,-0.32340744
1766255487.1262517,-0.027774898,-0.34410587,-0.32283095
1766255487.1340823,-0.027779542,-0.34401262,-0.3225497
1766255487.1459749,-0.027788145,-0.34392038,-0.3222726
1766255487.1527944,-0.027798345,-0.34383115,-0.3219999
1766255487.1662216,-0.027862128,-0.34366235,-0.32149616
1766255487.1746953,-0.02789695,-0.34358102,-0.32124978
1766255487.1859126,-0.027932333,-0.3435029,-0.32100722
1766255487.19376,-0.027971094,-0.34342524,-0.32076788
1766255487.207755,-0.028051026,-0.3432778,-0.32029977
1766255487.2142377,-0.028094416,-0.34320578,-0.32008523
1766255487.2264795,-0.028020578,-0.3434406,-0.31968966
1766255487.2336195,-0.027948564,-0.34367138,-0.31930166
1766255487.2464855,-0.027817834,-0.34411407,-0.31854644
1766255487.2557955,-0.027757106,-0.34432784,-0.3181791
1766255487.2667642,-0.027698442,-0.34453762,-0.31783307
1766255487.2738657,-0.027644688,-0.3447409,-0.31749278
1766255487.2881238,-0.02754566,-0.34513393,-0.31682962
1766255487.2951193,-0.027463846,-0.3453318,-0.3165065
1766255487.306343,-0.027387058,-0.3455237,-0.31618854
1766255487.3142986,-0.027313469,-0.34571126,-0.31589046
1766255487.3275864,-0.02724297,-0.3458947,-0.31559706
1766255487.334591,-0.027173687,-0.34607565,-0.3153084
1766255487.3474755,-0.027377699,-0.34642845,-0.314694
1766255487.3552234,-0.027640231,-0.34660244,-0.31437036
1766255487.3690429,-0.027895786,-0.34677407,-0.31406772
1766255487.3749902,-0.028162165,-0.34694973,-0.3137711
1766255487.3895874,-0.02867996,-0.34728995,-0.3131941
1766255487.395077,-0.028929947,-0.34745622,-0.3129136
1766255487.4080222,-0.029173654,-0.3476205,-0.31263828
1766255487.41535,-0.029410662,-0.34778333,-0.31236815
1766255487.4282086,-0.029872525,-0.34809884,-0.31187284
1766255487.435587,-0.03009588,-0.34825313,-0.31163156
1766255487.4488132,-0.030542148,-0.34855998,-0.3111614
1766255487.4571102,-0.030756777,-0.34871158,-0.31093252
1766255487.4694154,-0.03096877,-0.34885958,-0.31072205
1766255487.4754786,-0.03139896,-0.34882978,-0.3109087
1766255487.4886746,-0.0322338,-0.348778,-0.31126
1766255487.4980764,-0.032638967,-0.34875584,-0.3114251
1766255487.508668,-0.033036307,-0.34873602,-0.3115834
1766255487.5166197,-0.03345191,-0.348717,-0.31174746
1766255487.529537,-0.03386111,-0.3486992,-0.31190473
1766255487.536006,-0.034263514,-0.34868306,-0.3120554
1766255487.5503142,-0.035047002,-0.34865677,-0.31233785
1766255487.556135,-0.035428517,-0.34864646,-0.31247
1766255487.5696115,-0.036171634,-0.34863168,-0.312741
1766255487.578764,-0.036532428,-0.34862807,-0.31286782
1766255487.589493,-0.03685515,-0.3486271,-0.3129887
1766255487.596535,-0.03717256,-0.3486276,-0.31310403
1766255487.6105373,-0.03841171,-0.34855217,-0.31444672
1766255487.6179063,-0.039013613,-0.34851635,-0.31509772
1766255487.6298409,-0.039604202,-0.34848174,-0.31572983
1766255487.636747,-0.040183783,-0.34844828,-0.3163436
1766255487.6503656,-0.040752057,-0.34841642,-0.31693956
1766255487.6570256,-0.041308723,-0.3483866,-0.31751823
1766255487.6697402,-0.04238591,-0.3483463,-0.31863493
1766255487.677677,-0.042905234,-0.34833702,-0.31917372
1766255487.690064,-0.043916505,-0.34832054,-0.3202044
1766255487.6986113,-0.04440894,-0.3483133,-0.32069716
1766255487.7110677,-0.04489289,-0.3483067,-0.3211754
1766255487.7171056,-0.045368575,-0.34830064,-0.32164922
1766255487.7304316,-0.046586413,-0.34772113,-0.32238021
1766255487.739822,-0.047186423,-0.34745526,-0.3227284
1766255487.750585,-0.047779106,-0.34719545,-0.32306516
1766255487.7580647,-0.04836288,-0.34694293,-0.323391
1766255487.771842,-0.049504634,-0.34645894,-0.32402867
1766255487.7790663,-0.05006304,-0.34622714,-0.32433176
1766255487.7910244,-0.05061342,-0.34600186,-0.3246247
1766255487.798039,-0.051155955,-0.34578294,-0.32490772
1766255487.81088,-0.05221158,-0.3453608,-0.32544485
1766255487.8202345,-0.052725118,-0.34515724,-0.3257087
1766255487.8313723,-0.053231686,-0.3449594,-0.32596335
1766255487.837887,-0.053731475,-0.34476715,-0.326209
1766255487.8511362,-0.05422284,-0.34458175,-0.326446
1766255487.8583035,-0.054587804,-0.34480295,-0.3269765
1766255487.871762,-0.055309933,-0.34524116,-0.32799882
1766255487.8780525,-0.05567065,-0.3454418,-0.32836112
1766255487.8912492,-0.056526963,-0.34574464,-0.32914314
1766255487.9011652,-0.056894165,-0.34594765,-0.3295978
1766255487.9120667,-0.057239678,-0.34616455,-0.3300387
1766255487.9184737,-0.057569418,-0.34639063,-0.33047464
1766255487.932128,-0.057883345,-0.34662598,-0.33089763
1766255487.9388442,-0.058182653,-0.3468703,-0.3313085
1766255487.9522574,-0.058809556,-0.34733206,-0.33209243
1766255487.9587693,-0.059146583,-0.34754184,-0.33246553
1766255487.9720917,-0.059813015,-0.34796014,-0.33319432
1766255487.9821186,-0.059325308,-0.34827387,-0.33380428
1766255487.9929366,-0.058853257,-0.34858692,-0.33439615
1766255487.9993665,-0.058396395,-0.34889928,-0.33497047
1766255488.0130517,-0.057526235,-0.34952217,-0.33606824
1766255488.0211508,-0.057110384,-0.34982985,-0.3365983
1766255488.033586,-0.05670804,-0.3501363,-0.33711326
1766255488.039666,-0.056318816,-0.35044262,-0.33761117
1766255488.0528648,-0.055576883,-0.35105312,-0.33856365
1766255488.0624423,-0.055223677,-0.35135722,-0.33901817
1766255488.0732074,-0.054881796,-0.35166055,-0.33946535
1766255488.0804904,-0.054550882,-0.35196304,-0.33989877
1766255488.0945942,-0.054230604,-0.3522647,-0.34031877
1766255488.100434,-0.053877365,-0.3525582,-0.34072548
1766255488.1136932,-0.053010512,-0.35377118,-0.34077102
1766255488.1204374,-0.052594434,-0.35436893,-0.34079742
1766255488.133782,-0.05180133,-0.3555417,-0.34083897
1766255488.1426175,-0.05142075,-0.35611978,-0.3408548
1766255488.1545396,-0.05105257,-0.3566905,-0.340867
1766255488.161041,-0.050674282,-0.35724893,-0.34079933
1766255488.174557,-0.050024007,-0.35837337,-0.3408024
1766255488.1819224,-0.04971972,-0.35890907,-0.34079632
1766255488.194373,-0.049449876,-0.35943416,-0.34077498
1766255488.2011936,-0.04918599,-0.35996813,-0.34070992
1766255488.214937,-0.04860283,-0.36106813,-0.34070992
1766255488.222917,-0.048335303,-0.36158925,-0.34070155
1766255488.2342594,-0.048581734,-0.36278734,-0.3403943
1766255488.2416413,-0.048811086,-0.36397105,-0.3400952
1766255488.2552161,-0.049227867,-0.36630034,-0.33950955
1766255488.2629876,-0.049438693,-0.36741444,-0.339209
1766255488.2754552,-0.04966784,-0.3685017,-0.3389311
1766255488.2820332,-0.049882546,-0.36958385,-0.33866113
1766255488.2953334,-0.050083112,-0.37065637,-0.33839455
1766255488.3019638,-0.050270773,-0.37171873,-0.3381314
1766255488.3147519,-0.050666522,-0.3737648,-0.3375981
1766255488.3221407,-0.05087949,-0.37476373,-0.33735415
1766255488.3363733,-0.051262792,-0.37674102,-0.3368747
1766255488.3430405,-0.05144104,-0.37770903,-0.33663365
1766255488.3552616,-0.051643573,-0.37873873,-0.3361047
1766255488.3621387,-0.05184282,-0.37976488,-0.3355997
1766255488.375512,-0.05217671,-0.38179806,-0.3346434
1766255488.385643,-0.05231424,-0.38280365,-0.33417952
1766255488.3957262,-0.052443273,-0.3837972,-0.33372465
1766255488.4025593,-0.05259093,-0.38475707,-0.33327705
1766255488.41692,-0.052885476,-0.38662472,-0.33240718
1766255488.4239583,-0.053028323,-0.38753653,-0.33199564
1766255488.436096,-0.053168353,-0.3884341,-0.3315918
1766255488.4428604,-0.053305645,-0.3893178,-0.3311955
1766255488.4561133,-0.053617053,-0.3910578,-0.3304254
1766255488.4650378,-0.053768717,-0.39190796,-0.33005092
1766255488.4770594,-0.053916566,-0.39274654,-0.32969463
1766255488.4833515,-0.053805884,-0.39302987,-0.3290351
1766255488.4978328,-0.053594977,-0.3935947,-0.32775915
1766255488.5046792,-0.053494323,-0.39387637,-0.32714206
1766255488.516887,-0.053412337,-0.39416653,-0.32653812
1766255488.5235543,-0.053332523,-0.39445662,-0.32596004
1766255488.5371902,-0.05325707,-0.39474434,-0.325394
1766255488.5438578,-0.053183652,-0.3950319,-0.32484013
1766255488.5570238,-0.053048532,-0.3956007,-0.32376638
1766255488.5640087,-0.052984294,-0.39588422,-0.3232464
1766255488.5785995,-0.052865725,-0.39644596,-0.32226488
1766255488.5849228,-0.05281262,-0.3967312,-0.32178876
1766255488.5981197,-0.052760568,-0.39701653,-0.32132247
1766255488.604312,-0.052712392,-0.3972992,-0.32086524
1766255488.6179316,-0.05245451,-0.39632684,-0.3208664
1766255488.625906,-0.05233391,-0.39586064,-0.32087496
1766255488.638239,-0.05221733,-0.39540842,-0.32088163
1766255488.6445966,-0.052104153,-0.39497033,-0.32088664
1766255488.659051,-0.051898003,-0.39415762,-0.3208913
1766255488.6661909,-0.051801592,-0.39376894,-0.32089102
1766255488.6787775,-0.051709898,-0.39339122,-0.32089907
1766255488.6850193,-0.05162047,-0.3930263,-0.3209056
1766255488.6982563,-0.051456314,-0.39232597,-0.32091314
1766255488.7064362,-0.05137961,-0.39199162,-0.32091454
1766255488.7181542,-0.051305458,-0.39166823,-0.3209146
1766255488.7252533,-0.051241603,-0.3913681,-0.32092306
1766255488.7392213,-0.052294705,-0.39080414,-0.32132864
1766255488.7467875,-0.052806422,-0.39053407,-0.32152173
1766255488.758528,-0.05330787,-0.39027238,-0.3217087
1766255488.7656548,-0.053798772,-0.39001927,-0.32188985
1766255488.77913,-0.054278918,-0.38977516,-0.322074
1766255488.7856333,-0.054751523,-0.38953727,-0.3222521
1766255488.798868,-0.055673707,-0.38910398,-0.3225916
1766255488.8058705,-0.05612225,-0.38889816,-0.32275313
1766255488.8203056,-0.056996122,-0.38850704,-0.32306018
1766255488.8276181,-0.05742076,-0.38832253,-0.3232157
1766255488.839312,-0.05783678,-0.38814592,-0.3233662
1766255488.8463955,-0.05824734,-0.3879745,-0.32351142
1766255488.8595867,-0.0586509,-0.38780972,-0.32365173
1766255488.8662462,-0.059379794,-0.3871845,-0.32398623
1766255488.8794298,-0.060795486,-0.38598424,-0.3246363
1766255488.8865192,-0.06148544,-0.3854064,-0.32495192
1766255488.8999655,-0.062163163,-0.38484356,-0.3252588
1766255488.906408,-0.06282897,-0.3842953,-0.32555717
1766255488.9194863,-0.06412377,-0.38324338,-0.32612953
1766255488.9267108,-0.06475579,-0.38273692,-0.32641104
1766255488.9398153,-0.06594753,-0.3817809,-0.32695055
1766255488.9494603,-0.06652851,-0.3813218,-0.327209
1766255488.960243,-0.067098066,-0.38087645,-0.32746032
1766255488.967044,-0.067659505,-0.38044208,-0.32770452
1766255488.980829,-0.06875666,-0.37960663,-0.3281883
1766255488.988511,-0.06917521,-0.37867677,-0.3287323
1766255489.0004005,-0.06958691,-0.37777042,-0.3292619
1766255489.007428,-0.0699875,-0.37689224,-0.32977754
1766255489.020714,-0.07076893,-0.3752025,-0.33076832
1766255489.0286672,-0.07115118,-0.37438887,-0.33124945
1766255489.04089,-0.071527354,-0.3735959,-0.33171785
1766255489.047637,-0.07189757,-0.37282306,-0.3321738
1766255489.0620782,-0.07262058,-0.3713358,-0.33304965
1766255489.068899,-0.07294554,-0.37064132,-0.33347034
1766255489.0809705,-0.07326655,-0.3699639,-0.3338852
1766255489.087919,-0.07358307,-0.36930358,-0.33428892
1766255489.1014628,-0.07420118,-0.36803412,-0.33506438
1766255489.109512,-0.07463622,-0.36685768,-0.33503705
1766255489.1211534,-0.07506389,-0.36570802,-0.33501008
1766255489.1281486,-0.07548438,-0.36458445,-0.33499098
1766255489.1425166,-0.07630967,-0.36240965,-0.33495313
1766255489.1497386,-0.076715976,-0.3613562,-0.33493426
1766255489.1616836,-0.07711631,-0.36032584,-0.3349153
1766255489.1687334,-0.07751028,-0.3593184,-0.33489627
1766255489.1816819,-0.078279786,-0.35737014,-0.3348744
1766255489.1905816,-0.07865566,-0.35642815,-0.33486286
1766255489.2016463,-0.07902583,-0.3555069,-0.3348509
1766255489.2089565,-0.07939046,-0.35460588,-0.33483848
1766255489.223087,-0.08005854,-0.35286978,-0.33481205
1766255489.2302032,-0.08038376,-0.35203126,-0.33480576
1766255489.242403,-0.08096169,-0.35152274,-0.33472288
1766255489.249487,-0.0815292,-0.3510265,-0.33464172
1766255489.2627752,-0.082634136,-0.35006973,-0.33448437
1766255489.2716563,-0.08317212,-0.34960872,-0.334408
1766255489.2830658,-0.0837008,-0.34915906,-0.33434093
1766255489.2898388,-0.084220774,-0.34872007,-0.33427513
1766255489.3031523,-0.08523453,-0.34787488,-0.33414698
1766255489.311308,-0.08572875,-0.34746835,-0.33408457
1766255489.3241024,-0.08621485,-0.34707227,-0.33402318
1766255489.3298457,-0.08669242,-0.346687,-0.3339707
1766255489.3429134,-0.08762413,-0.3459471,-0.33386803
1766255489.352304,-0.08807988,-0.34559116,-0.33381775
1766255489.3630497,-0.08853676,-0.345149,-0.33338487
1766255489.3705802,-0.088986024,-0.34471586,-0.33292314
1766255489.3845272,-0.08997681,-0.3437525,-0.33189872
1766255489.3922112,-0.090442985,-0.34332383,-0.3314982
1766255489.4048657,-0.09086569,-0.34292552,-0.33112884
1766255489.410547,-0.09126735,-0.34254634,-0.33076805
1766255489.4241679,-0.092012435,-0.34184104,-0.33007166
1766255489.4325435,-0.09236761,-0.341515,-0.32974622
1766255489.4442737,-0.09273924,-0.34117827,-0.32942703
1766255489.4508855,-0.093133695,-0.34082568,-0.3291137
1766255489.4647372,-0.09390532,-0.3401414,-0.32850778
1766255489.4729292,-0.09428277,-0.33980936,-0.32821473
1766255489.484562,-0.09465481,-0.33948386,-0.32793885
1766255489.4911273,-0.09503011,-0.33953595,-0.32816526
1766255489.5051212,-0.09539968,-0.3395854,-0.328384
1766255489.5117397,-0.09575166,-0.33962598,-0.32859534
1766255489.5244703,-0.09643984,-0.33970007,-0.32899535
1766255489.5315957,-0.09677649,-0.33973414,-0.32919303
1766255489.545367,-0.0974343,-0.33979604,-0.3295681
1766255489.5529697,-0.09775635,-0.33982423,-0.32974553
1766255489.5655632,-0.0980738,-0.33985075,-0.32991675
1766255489.5719328,-0.09835156,-0.3398897,-0.33008194
1766255489.5851219,-0.09889539,-0.339963,-0.3304085
1766255489.59481,-0.09916168,-0.33999753,-0.3305632
1766255489.6056163,-0.09942432,-0.34003085,-0.33071238
1766255489.6121294,-0.09968283,-0.3400635,-0.3308563
1766255489.6270545,-0.10006042,-0.33974496,-0.33064964
1766255489.6323812,-0.10043352,-0.3394316,-0.33044752
1766255489.6465862,-0.101159446,-0.33882716,-0.33007497
1766255489.6526277,-0.10149981,-0.3385397,-0.32986933
1766255489.6662548,-0.102157824,-0.3379787,-0.32944882
1766255489.674368,-0.10247854,-0.33771262,-0.32927835
1766255489.686623,-0.102817625,-0.33742344,-0.32911038
1766255489.6928492,-0.103156365,-0.33715567,-0.32893828
1766255489.7059019,-0.10377313,-0.3366764,-0.32858205
1766255489.7145033,-0.10404249,-0.33644775,-0.32844007
1766255489.7269459,-0.10434133,-0.33619,-0.32829309
1766255489.7332697,-0.1046366,-0.33594874,-0.32816872
1766255489.7462282,-0.10479951,-0.33621216,-0.32742125
1766255489.7560177,-0.10488734,-0.3363181,-0.32704726
1766255489.7674043,-0.10499616,-0.33641428,-0.32669166
1766255489.7736135,-0.10509396,-0.3365211,-0.32634968
1766255489.7882688,-0.10518076,-0.33663347,-0.32602713
1766255489.7937617,-0.10525976,-0.33675438,-0.32571286
1766255489.807652,-0.10541227,-0.33697832,-0.32509476
1766255489.8138409,-0.105518624,-0.33706477,-0.32479876
1766255489.8272374,-0.10569846,-0.33726454,-0.32423612
1766255489.835825,-0.10577281,-0.33737302,-0.32397538
1766255489.8465066,-0.105860084,-0.33745474,-0.3237065
1766255489.854152,-0.10596875,-0.3375269,-0.32345316
1766255489.8678286,-0.10603239,-0.3376412,-0.32321027
1766255489.8741996,-0.10560082,-0.3379247,-0.32279685
1766255489.888727,-0.10474243,-0.33849758,-0.32201323
1766255489.8944309,-0.104334995,-0.33877096,-0.32164082
1766255489.907388,-0.10395458,-0.33902562,-0.32127652
1766255489.9147863,-0.10358479,-0.33927512,-0.32092127
1766255489.9281573,-0.102875546,-0.33975875,-0.3202362
1766255489.9347565,-0.10251685,-0.34001192,-0.31991774
1766255489.9488204,-0.10216782,-0.34026024,-0.31960693
1766255489.9549272,-0.1018282,-0.34050384,-0.31930348
1766255489.968382,-0.10117567,-0.3409782,-0.31871837
1766255489.9752018,-0.1008611,-0.3412103,-0.31843644
1766255489.9884925,-0.10055606,-0.34143713,-0.31817243
1766255489.9956417,-0.10025805,-0.34166107,-0.31791478
1766255490.0088906,-0.09910344,-0.34285766,-0.31613857
1766255490.0159483,-0.098548725,-0.3434374,-0.3152824
1766255490.0294988,-0.09748089,-0.34456345,-0.31363156
1766255490.0372014,-0.0969665,-0.3451109,-0.31285086
1766255490.0495608,-0.0964664,-0.34564665,-0.3120885
1766255490.0559063,-0.09597797,-0.3461733,-0.31134436
1766255490.0696146,-0.09550319,-0.34668887,-0.31061748
1766255490.0763466,-0.09505061,-0.34721714,-0.30990776
1766255490.0894172,-0.09417989,-0.34824568,-0.30855265
1766255490.0967045,-0.09376058,-0.34874701,-0.30790603
1766255490.1107323,-0.09295676,-0.3497212,-0.30665627
1766255490.1177924,-0.09271042,-0.34991375,-0.30627295
1766255490.1296656,-0.09247275,-0.35010245,-0.30589706
1766255490.1368625,-0.09224008,-0.35029072,-0.3055424
1766255490.1502407,-0.09179833,-0.3506606,-0.30485314
1766255490.158896,-0.09158557,-0.35084382,-0.30451867
1766255490.170546,-0.09138019,-0.351024,-0.30419046
1766255490.1773875,-0.09118142,-0.35120192,-0.30386865
1766255490.1909215,-0.09079952,-0.35155347,-0.30326995
1766255490.1982155,-0.09061843,-0.3517252,-0.30297875
1766255490.210951,-0.09044241,-0.35189548,-0.30269304
1766255490.2172656,-0.09027068,-0.35206383,-0.30241284
1766255490.2310972,-0.089946866,-0.3523916,-0.30186734
1766255490.2400012,-0.08979106,-0.3525542,-0.301615
1766255490.250799,-0.08962209,-0.35272434,-0.30153602
1766255490.2580945,-0.08946074,-0.3528917,-0.30145693
1766255490.2723296,-0.089156196,-0.35322186,-0.30129907
1766255490.2795203,-0.08903575,-0.3534063,-0.30122018
1766255490.2912784,-0.08892152,-0.3535884,-0.30115274
1766255490.298404,-0.08881271,-0.3537688,-0.30108508
1766255490.311459,-0.08861214,-0.35412353,-0.3009493
1766255490.3203368,-0.08852124,-0.35429695,-0.30088106
1766255490.3324928,-0.08843584,-0.35446835,-0.30081263
1766255490.338797,-0.08835402,-0.35463932,-0.3007566
1766255490.352275,-0.08822352,-0.35498068,-0.30064297
1766255490.3604126,-0.08817318,-0.35515213,-0.30058557
1766255490.372898,-0.08848449,-0.35506967,-0.301047
1766255490.3791697,-0.08879176,-0.35499254,-0.3014952
1766255490.3929536,-0.089401826,-0.3548477,-0.30236882
1766255490.401509,-0.08970302,-0.3547813,-0.30278677
1766255490.412472,-0.09000179,-0.35471874,-0.3031926
1766255490.4195056,-0.090296395,-0.3546615,-0.30358684
1766255490.4334316,-0.09086372,-0.3545353,-0.30434117
1766255490.4410768,-0.0911446,-0.35447732,-0.3047111
1766255490.4528482,-0.09142349,-0.35442275,-0.30507037
1766255490.459943,-0.09170048,-0.35437143,-0.3054192
1766255490.4734352,-0.09224658,-0.3542803,-0.30608714
1766255490.481246,-0.0925182,-0.35423827,-0.30640662
1766255490.4931774,-0.092785716,-0.3541882,-0.30672583
1766255490.5001266,-0.09334172,-0.35394993,-0.30765015
1766255490.5139635,-0.09442582,-0.3534937,-0.3094237
1766255490.5215218,-0.09495321,-0.35327634,-0.31027448
1766255490.5332317,-0.095473975,-0.35306352,-0.3111019
1766255490.5406044,-0.09598646,-0.35285664,-0.31191123
1766255490.5535216,-0.09649087,-0.35265547,-0.31269845
1766255490.5602465,-0.09698737,-0.3524599,-0.3134642
1766255490.5733008,-0.09794661,-0.352064,-0.31493357
1766255490.5805707,-0.09841337,-0.35187548,-0.31563842
1766255490.5947711,-0.09932878,-0.351511,-0.31700134
1766255490.6018205,-0.09977651,-0.3513358,-0.31765503
1766255490.6142373,-0.100217596,-0.35116524,-0.31829083
1766255490.6217158,-0.100652225,-0.35099924,-0.31890932
1766255490.634264,-0.10097858,-0.35055467,-0.31928676
1766255490.6412618,-0.10129827,-0.35011753,-0.3196528
1766255490.654332,-0.101924844,-0.34927484,-0.32036325
1766255490.6613803,-0.1022331,-0.3488678,-0.32070234
1766255490.675868,-0.10253844,-0.34846964,-0.32103103
1766255490.6813493,-0.10284036,-0.34808055,-0.32134956
1766255490.695014,-0.10343411,-0.34732875,-0.32196376
1766255490.7016473,-0.103719294,-0.3469827,-0.32225972
1766255490.7153351,-0.10428031,-0.34631455,-0.32282394
1766255490.7232692,-0.10455625,-0.345992,-0.32309258
1766255490.7347345,-0.10482923,-0.34567687,-0.32335258
1766255490.7418804,-0.10509745,-0.34537047,-0.32361078
1766255490.756462,-0.10562605,-0.34506643,-0.32302883
1766255490.7634723,-0.10588768,-0.3449201,-0.32274482
1766255490.775453,-0.10614063,-0.34477141,-0.32246518
1766255490.782258,-0.10639173,-0.34462652,-0.3221898
1766255490.7958727,-0.10688854,-0.34434792,-0.32167023
1766255490.803678,-0.10713434,-0.3442141,-0.32141596
1766255490.815549,-0.10737841,-0.3440839,-0.32116526
1766255490.8226128,-0.1076208,-0.34395728,-0.320918
1766255490.8369029,-0.10810065,-0.34371442,-0.3204334
1766255490.8437736,-0.10833819,-0.3435981,-0.32016632
1766255490.855689,-0.10856512,-0.3434874,-0.3198197
1766255490.8626287,-0.10880991,-0.3433531,-0.31958404
1766255490.876167,-0.10907186,-0.34317896,-0.31861398
1766255490.8845985,-0.109083526,-0.34312814,-0.31787568
1766255490.8958015,-0.1090869,-0.34308892,-0.31716564
1766255490.902998,-0.10910484,-0.34304333,-0.31646988
1766255490.9172227,-0.109144196,-0.34298557,-0.3157875
1766255490.9228811,-0.10920426,-0.3429245,-0.3151198
1766255490.936153,-0.10933611,-0.34280723,-0.31382513
1766255490.9432588,-0.109407105,-0.34275153,-0.31321016
1766255490.956672,-0.10955975,-0.34264457,-0.31201681
1766255490.9651258,-0.10964171,-0.34259272,-0.31143767
1766255490.9766278,-0.10972567,-0.34254363,-0.31087032
1766255490.9835753,-0.10981261,-0.3424961,-0.31031415
1766255490.99745,-0.10992165,-0.34244767,-0.3097811
1766255491.0037754,-0.110032156,-0.34240192,-0.30925736
1766255491.016739,-0.11008276,-0.3428305,-0.30916628
1766255491.023898,-0.110114716,-0.3430404,-0.30911753
1766255491.0374095,-0.110191405,-0.3434517,-0.30901387
1766255491.0456777,-0.11023532,-0.34365386,-0.30896825
1766255491.056863,-0.11027743,-0.3438675,-0.30892038
1766255491.0641985,-0.11032295,-0.34407988,-0.3088709
1766255491.0780885,-0.11042679,-0.3444955,-0.30876628
1766255491.0851462,-0.110484324,-0.3446995,-0.3087115
1766255491.09787,-0.11054415,-0.34490237,-0.30866438
1766255491.1041849,-0.11060837,-0.34510198,-0.30861542
1766255491.1173346,-0.110745125,-0.34549624,-0.30851316
1766255491.1270115,-0.11044175,-0.3455299,-0.30809665
1766255491.1379938,-0.11014836,-0.3455683,-0.30768877
1766255491.144783,-0.10986744,-0.3456086,-0.30730045
1766255491.1590476,-0.10933707,-0.34569907,-0.30654666
1766255491.1659684,-0.10908871,-0.34574744,-0.30618054
1766255491.178318,-0.10884863,-0.34580016,-0.30582175
1766255491.1849685,-0.10861945,-0.34585437,-0.3054696
1766255491.198075,-0.108157456,-0.34596336,-0.30480656
1766255491.207518,-0.10792505,-0.34601748,-0.3044841
1766255491.218269,-0.10770221,-0.34607336,-0.3041674
1766255491.2256484,-0.10748636,-0.34613308,-0.3038566
1766255491.2393944,-0.10708269,-0.3462562,-0.30325115
1766255491.2468364,-0.10689145,-0.34632206,-0.3029684
1766255491.2590551,-0.10645756,-0.34648198,-0.3032375
1766255491.2659876,-0.1060444,-0.3466348,-0.30349696
1766255491.2786455,-0.10525035,-0.34693915,-0.3039886
1766255491.2881918,-0.10487117,-0.3470886,-0.304221
1766255491.2998614,-0.104502656,-0.34723702,-0.30445337
1766255491.3058822,-0.10414394,-0.34738484,-0.30467734
1766255491.3202267,-0.103794195,-0.34753263,-0.3048933
1766255491.3261523,-0.103456065,-0.34767777,-0.30510113
1766255491.3394358,-0.102777556,-0.34797242,-0.30549413
1766255491.3460822,-0.10243819,-0.34812087,-0.30568814
1766255491.3594244,-0.10178781,-0.3484134,-0.30605453
1766255491.3691037,-0.10147513,-0.34855866,-0.30622748
1766255491.379376,-0.10069753,-0.34787005,-0.30590895
1766255491.387297,-0.09994099,-0.34719676,-0.30559713
1766255491.4003403,-0.09848366,-0.34589875,-0.3050137
1766255491.4082055,-0.09777436,-0.34527096,-0.30473137
1766255491.4205663,-0.09708357,-0.34465715,-0.30445486
1766255491.4268777,-0.09641024,-0.34405735,-0.30418402
1766255491.4403496,-0.09575334,-0.3434716,-0.30391878
1766255491.4473224,-0.09511245,-0.34289944,-0.30365893
1766255491.4598322,-0.0938746,-0.34179655,-0.30317533
1766255491.466993,-0.0932789,-0.34126282,-0.3029405
1766255491.4808912,-0.09212545,-0.340238,-0.30248418
1766255491.4886851,-0.09156704,-0.3397461,-0.30226249
1766255491.5012238,-0.091020174,-0.33926663,-0.30205536
1766255491.5072753,-0.09001582,-0.33893526,-0.30146733
1766255491.5208268,-0.08807494,-0.33829504,-0.3003317
1766255491.5296626,-0.087136604,-0.3379862,-0.2997834
1766255491.5407748,-0.08621894,-0.3376847,-0.2992476
1766255491.5483665,-0.085320815,-0.3373909,-0.2987363
1766255491.5615034,-0.08360649,-0.3368121,-0.29774794
1766255491.569879,-0.08279018,-0.336526,-0.29727015
1766255491.582191,-0.08199175,-0.33624673,-0.29680288
1766255491.588003,-0.081210755,-0.3359741,-0.29630664
1766255491.6012342,-0.07981387,-0.3353253,-0.29521817
1766255491.6106315,-0.07912224,-0.33504972,-0.29478538
1766255491.621555,-0.078415684,-0.33479768,-0.29438367
1766255491.628586,-0.07768381,-0.334541,-0.29399008
1766255491.6426532,-0.076171845,-0.33414948,-0.29274425
1766255491.650084,-0.07542008,-0.33397308,-0.29215643
1766255491.6621022,-0.074680716,-0.33380187,-0.29158202
1766255491.6686347,-0.07399525,-0.33360162,-0.29101837
1766255491.6818876,-0.07268027,-0.3331989,-0.28992742
1766255491.690748,-0.07204297,-0.33300212,-0.28939977
1766255491.7025275,-0.07144378,-0.33280027,-0.28889713
1766255491.709032,-0.0708571,-0.33260134,-0.2884053
1766255491.722325,-0.06972012,-0.332212,-0.28745282
1766255491.7305079,-0.06916928,-0.33202147,-0.2869916
1766255491.7429402,-0.06862819,-0.33183536,-0.28653923
1766255491.7491796,-0.068099566,-0.33165103,-0.28611225
1766255491.7624419,-0.0673587,-0.33075747,-0.28375468
1766255491.7724347,-0.066996284,-0.33031747,-0.28261626
1766255491.7833216,-0.06664136,-0.32988334,-0.28150365
1766255491.789555,-0.06629156,-0.3294572,-0.2804166
1766255491.8026426,-0.0656115,-0.3286236,-0.27835238
1766255491.8110545,-0.06528127,-0.32821566,-0.2773547
1766255491.8234618,-0.06495552,-0.32781523,-0.2763794
1766255491.8297908,-0.064636655,-0.3274198,-0.27542546
1766255491.84299,-0.06402694,-0.32664806,-0.27358
1766255491.8524468,-0.06373747,-0.32626987,-0.2727059
1766255491.8642426,-0.06345148,-0.32589883,-0.27185094
1766255491.8708189,-0.06317175,-0.3255321,-0.271014
1766255491.88441,-0.06316828,-0.32476872,-0.26953307
1766255491.8918045,-0.063434094,-0.32437176,-0.2688856
1766255491.9040203,-0.06369252,-0.32398129,-0.26826873
1766255491.9106586,-0.06393824,-0.32359177,-0.26766518
1766255491.9243753,-0.06417935,-0.32320672,-0.26707417
1766255491.9309769,-0.064413786,-0.3228282,-0.26649576
1766255491.9442458,-0.06486462,-0.32208928,-0.26537547
1766255491.9512346,-0.06508201,-0.32172814,-0.26484975
1766255491.9657464,-0.06550064,-0.32102305,-0.26383102
1766255491.9727266,-0.06570281,-0.32067835,-0.26333734
1766255491.9845338,-0.065917134,-0.32034835,-0.26285398
1766255491.991384,-0.06612845,-0.3200219,-0.2623803
1766255492.0048437,-0.06653577,-0.31938547,-0.26149726
1766255492.0133116,-0.06662449,-0.3191182,-0.26129565
1766255492.0247772,-0.06671222,-0.3188543,-0.26109666
1766255492.0320277,-0.06679786,-0.3185948,-0.2609004
1766255492.0457065,-0.0669644,-0.31808752,-0.26051578
1766255492.0534918,-0.06705566,-0.31785268,-0.26034248
1766255492.0651698,-0.06714487,-0.31762177,-0.2601713
1766255492.0719929,-0.067231454,-0.3173953,-0.26000223
1766255492.0853183,-0.06740385,-0.3169493,-0.25966948
1766255492.0944457,-0.06748793,-0.3167312,-0.25950587
1766255492.1054542,-0.06756883,-0.3165179,-0.2593597
1766255492.1127648,-0.06764958,-0.3163067,-0.25921473
1766255492.1266077,-0.06772957,-0.3160981,-0.25907102
1766255492.1325986,-0.067825936,-0.31588906,-0.2589286
1766255492.1455886,-0.06706998,-0.31540275,-0.25838977
1766255492.152688,-0.06670738,-0.31516168,-0.2581412
1766255492.1658058,-0.066009045,-0.3146855,-0.2576526
1766255492.1746979,-0.06567214,-0.3144509,-0.2574125
1766255492.1859791,-0.06534227,-0.31421924,-0.25717515
1766255492.1930425,-0.06502221,-0.3139879,-0.25694025
1766255492.2075038,-0.06438148,-0.3135195,-0.25650895
1766255492.214791,-0.06407231,-0.31328806,-0.25629625
1766255492.2268064,-0.063769735,-0.3130589,-0.25608546
1766255492.2333214,-0.06347287,-0.3128327,-0.25587675
1766255492.246512,-0.06290277,-0.31238216,-0.25546405
1766255492.2551425,-0.06262732,-0.31215927,-0.2552762
1766255492.2664723,-0.06177493,-0.31155267,-0.25545782
1766255492.2737837,-0.060930945,-0.31094658,-0.25563103
1766255492.287959,-0.05929966,-0.30976465,-0.2559535
1766255492.2953324,-0.058512487,-0.30918726,-0.2561031
1766255492.3070543,-0.05774398,-0.3086183,-0.2562597
1766255492.31419,-0.056993023,-0.30805805,-0.25640875
1766255492.327836,-0.05554178,-0.30696273,-0.2566851
1766255492.335843,-0.054816227,-0.30644086,-0.25681278
1766255492.3475232,-0.05410602,-0.30592722,-0.25693384
1766255492.3545058,-0.05341012,-0.30542204,-0.25706217
1766255492.3684793,-0.052066736,-0.30443054,-0.25729892
1766255492.3760335,-0.051416557,-0.30394533,-0.25740784
1766255492.386627,-0.050300796,-0.30362242,-0.2575855
1766255492.3947816,-0.049209923,-0.30330238,-0.25775537
1766255492.4083953,-0.04708839,-0.3026803,-0.25810006
1766255492.4158723,-0.046055883,-0.30237857,-0.2582612
1766255492.4280996,-0.0450445,-0.30208042,-0.2584152
1766255492.4349322,-0.044056676,-0.30178338,-0.25856206
1766255492.4489758,-0.043090004,-0.3014889,-0.25870207
1766255492.4549162,-0.04214388,-0.301197,-0.25883543
1766255492.4680831,-0.040311124,-0.30062085,-0.25911042
1766255492.4750438,-0.03942342,-0.30033657,-0.25923812
1766255492.4888387,-0.03767306,-0.2997498,-0.25947446
1766255492.4967275,-0.036824547,-0.29946032,-0.2595836
1766255492.5092847,-0.035992596,-0.29917392,-0.25970098
1766255492.5154018,-0.03453954,-0.29938215,-0.2600519
1766255492.5289009,-0.03172729,-0.29977304,-0.26072034
1766255492.5371532,-0.030364577,-0.29995766,-0.26103854
1766255492.5485697,-0.02902976,-0.30013543,-0.26134646
1766255492.5556355,-0.027701994,-0.30031753,-0.2616567
1766255492.5698638,-0.025125686,-0.30066243,-0.26224732
1766255492.5774708,-0.023875752,-0.30082566,-0.2625282
1766255492.5890064,-0.022650382,-0.300983,-0.26279986
1766255492.59636,-0.021448914,-0.30113468,-0.2630625
1766255492.6100779,-0.020270707,-0.30128086,-0.2633279
1766255492.615933,-0.019115131,-0.30142176,-0.26358446
1766255492.6294894,-0.016879275,-0.30170932,-0.26391158
1766255492.6363637,-0.015811123,-0.30181652,-0.26412994
1766255492.6495647,-0.012618702,-0.30135238,-0.2659405
1766255492.658321,-0.01104916,-0.301141,-0.26681596
1766255492.6696632,-0.009497555,-0.30094227,-0.26766706
1766255492.6766665,-0.007986132,-0.30073813,-0.26849377
1766255492.6902218,-0.0065211128,-0.3005227,-0.26929623
1766255492.6966903,-0.0050807935,-0.30031663,-0.27007678
1766255492.7098837,-0.0022833245,-0.299911,-0.2715807
1766255492.7169504,-0.0009242323,-0.29971185,-0.27230522
1766255492.729913,0.0017169574,-0.2993192,-0.27369347
1766255492.7380679,0.002999819,-0.29912493,-0.27435812
1766255492.7501776,0.0042599807,-0.29893363,-0.2750043
1766255492.7570815,0.0054969746,-0.29874408,-0.27563962
1766255492.7712517,0.008644635,-0.29856756,-0.27810055
1766255492.7784994,0.010170105,-0.298476,-0.27928042
1766255492.790413,0.011665223,-0.29838336,-0.2804278
1766255492.7976305,0.01312904,-0.29828754,-0.28154308
1766255492.8106441,0.015970144,-0.29809144,-0.2836888
1766255492.8186908,0.017348893,-0.29799122,-0.2847172
1766255492.830916,0.01869922,-0.29788813,-0.28571665
1766255492.8376966,0.020024048,-0.29778448,-0.28668845
1766255492.8519332,0.022601947,-0.2975529,-0.28855076
1766255492.8586802,0.023853242,-0.29743472,-0.2894466
1766255492.8715143,0.025081573,-0.29731616,-0.29031754
1766255492.8781853,0.026285326,-0.2971952,-0.29116377
1766255492.891636,0.02865506,-0.2972016,-0.29253352
1766255492.8998868,0.029819295,-0.2973217,-0.29306522
1766255492.9111884,0.030962886,-0.29743662,-0.29358834
1766255492.9183466,0.03209301,-0.2975498,-0.29409674
1766255492.9319785,0.034290988,-0.2977581,-0.29507136
1766255492.940346,0.035358183,-0.297852,-0.29553804
1766255492.9517426,0.03640738,-0.29794163,-0.2959918
1766255492.9589345,0.03743616,-0.29802448,-0.2964376
1766255492.972317,0.039438568,-0.2981743,-0.29729152
1766255492.9806676,0.040412538,-0.29824108,-0.29770023
1766255492.9921346,0.041371804,-0.2983041,-0.29809704
1766255492.9991617,0.04231586,-0.2983638,-0.2984827
1766255493.013664,0.044151913,-0.2984664,-0.2992321
1766255493.021104,0.04532893,-0.29828674,-0.2992276
1766255493.0324035,0.046483323,-0.29810628,-0.29922163
1766255493.0393682,0.04761627,-0.29792556,-0.2992143
1766255493.0530686,0.04982403,-0.29756686,-0.29919615
1766255493.0610287,0.050943397,-0.29736814,-0.2991919
1766255493.0728135,0.052043535,-0.29716977,-0.29918617
1766255493.0797672,0.053126723,-0.29697332,-0.29917923
1766255493.0935361,0.05523592,-0.29657856,-0.29916075
1766255493.101429,0.056264117,-0.29638124,-0.29914933
1766255493.1135197,0.057277333,-0.29618567,-0.29914382
1766255493.1199346,0.05827305,-0.29598925,-0.2991366
1766255493.1331222,0.059260983,-0.29578468,-0.29912776
1766255493.1404066,0.06023342,-0.29558033,-0.2991174
1766255493.1534498,0.06336609,-0.29662678,-0.29926047
1766255493.1602712,0.06488625,-0.29712594,-0.29933462
1766255493.1744127,0.06784079,-0.29808024,-0.29947343
1766255493.1817253,0.06927855,-0.29853776,-0.29953843
1766255493.1939583,0.070688576,-0.2989807,-0.29960042
1766255493.2005408,0.0720423,-0.29941565,-0.29965958
1766255493.2142334,0.074676156,-0.30024743,-0.29978243
1766255493.2221096,0.07595863,-0.30064562,-0.29983968
1766255493.2344394,0.077219464,-0.30103314,-0.29989436
1766255493.2410717,0.07845632,-0.30140784,-0.29994625
1766255493.2551136,0.07967158,-0.3017716,-0.29999557
1766255493.261158,0.08086583,-0.30212477,-0.30004242
1766255493.2744398,0.0830206,-0.3026756,-0.29943863
1766255493.2815025,0.08401562,-0.3028727,-0.29879987
1766255493.2943058,0.085957535,-0.30325127,-0.29756895
1766255493.3034499,0.0869058,-0.30343348,-0.29697594
1766255493.3147163,0.08783943,-0.30361107,-0.29640856
1766255493.3218787,0.08875939,-0.30378464,-0.2958549
1766255493.3353474,0.09054822,-0.30408674,-0.29478693
1766255493.342894,0.091416724,-0.30421472,-0.29427177
1766255493.355235,0.092272416,-0.30433878,-0.29376876
1766255493.3618557,0.093115576,-0.30445898,-0.29324874
1766255493.3755503,0.09465093,-0.30456498,-0.2920902
1766255493.3843687,0.09541879,-0.30465162,-0.29162458
1766255493.3949766,0.09611572,-0.3048714,-0.29108277
1766255493.4031663,0.09681831,-0.30509442,-0.2905529
1766255493.416459,0.09824349,-0.3055441,-0.2895495
1766255493.4243138,0.09896291,-0.30577245,-0.28906468
1766255493.4365983,0.099676825,-0.30599576,-0.28859064
1766255493.442647,0.10034321,-0.30618015,-0.28812486
1766255493.4562588,0.10164001,-0.30651766,-0.2872223
1766255493.465151,0.102278,-0.3066768,-0.28679708
1766255493.47627,0.10290935,-0.30682972,-0.28638074
1766255493.4829347,0.103503965,-0.30699325,-0.2859732
1766255493.497398,0.10467548,-0.30730194,-0.28518304
1766255493.5041013,0.105252706,-0.3074474,-0.28480002
1766255493.5168197,0.105826125,-0.3075889,-0.28443494
1766255493.522775,0.10622838,-0.30799678,-0.28457913
1766255493.5364215,0.107027546,-0.30878332,-0.28485316
1766255493.5452607,0.107417874,-0.30915532,-0.28498286
1766255493.556228,0.10780492,-0.30951697,-0.28510788
1766255493.5633605,0.10819098,-0.30987075,-0.28523752
1766255493.576605,0.10895585,-0.31055117,-0.2854835
1766255493.58457,0.109334506,-0.31087807,-0.2856001
1766255493.5972002,0.10971264,-0.3111982,-0.285713
1766255493.603392,0.11008776,-0.3115094,-0.2858218
1766255493.6169522,0.11082943,-0.3121063,-0.28604406
1766255493.6257598,0.11119439,-0.3123908,-0.28614938
1766255493.6368117,0.111559466,-0.31267,-0.2862515
1766255493.6442041,0.111921825,-0.31294128,-0.28634995
1766255493.658099,0.11277402,-0.3142681,-0.28683275
1766255493.6649384,0.1131929,-0.31490937,-0.28707063
1766255493.6781793,0.11360838,-0.3155371,-0.2873015
1766255493.6842415,0.114021234,-0.31615254,-0.28752595
1766255493.6974204,0.114777185,-0.3173172,-0.28795516
1766255493.7065737,0.11515202,-0.31788227,-0.2881607
1766255493.717696,0.115522176,-0.31843376,-0.2883668
1766255493.7246137,0.11589017,-0.31897408,-0.28856692
1766255493.7382398,0.11661877,-0.32002133,-0.2889498
1766255493.746182,0.11697904,-0.32052827,-0.28913268
1766255493.758831,0.11737435,-0.32101226,-0.2893102
1766255493.7649078,0.11776523,-0.3214845,-0.2894899
1766255493.7780821,0.11885522,-0.32184663,-0.28990483
1766255493.788301,0.11939277,-0.32201976,-0.29010433
1766255493.7978024,0.11992523,-0.3221874,-0.29029864
1766255493.8052254,0.12045396,-0.32235074,-0.29048806
1766255493.8190105,0.1214996,-0.32266352,-0.29086524
1766255493.82674,0.12202292,-0.3228134,-0.29104644
1766255493.8392813,0.12254307,-0.322959,-0.29122305
1766255493.8451629,0.123060785,-0.323101,-0.2913952
1766255493.859136,0.124082536,-0.3233681,-0.29172578
1766255493.8670068,0.124588646,-0.32349482,-0.29189107
1766255493.8788812,0.12509358,-0.32361862,-0.29205224
1766255493.8861704,0.12559447,-0.32373694,-0.2922091
1766255493.8987534,0.12609206,-0.32385033,-0.29236174
1766255493.9059875,0.12665266,-0.32325992,-0.29294735
1766255493.9198303,0.12776403,-0.32211065,-0.29408258
1766255493.9259686,0.12831274,-0.321549,-0.29463255
1766255493.9395952,0.12885779,-0.32099628,-0.29516974
1766255493.9465775,0.12939931,-0.32045227,-0.29569444
1766255493.9600847,0.13047455,-0.31939125,-0.296708
1766255493.9661813,0.13100606,-0.31887165,-0.29720095
1766255493.9798584,0.13204077,-0.31784424,-0.2981533
1766255493.987568,0.1325539,-0.31734148,-0.29861322
1766255493.9997928,0.13306493,-0.31684616,-0.29906273
1766255494.0064063,0.13357453,-0.31635877,-0.29950234
1766255494.0202723,0.13458262,-0.3154002,-0.3003606
1766255494.0285144,0.13522874,-0.3149907,-0.3011946
1766255494.0402472,0.13588051,-0.31456807,-0.3020087
1766255494.0468926,0.13652678,-0.31414863,-0.30280343
1766255494.0602584,0.13780527,-0.31332055,-0.3043371
1766255494.0678248,0.13843657,-0.3129108,-0.3050789
1766255494.0808957,0.13906242,-0.31250355,-0.30580312
1766255494.0870705,0.13968356,-0.3120993,-0.3065103
1766255494.100717,0.14091235,-0.31129968,-0.30787525
1766255494.1089704,0.14151579,-0.31091347,-0.30853385
1766255494.121189,0.14211576,-0.3105305,-0.309179
1766255494.127302,0.14271297,-0.31015128,-0.30980924
1766255494.140823,0.14389242,-0.30939797,-0.31102577
1766255494.1484413,0.14357328,-0.30861065,-0.3119051
1766255494.161117,0.14327127,-0.30783522,-0.31276366
1766255494.1678007,0.14298591,-0.30707136,-0.31360218
1766255494.1807625,0.14229402,-0.30557573,-0.3152213
1766255494.1892838,0.14197326,-0.30484465,-0.31600264
1766255494.2005916,0.14166945,-0.30412507,-0.31676587
1766255494.208029,0.14137909,-0.30341426,-0.3175113
1766255494.2214265,0.14084242,-0.30202237,-0.31895077
1766255494.2295215,0.14059527,-0.30134085,-0.3196456
1766255494.241527,0.14036165,-0.30066863,-0.32032442
1766255494.2482276,0.14015324,-0.3000086,-0.3209876
1766255494.2612333,0.13995744,-0.29935738,-0.32163554
1766255494.2688787,0.13977388,-0.2987148,-0.32226864
1766255494.2823067,0.13888818,-0.29718474,-0.32369867
1766255494.2885401,0.13819677,-0.29630208,-0.32449147
1766255494.302261,0.13688155,-0.29457706,-0.32602307
1766255494.3100173,0.1362571,-0.29373452,-0.32676286
1766255494.322164,0.13565572,-0.29291022,-0.32748458
1766255494.3287375,0.13507515,-0.29209846,-0.32818994
1766255494.342709,0.13397442,-0.29051152,-0.32955325
1766255494.3505297,0.13345325,-0.2897357,-0.330212
1766255494.3629177,0.13295093,-0.2889713,-0.330856
1766255494.369598,0.13246699,-0.28821808,-0.33148336
1766255494.3831809,0.13155246,-0.2867441,-0.3326965
1766255494.3905523,0.13113776,-0.28602943,-0.33328307
1766255494.402901,0.13003777,-0.28510132,-0.33423015
1766255494.4093707,0.12896976,-0.2841873,-0.3351552
1766255494.4226236,0.12692393,-0.28238443,-0.3368026
1766255494.431184,0.12588893,-0.28143117,-0.3375641
1766255494.4429886,0.124863215,-0.28053105,-0.3383402
1766255494.450067,0.12393293,-0.2796764,-0.33916467
1766255494.4637303,0.1230494,-0.27884886,-0.3399702
1766255494.4700286,0.122238174,-0.27803558,-0.34075746
1766255494.4834394,0.120731525,-0.2764741,-0.34227088
1766255494.4900823,0.12002372,-0.27571732,-0.34300286
1766255494.5037944,0.11859075,-0.27416563,-0.34441406
1766255494.5120945,0.117905416,-0.27340305,-0.34509614
1766255494.5237982,0.11724254,-0.2726509,-0.34575942
1766255494.5307944,0.1160936,-0.27155375,-0.34577724
1766255494.5449646,0.11390343,-0.26939598,-0.3458186
1766255494.5523694,0.1128551,-0.26834252,-0.34584206
1766255494.5640383,0.11183689,-0.26730546,-0.34586722
1766255494.5707514,0.11084807,-0.26628438,-0.34589383
1766255494.584094,0.10895536,-0.26428804,-0.3459516
1766255494.592772,0.10805056,-0.2633126,-0.34598243
1766255494.604467,0.10717243,-0.2623516,-0.34601447
1766255494.611645,0.10631864,-0.26139227,-0.34604755
1766255494.6256268,0.10468676,-0.25951472,-0.34611458
1766255494.6329017,0.10390742,-0.2585958,-0.34614944
1766255494.6450932,0.10315142,-0.25768948,-0.34618512
1766255494.6519275,0.102418676,-0.25679582,-0.34622154
1766255494.6651661,0.10197005,-0.2558736,-0.347028
1766255494.6719627,0.10153738,-0.25496706,-0.3478162
1766255494.6851408,0.10073556,-0.2532028,-0.34932742
1766255494.6923046,0.10035602,-0.25234166,-0.3500576
1766255494.7060022,0.09965424,-0.25064892,-0.35139194
1766255494.7135522,0.09931572,-0.24981838,-0.35205054
1766255494.725189,0.09899375,-0.24901028,-0.35271522
1766255494.7321517,0.09867577,-0.24819085,-0.35334972
1766255494.7454174,0.098028906,-0.24659058,-0.35451192
1766255494.7536135,0.09775904,-0.24583723,-0.3551221
1766255494.7654808,0.0975102,-0.24510211,-0.35571954
1766255494.7725315,0.09725658,-0.24435258,-0.35628664
1766255494.787204,0.09705936,-0.24404065,-0.35796168
1766255494.7940679,0.096985884,-0.24389443,-0.35877162
1766255494.8061054,0.09692863,-0.24375305,-0.3595627
1766255494.812852,0.096864656,-0.2435845,-0.36032158
1766255494.8259952,0.09678594,-0.24341793,-0.36106467
1766255494.8329875,0.0967244,-0.24326248,-0.36179483
1766255494.845988,0.09665093,-0.24296929,-0.36320522
1766255494.852922,0.09663231,-0.242822,-0.36388204
1766255494.8671522,0.096588716,-0.24263963,-0.36453494
1766255494.873234,0.0965505,-0.24246849,-0.36518446
1766255494.8872514,0.09652542,-0.24214813,-0.36642507
1766255494.8937624,0.096524574,-0.24197331,-0.36701912
1766255494.9069364,0.09574622,-0.24125454,-0.36757016
1766255494.9153626,0.09502582,-0.2407594,-0.3675521
1766255494.9270566,0.09433637,-0.2402773,-0.3675329
1766255494.9337857,0.09367726,-0.23980774,-0.36751634
1766255494.947878,0.09240653,-0.23887229,-0.36748862
1766255494.9547563,0.091784455,-0.23839878,-0.36747712
1766255494.9672604,0.091168046,-0.23792626,-0.3674679
1766255494.974265,0.09056962,-0.23745774,-0.3674566
1766255494.9882226,0.08942462,-0.2365323,-0.36744013
1766255494.9957638,0.08887712,-0.23607509,-0.36743486
1766255495.007732,0.0883472,-0.23562282,-0.3674318
1766255495.0144284,0.087832,-0.23517302,-0.36743033
1766255495.0282981,0.08733315,-0.23472756,-0.36742675
1766255495.0347266,0.08685988,-0.23429576,-0.36742476
1766255495.0477314,0.0860177,-0.232862,-0.36651114
1766255495.0550914,0.08561616,-0.23215896,-0.36607233
1766255495.0684175,0.08484813,-0.2307766,-0.36522838
1766255495.0763652,0.08448116,-0.23009679,-0.36482114
1766255495.0885277,0.084126756,-0.22942576,-0.36442465
1766255495.0950804,0.08378228,-0.22876094,-0.36403817
1766255495.1089222,0.08314169,-0.22747111,-0.3632951
1766255495.1162717,0.082836635,-0.22683583,-0.36293772
1766255495.1287718,0.08254297,-0.22620822,-0.3625882
1766255495.1353369,0.082257636,-0.2255853,-0.3622473
1766255495.1486278,0.0817186,-0.22435997,-0.36159182
1766255495.1575594,0.08198215,-0.22430179,-0.36181572
1766255495.1686592,0.08224677,-0.22423992,-0.36203444
1766255495.1758556,0.08250993,-0.22418194,-0.36224392
1766255495.1901934,0.08303891,-0.22405447,-0.36264843
1766255495.1976237,0.0833026,-0.22398311,-0.3628434
1766255495.2095292,0.08356835,-0.22390921,-0.3630342
1766255495.2156594,0.08383335,-0.22383025,-0.36322054
1766255495.2291257,0.08436441,-0.2236608,-0.3635737
1766255495.2378235,0.08462198,-0.22358128,-0.3637448
1766255495.2488968,0.08487862,-0.22349666,-0.36391208
1766255495.2563622,0.0851367,-0.22340915,-0.36407605
1766255495.2705548,0.085656196,-0.22322509,-0.3643945
1766255495.2777386,0.085916534,-0.22312768,-0.3645451
1766255495.289943,0.085938334,-0.22341985,-0.364496
1766255495.2967439,0.08596478,-0.22370082,-0.36444923
1766255495.3096073,0.08603366,-0.22423263,-0.36436278
1766255495.3185618,0.08607125,-0.224497,-0.36432338
1766255495.3306904,0.08611298,-0.22475116,-0.36428335
1766255495.336924,0.086159274,-0.2249958,-0.36424553
1766255495.3506007,0.08626903,-0.22546123,-0.36417672
1766255495.3586195,0.086329736,-0.22568028,-0.36414534
1766255495.3701918,0.08639496,-0.22589119,-0.36411598
1766255495.3771708,0.08646451,-0.22609414,-0.36408576
1766255495.3909903,0.08661394,-0.22649164,-0.36403164
1766255495.3998125,0.08669119,-0.22668432,-0.3640073
1766255495.4104998,0.08605455,-0.22721891,-0.36375692
1766255495.4176104,0.085439876,-0.22773944,-0.36351404
1766255495.431293,0.08427274,-0.22873886,-0.36304507
1766255495.4388418,0.083717875,-0.22921744,-0.3628209
1766255495.4510856,0.08318203,-0.2296829,-0.3626034
1766255495.4579325,0.08266465,-0.2301355,-0.3623924
1766255495.4707298,0.08170366,-0.23100053,-0.36198947
1766255495.4797964,0.0812475,-0.23141389,-0.3617945
1766255495.4921052,0.08080774,-0.2318155,-0.36160544
1766255495.4977498,0.080383934,-0.23220566,-0.36142212
1766255495.5112834,0.079584725,-0.2329545,-0.3610723
1766255495.519564,0.07920607,-0.23331168,-0.3609053
1766255495.5320866,0.07884164,-0.23365833,-0.3607418
1766255495.5378828,0.07855025,-0.23439182,-0.36069766
1766255495.5510557,0.078002125,-0.23580392,-0.36061513
1766255495.5601795,0.07774653,-0.23648492,-0.3605768
1766255495.5714877,0.077500485,-0.23714778,-0.36054024
1766255495.579003,0.0772643,-0.23779337,-0.36050227
1766255495.5922809,0.07682247,-0.23903574,-0.36043182
1766255495.6002147,0.07662256,-0.23964192,-0.36039937
1766255495.6123984,0.07643213,-0.24023272,-0.3603686
1766255495.6187623,0.07625153,-0.24080898,-0.36033964
1766255495.6319938,0.076081164,-0.24137159,-0.3603101
1766255495.6390982,0.075917795,-0.24191836,-0.36028218
1766255495.6528974,0.07561666,-0.24297017,-0.3602314
1766255495.6591125,0.0754785,-0.24347585,-0.36020845
1766255495.67312,0.0745006,-0.24476266,-0.35988525
1766255495.6807368,0.074027546,-0.24537669,-0.35972863
1766255495.6926172,0.07357059,-0.24597728,-0.35957694
1766255495.699399,0.07312629,-0.24656224,-0.35942993
1766255495.7128956,0.07227671,-0.24768849,-0.35914943
1766255495.721862,0.07187133,-0.24823087,-0.35901576
1766255495.732446,0.07147843,-0.2487598,-0.35888475
1766255495.740368,0.071104474,-0.2492754,-0.35875785
1766255495.754378,0.07039145,-0.25026825,-0.35851616
1766255495.7608721,0.07005175,-0.25074604,-0.3584011
1766255495.7738206,0.06972288,-0.25121176,-0.35828978
1766255495.7802155,0.06940634,-0.25166714,-0.35818055
1766255495.7933776,0.06865773,-0.2527358,-0.35802224
1766255495.801117,0.06792957,-0.25377873,-0.35786864
1766255495.812961,0.06655301,-0.25579366,-0.35757512
1766255495.820449,0.06590326,-0.25676692,-0.35743496
1766255495.8327415,0.06527215,-0.25771737,-0.35729685
1766255495.8409853,0.06465922,-0.2586456,-0.35716298
1766255495.8545833,0.06348607,-0.2604375,-0.35690743
1766255495.860816,0.06292499,-0.26130223,-0.35678557
1766255495.874267,0.06238034,-0.26214683,-0.35666752
1766255495.88127,0.061851703,-0.26297182,-0.3565532
1766255495.8947897,0.06084527,-0.26457563,-0.35633114
1766255495.9011626,0.06036325,-0.26534894,-0.35622537
1766255495.9148588,0.059587702,-0.26711878,-0.3550843
1766255495.9225583,0.059285507,-0.26809418,-0.35394198
1766255495.9358592,0.05893747,-0.26898453,-0.3528629
1766255495.9415035,0.05857875,-0.2698941,-0.35184294
1766255495.955482,0.058043484,-0.27175093,-0.3500099
1766255495.963317,0.057811588,-0.27266705,-0.34912795
1766255495.9755497,0.057601366,-0.27357405,-0.3482683
1766255495.9817386,0.05741149,-0.27447203,-0.34743395
1766255495.9957123,0.057231843,-0.2753537,-0.3466209
1766255496.0022051,0.05701926,-0.27618483,-0.34582624
1766255496.016015,0.05660281,-0.27778387,-0.3442952
1766255496.0221534,0.05638285,-0.2785703,-0.34355813
1766255496.0358813,0.05596572,-0.2800949,-0.34214598
1766255496.0448945,0.055961713,-0.28077242,-0.34156674
1766255496.0561051,0.05596043,-0.2814355,-0.34100202
1766255496.062778,0.055961844,-0.2820844,-0.3404514
1766255496.076085,0.055972476,-0.28334057,-0.33939186
1766255496.0838504,0.05598146,-0.2839489,-0.338884
1766255496.0969486,0.0559855,-0.2845373,-0.33838958
1766255496.1033516,0.055992175,-0.28511298,-0.3379075
1766255496.116202,0.056013383,-0.28622732,-0.33697912
1766255496.1257536,0.056027833,-0.2867664,-0.33653226
1766255496.136991,0.05604478,-0.28729376,-0.33609912
1766255496.1434994,0.05606393,-0.28780943,-0.33567682
1766255496.1578746,0.05612467,-0.28880534,-0.33486393
1766255496.1649058,0.05639047,-0.28966987,-0.33484405
1766255496.1775234,0.056651533,-0.29051405,-0.33482394
1766255496.1839228,0.05690917,-0.2913394,-0.33480504
1766255496.1969905,0.05741521,-0.29293603,-0.33476758
1766255496.2062678,0.05768434,-0.2937015,-0.33467236
1766255496.2173407,0.057933494,-0.29445058,-0.3346306
1766255496.2239704,0.058184315,-0.2951938,-0.33461496
1766255496.2374969,0.058634393,-0.29658154,-0.33454186
1766255496.2458587,0.05884661,-0.297264,-0.3344589
1766255496.2577224,0.05909275,-0.29795176,-0.33444577
1766255496.2642748,0.059346374,-0.29863265,-0.3344332
1766255496.2779686,0.059791714,-0.29989272,-0.33439267
1766255496.2864363,0.060009968,-0.30050987,-0.3343807
1766255496.297471,0.06063563,-0.3008695,-0.3341345
1766255496.304539,0.061257515,-0.3012134,-0.33389074
1766255496.319063,0.062414397,-0.30183104,-0.33341858
1766255496.3262439,0.062989414,-0.3021466,-0.3331999
1766255496.3381655,0.063564725,-0.30246326,-0.33298942
1766255496.3447287,0.06414028,-0.30278075,-0.33278546
1766255496.3582382,0.06471068,-0.30309042,-0.33258364
1766255496.3652818,0.06524019,-0.3033601,-0.33237994
1766255496.3789206,0.06630952,-0.30394158,-0.33201236
1766255496.385529,0.06684736,-0.30423543,-0.33183882
1766255496.399074,0.06790388,-0.30479506,-0.33149427
1766255496.4067976,0.06839063,-0.3050446,-0.3313315
1766255496.418948,0.068377234,-0.3055234,-0.33145258
1766255496.4252832,0.06838039,-0.3059995,-0.33157152
1766255496.4387112,0.06843693,-0.30693662,-0.3318019
1766255496.4473662,0.068467475,-0.3073802,-0.3319124
1766255496.4585001,0.06850282,-0.30781326,-0.33202064
1766255496.4659526,0.068543114,-0.30823666,-0.332127
1766255496.4801013,0.068638995,-0.30905643,-0.33233437
1766255496.4868658,0.068693176,-0.30945215,-0.33243507
1766255496.4993403,0.06875261,-0.30984014,-0.33253425
1766255496.5059137,0.06881529,-0.3102186,-0.33263138
1766255496.5199242,0.068954945,-0.31093484,-0.33282083
1766255496.5277014,0.069030754,-0.31128156,-0.33291328
1766255496.5399978,0.06910894,-0.31161946,-0.3330037
1766255496.5466719,0.06890763,-0.31184506,-0.33273152
1766255496.5598948,0.0685344,-0.31228065,-0.33220696
1766255496.567983,0.06836188,-0.31249082,-0.3319541
1766255496.5798948,0.06819986,-0.31269762,-0.33170763
1766255496.586493,0.06803004,-0.3128994,-0.33146888
1766255496.600466,0.06771773,-0.3132907,-0.33100855
1766255496.6085854,0.06757532,-0.31348094,-0.33078673
1766255496.6201494,0.06744,-0.31366605,-0.3305699
1766255496.6275082,0.0673127,-0.3138472,-0.33035812
1766255496.641478,0.06708227,-0.31419924,-0.32995325
1766255496.6487007,0.06697868,-0.31437027,-0.3297578
1766255496.6605322,0.06686397,-0.31451988,-0.32956645
1766255496.6677406,0.0667569,-0.3146667,-0.32937947
1766255496.6811137,0.066355415,-0.31567165,-0.3280545
1766255496.6890936,0.066168316,-0.31615958,-0.3274226
1766255496.7017386,0.0659882,-0.31663653,-0.3268063
1766255496.708369,0.06581546,-0.31710336,-0.3262053
1766255496.722438,0.06549523,-0.31801143,-0.32504827
1766255496.729651,0.06533261,-0.3184548,-0.32449108
1766255496.7415953,0.06517898,-0.31889126,-0.3239527
1766255496.748932,0.06503119,-0.31931832,-0.32342747
1766255496.7619722,0.064756535,-0.32014897,-0.32241556
1766255496.7700484,0.06462869,-0.32055256,-0.32192817
1766255496.781854,0.064506575,-0.32094827,-0.32145262
1766255496.7890496,0.064391136,-0.32133734,-0.32099348
1766255496.8027563,0.062465407,-0.322064,-0.31963244
1766255496.8101313,0.06153897,-0.32241616,-0.31897706
1766255496.8224447,0.06063823,-0.32276326,-0.3183381
1766255496.829272,0.05975951,-0.3231029,-0.31771475
1766255496.8426936,0.058067992,-0.32376236,-0.31652704
1766255496.8507438,0.05725632,-0.32408458,-0.31595516
1766255496.862615,0.056464173,-0.32439992,-0.31539717
1766255496.8698492,0.05567562,-0.32471412,-0.31485283
1766255496.8831394,0.0541579,-0.3253263,-0.3138037
1766255496.8908448,0.053428773,-0.3256255,-0.31330526
1766255496.9030557,0.052716017,-0.32591793,-0.3128187
1766255496.9097438,0.052020896,-0.3262052,-0.3123439
1766255496.9235222,0.0511495,-0.32671273,-0.3121426
1766255496.9316044,0.0509602,-0.32693392,-0.31239745
1766255496.9430478,0.050755527,-0.32715216,-0.31264803
1766255496.9500883,0.050556093,-0.32736745,-0.3128918
1766255496.9647,0.050173387,-0.32779014,-0.31336004
1766255496.9717236,0.049991153,-0.3279987,-0.313585
1766255496.9838135,0.04981216,-0.3282031,-0.31380394
1766255496.9903722,0.049638137,-0.32840496,-0.3140189
1766255497.0039203,0.04930473,-0.32880136,-0.31443235
1766255497.0121274,0.049162485,-0.32898712,-0.31463137
1766255497.0236142,0.04902355,-0.3291697,-0.31482527
1766255497.0306191,0.048888493,-0.3293496,-0.31501424
1766255497.0447323,0.04863166,-0.32970333,-0.3153818
1766255497.0517366,0.048650444,-0.3299177,-0.3162191
1766255497.0643091,0.04867135,-0.3301283,-0.31703526
1766255497.0714571,0.048694987,-0.3303358,-0.31783098
1766255497.0841432,0.048741158,-0.3307121,-0.3193629
1766255497.0933902,0.04876659,-0.33089465,-0.32009906
1766255497.1040833,0.048793558,-0.33107352,-0.32081693
1766255497.1111617,0.048822053,-0.33124885,-0.321517
1766255497.1250625,0.048885386,-0.3315908,-0.32286572
1766255497.1326156,0.048918948,-0.33175656,-0.32351527
1766255497.1448207,0.048953377,-0.33191863,-0.3241467
1766255497.151634,0.04901878,-0.33208248,-0.3247627
1766255497.1648328,0.04915284,-0.33240104,-0.32595006
1766255497.1736526,0.04935585,-0.3331284,-0.32717696
1766255497.1848845,0.04955571,-0.3338405,-0.32837307
1766255497.1918714,0.049752545,-0.33453777,-0.3295335
1766255497.2063737,0.050139934,-0.33589166,-0.3317686
1766255497.2130795,0.050328273,-0.3365471,-0.33284473
1766255497.2249775,0.050534558,-0.33719033,-0.3338942
1766255497.2317333,0.050738018,-0.33782083,-0.33491775
1766255497.24557,0.051136807,-0.33904517,-0.33688006
1766255497.253943,0.0513323,-0.33963975,-0.3378253
1766255497.2651129,0.051525287,-0.34022313,-0.3387474
1766255497.2722688,0.05171585,-0.3407956,-0.33964702
1766255497.286829,0.052091796,-0.3419107,-0.3413813
1766255497.2932794,0.052281104,-0.3424523,-0.34221113
1766255497.30569,0.05268651,-0.34265444,-0.3431824
1766255497.3126807,0.053083844,-0.34285414,-0.34412998
1766255497.3257053,0.053855214,-0.34324655,-0.34595656
1766255497.3346992,0.054229684,-0.3434394,-0.34683678
1766255497.3461344,0.054596964,-0.34363002,-0.34768888
1766255497.353169,0.05495724,-0.34381843,-0.34852046
1766255497.367091,0.05564843,-0.3442018,-0.350124
1766255497.3739707,0.055984415,-0.34439015,-0.35089698
1766255497.386402,0.05631423,-0.34457633,-0.35165143
1766255497.3934896,0.056638047,-0.34476033,-0.35234267
1766255497.4067,0.057252932,-0.345086,-0.35361683
1766255497.4152806,0.057544068,-0.34525207,-0.35430026
1766255497.4263954,0.057222784,-0.34543023,-0.35501647
1766255497.4345038,0.056934647,-0.34561083,-0.35571584
1766255497.4480815,0.056397945,-0.3459794,-0.35705364
1766255497.4550393,0.056118947,-0.3461436,-0.35769802
1766255497.4669685,0.055848915,-0.3463084,-0.35832804
1766255497.4738586,0.0555855,-0.34647143,-0.35894337
1766255497.4874518,0.055080272,-0.3467954,-0.36013228
1766255497.4959996,0.054836966,-0.3469553,-0.3606991
1766255497.507228,0.05461203,-0.34711093,-0.36125314
1766255497.5145433,0.05439196,-0.3472645,-0.36179423
1766255497.5282676,0.05397108,-0.3475715,-0.36284065
1766255497.5363455,0.05376773,-0.34772268,-0.36334592
1766255497.5484643,0.053570703,-0.34787428,-0.36383265
1766255497.5545497,0.05386995,-0.3478894,-0.36374757
1766255497.568054,0.054449983,-0.34792593,-0.3635875
1766255497.5766268,0.05472657,-0.34795338,-0.36351234
1766255497.5876768,0.05499638,-0.34798142,-0.36343983
1766255497.5953705,0.05526182,-0.34801224,-0.36336747
1766255497.6089427,0.05577536,-0.34807765,-0.3632307
1766255497.6166637,0.056023292,-0.34811163,-0.36316594
1766255497.6296597,0.056268264,-0.34814882,-0.36310402
1766255497.6353755,0.0565076,-0.34818634,-0.36304417
1766255497.6490777,0.05695269,-0.34826964,-0.36292395
1766255497.6575797,0.057157923,-0.34831423,-0.36286706
1766255497.668459,0.057360712,-0.34836122,-0.36281246
1766255497.6755736,0.057558347,-0.34840775,-0.36275953
1766255497.6900675,0.057860803,-0.34828517,-0.36230162
1766255497.6967564,0.05800819,-0.34823152,-0.36208072
1766255497.708823,0.058154695,-0.34818423,-0.3618665
1766255497.7156787,0.05829745,-0.34814042,-0.36165828
1766255497.729045,0.05858654,-0.34807947,-0.3612603
1766255497.7373471,0.058727022,-0.34805512,-0.36106992
1766255497.7485375,0.058867313,-0.34803703,-0.36088353
1766255497.7559605,0.0590046,-0.3480224,-0.36070257
1766255497.770025,0.059274316,-0.34800687,-0.36035675
1766255497.7772303,0.059406217,-0.34800526,-0.3601916
1766255497.7899082,0.059535857,-0.3480073,-0.36003137
1766255497.7962143,0.05967062,-0.348026,-0.35987344
1766255497.8095756,0.060319386,-0.34789518,-0.3608816
1766255497.8191748,0.06063439,-0.3478384,-0.36136836
1766255497.8292952,0.060944296,-0.34778818,-0.36184415
1766255497.8368564,0.06124635,-0.3477417,-0.36230892
1766255497.8507543,0.06183473,-0.34766573,-0.36319625
1766255497.858068,0.062097862,-0.34763,-0.36362523
1766255497.870523,0.06235526,-0.34759855,-0.3640447
1766255497.8773377,0.06260764,-0.3475718,-0.364455
1766255497.890311,0.0631003,-0.34753397,-0.36524963
1766255497.899428,0.063338466,-0.34752053,-0.36562747
1766255497.911032,0.06357218,-0.34751132,-0.36599737
1766255497.9173489,0.063802145,-0.34750673,-0.36635965
1766255497.9308567,0.06387526,-0.34713095,-0.36779064
1766255497.9389572,0.06372393,-0.34676325,-0.36884147
1766255497.951574,0.06357676,-0.34640864,-0.36985794
1766255497.9577425,0.06343541,-0.34606832,-0.37085116
1766255497.971027,0.063161306,-0.34542194,-0.37276936
1766255497.9799724,0.06302947,-0.34511623,-0.37369567
1766255497.9917142,0.06290114,-0.34482187,-0.37460095
1766255497.997913,0.06277798,-0.34454015,-0.375476
1766255498.0115976,0.062691115,-0.34428358,-0.3763314
1766255498.0183,0.062606834,-0.3440367,-0.3771676
1766255498.0319364,0.06244617,-0.3435727,-0.37878475
1766255498.0382125,0.062369604,-0.3433551,-0.37956667
1766255498.0511475,0.06222602,-0.34294948,-0.3810599
1766255498.060451,0.061724912,-0.3430308,-0.38134077
1766255498.0719905,0.0612373,-0.34311518,-0.38161746
1766255498.0786161,0.060776684,-0.34320158,-0.38189
1766255498.0915136,0.05989334,-0.34338364,-0.3824232
1766255498.100079,0.05947115,-0.34348023,-0.38267663
1766255498.1130223,0.05905871,-0.3435781,-0.3829263
1766255498.1186285,0.058657583,-0.3436787,-0.3831723
1766255498.1313324,0.05788802,-0.343888,-0.38361448
1766255498.1414497,0.057497356,-0.34393832,-0.3836954
1766255498.1524093,0.057045907,-0.3439844,-0.38384357
1766255498.1589065,0.056623735,-0.34409067,-0.38404694
1766255498.173615,0.055884473,-0.34435603,-0.38448876
1766255498.1800797,0.055323455,-0.34448728,-0.3855962
1766255498.192691,0.054790642,-0.34463197,-0.38667893
1766255498.1994138,0.05428444,-0.34478962,-0.38772488
1766255498.212582,0.05379471,-0.34495264,-0.38874802
1766255498.219499,0.05327941,-0.34508666,-0.3897467
1766255498.2331922,0.0522875,-0.34534875,-0.3916785
1766255498.239569,0.051817216,-0.3454824,-0.39261317
1766255498.2533753,0.05091337,-0.34575877,-0.39439645
1766255498.2614105,0.050479144,-0.34590128,-0.39525992
1766255498.2733474,0.050056294,-0.34604663,-0.39610532
1766255498.279752,0.04964452,-0.34619465,-0.39693314
1766255498.2929373,0.048861004,-0.34648576,-0.3985378
1766255498.3019967,0.04848818,-0.34662756,-0.39930332
1766255498.3139462,0.047867212,-0.34680352,-0.40049964
1766255498.320132,0.047262635,-0.34698257,-0.4016702
1766255498.3343847,0.046096016,-0.34734467,-0.40393546
1766255498.341899,0.045533735,-0.34752816,-0.4050317
1766255498.353687,0.04498629,-0.34771448,-0.40608984
1766255498.36033,0.04445079,-0.34790117,-0.4071253
1766255498.3725286,0.04394099,-0.34808996,-0.40813917
1766255498.3807454,0.04344255,-0.34827918,-0.40913153
1766255498.3943274,0.042483013,-0.3486632,-0.4110548
1766255498.4008443,0.042019553,-0.3488562,-0.41197035
1766255498.4147027,0.041128263,-0.34924847,-0.41374612
1766255498.4223201,0.040698133,-0.34944594,-0.41460687
1766255498.4339926,0.04057431,-0.34997445,-0.41507334
1766255498.4410963,0.040448483,-0.35049054,-0.41553253
1766255498.4546022,0.040204857,-0.35150367,-0.4164046
1766255498.4623795,0.040084712,-0.35199928,-0.41683078
1766255498.4746225,0.039966993,-0.352489,-0.41725075
1766255498.4811869,0.039852265,-0.35297364,-0.41766474
1766255498.4946597,0.039737605,-0.3534507,-0.41807234
1766255498.5013633,0.03962536,-0.3539224,-0.41847405
1766255498.51461,0.039392523,-0.35484266,-0.41923273
1766255498.5215192,0.039271493,-0.35529104,-0.41960397
1766255498.5354524,0.03903573,-0.3561731,-0.420331
1766255498.5434742,0.038919758,-0.35660595,-0.4206868
1766255498.5550349,0.03880737,-0.35703567,-0.42102394
1766255498.5620573,0.037750747,-0.3574706,-0.42119047
1766255498.5758126,0.035693318,-0.35831326,-0.42152208
1766255498.5828032,0.034693092,-0.35872295,-0.4216873
1766255498.595137,0.03371217,-0.35912532,-0.42185175
1766255498.6019049,0.03275175,-0.35952204,-0.4220037
1766255498.6153197,0.03181179,-0.35991377,-0.4221554
1766255498.6222422,0.030892318,-0.36030117,-0.42230698
1766255498.6354132,0.029105585,-0.36105728,-0.42260882
1766255498.64243,0.028239623,-0.36142832,-0.42275926
1766255498.6565342,0.027392045,-0.36179557,-0.42289665
1766255498.6625223,0.026557164,-0.36215594,-0.4230338
1766255498.6760278,0.024935683,-0.362863,-0.42330796
1766255498.6827893,0.024148738,-0.3632104,-0.423445
1766255498.6964693,0.023384847,-0.36379537,-0.42345622
1766255498.7040756,0.023008674,-0.36408055,-0.4234551
1766255498.7160265,0.022636807,-0.36436152,-0.42345768
1766255498.7231045,0.022269793,-0.36463895,-0.42346397
1766255498.7364776,0.021585628,-0.3652282,-0.42348725
1766255498.7441497,0.02124859,-0.3655161,-0.42350385
1766255498.7567759,0.020915495,-0.3658002,-0.4235124
1766255498.7629592,0.02058633,-0.36608064,-0.4235244
1766255498.7765675,0.019959591,-0.36662537,-0.42337236
1766255498.7841446,0.019638553,-0.36688128,-0.42335555
1766255498.7962613,0.0193077,-0.36713073,-0.42338046
1766255498.803296,0.018992146,-0.3673909,-0.42340046
1766255498.8173969,0.017294372,-0.36773142,-0.4244533
1766255498.8249514,0.016480481,-0.36789978,-0.4249606
1766255498.8366618,0.015652744,-0.36803207,-0.42544937
1766255498.8435178,0.014840602,-0.36817482,-0.42594147
1766255498.8571777,0.013298182,-0.36848018,-0.4268711
1766255498.8659642,0.012534557,-0.3686509,-0.4273238
1766255498.8770792,0.011771355,-0.3687944,-0.42775586
1766255498.8839183,0.011000076,-0.36892664,-0.42818823
1766255498.897935,0.00953326,-0.36922002,-0.429039
1766255498.9056728,0.008835485,-0.36937544,-0.42943957
1766255498.9174654,0.008144634,-0.36952323,-0.42983273
1766255498.9243805,0.007454386,-0.36965862,-0.4302177
1766255498.9376943,0.0067765033,-0.36979225,-0.4305983
1766255498.9444344,0.0063762683,-0.36976227,-0.43047616
1766255498.9575207,0.005592515,-0.36970708,-0.4302405
1766255498.964581,0.005208124,-0.3696813,-0.43012694
1766255498.9786735,0.0044542393,-0.36963382,-0.4299187
1766255498.9861202,0.004083152,-0.3696107,-0.42982334
1766255498.9978344,0.0037176122,-0.3695899,-0.429734
1766255499.00517,0.003349515,-0.3695771,-0.42963788
1766255499.0183785,0.0026263618,-0.36955488,-0.42946258
1766255499.0264816,0.002271644,-0.36954615,-0.42938334
1766255499.0387373,0.0019211493,-0.3695385,-0.42930913
1766255499.0453346,0.0015736192,-0.3695309,-0.42923966
1766255499.0593126,0.00089164777,-0.36952034,-0.42909297
1766255499.0663683,0.00049919623,-0.36916327,-0.42887273
1766255499.0786731,0.00010340128,-0.36881745,-0.42866045
1766255499.0857277,-0.00028710335,-0.3684813,-0.4284565
1766255499.0991082,-0.0010582095,-0.3678317,-0.42807117
1766255499.1068141,-0.0014367781,-0.36752012,-0.42787957
1766255499.1189592,-0.0018126444,-0.36721528,-0.4276952
1766255499.1258786,-0.00218371,-0.36691925,-0.42751843
1766255499.1394572,-0.00291682,-0.36634794,-0.42718554
1766255499.1473532,-0.0032696805,-0.36606863,-0.427029
1766255499.15946,-0.0036192685,-0.36579645,-0.42686772
1766255499.1660168,-0.0039645988,-0.36553234,-0.42671338
1766255499.1796,-0.004647822,-0.36502278,-0.4264237
1766255499.187886,-0.0043269703,-0.36459997,-0.42626837
1766255499.1994646,-0.004017777,-0.36418834,-0.42611858
1766255499.2064142,-0.0037187913,-0.36378866,-0.42596337
1766255499.2205448,-0.0031537544,-0.36301637,-0.42566895
1766255499.2279189,-0.0028841866,-0.362646,-0.42553
1766255499.2398202,-0.0026263876,-0.36228397,-0.4253959
1766255499.2465835,-0.0023776733,-0.36193225,-0.42526695
1766255499.2601616,-0.0021371667,-0.3615912,-0.42513204
1766255499.26678,-0.001907496,-0.36125785,-0.42500195
1766255499.2799551,-0.0014724254,-0.36062017,-0.42475685
1766255499.2869148,-0.0012676712,-0.36031437,-0.42464152
1766255499.3011792,-0.00090439466,-0.35972512,-0.42442477
1766255499.3083723,-0.00074564695,-0.35944086,-0.42431277
1766255499.320362,-0.00032455707,-0.3595271,-0.42379847
1766255499.3272786,8.4372004e-05,-0.35961324,-0.4232989
1766255499.3404486,0.0008696584,-0.35978815,-0.42234308
1766255499.3491092,0.001244252,-0.35987452,-0.42188546
1766255499.3608012,0.0016079501,-0.35996097,-0.42143235
1766255499.3675506,0.0019610566,-0.36004764,-0.42099237
1766255499.381352,0.0026501366,-0.36024144,-0.42015076
1766255499.389549,0.0029841051,-0.36034644,-0.41974816
1766255499.400966,0.00330838,-0.36045173,-0.4193574
1766255499.4076881,0.0036237573,-0.36055788,-0.41896945
1766255499.4213316,0.004227573,-0.360772,-0.41822776
1766255499.4297535,0.00451528,-0.360879,-0.41787326
1766255499.4417906,0.0051464997,-0.3607299,-0.41752326
1766255499.4480355,0.00576305,-0.36058775,-0.41718405
1766255499.4618332,0.0063623656,-0.36044988,-0.41684657
1766255499.468333,0.0069295596,-0.36033046,-0.41651937
1766255499.4820447,0.008019448,-0.3601064,-0.41589478
1766255499.4883208,0.00854345,-0.36000204,-0.41559693
1766255499.50159,0.009550747,-0.35980752,-0.41502908
1766255499.5103834,0.010033525,-0.35971612,-0.4147499
1766255499.5217562,0.010503423,-0.35962898,-0.4144796
1766255499.5286708,0.010960742,-0.35954598,-0.41421798
1766255499.5424204,0.011820035,-0.35940218,-0.4137203
1766255499.5500479,0.012231011,-0.35933504,-0.4134836
1766255499.562425,0.0126307495,-0.35927156,-0.41324607
1766255499.5691268,0.012311628,-0.35912135,-0.4133216
1766255499.5822716,0.011999097,-0.35897574,-0.41339725
1766255499.5893817,0.011692916,-0.3588346,-0.41347304
1766255499.6020641,0.011101895,-0.35855937,-0.41362524
1766255499.609449,0.010814135,-0.35842323,-0.41369128
1766255499.6228125,0.01053173,-0.35829124,-0.41375783
1766255499.6293852,0.010254454,-0.35816333,-0.41382492
1766255499.6427145,0.009714431,-0.35791948,-0.4139607
1766255499.6497822,0.009451247,-0.35780334,-0.41402942
1766255499.6632493,0.008939942,-0.35758427,-0.41415006
1766255499.6713483,0.0086942585,-0.35747898,-0.41421154
1766255499.683189,0.008452249,-0.3573772,-0.41427383
1766255499.6899962,0.008213763,-0.3572789,-0.41433695
1766255499.7039862,0.008307481,-0.35774252,-0.41346103
1766255499.7113838,0.008350618,-0.35796902,-0.4130367
1766255499.7240934,0.008391298,-0.35819218,-0.41262543
1766255499.7303271,0.008430197,-0.35841262,-0.41222686
1766255499.7435882,0.008516768,-0.35885745,-0.41146642
1766255499.75218,0.00855568,-0.35907477,-0.41110379
1766255499.7632215,0.00859238,-0.35928938,-0.41074508
1766255499.7711794,0.008627881,-0.35950118,-0.41039753
1766255499.784674,0.0086926455,-0.35991752,-0.40973473
1766255499.7918074,0.0087220445,-0.36012226,-0.40937963
1766255499.8045495,0.008727859,-0.36026657,-0.40891916
1766255499.8107777,0.008654245,-0.3604037,-0.40854084
1766255499.8249438,0.007523621,-0.36062792,-0.40928045
1766255499.8340673,0.007002724,-0.36076078,-0.40964943
1766255499.844062,0.0065044304,-0.36090428,-0.41001087
1766255499.8514574,0.0060285213,-0.36105844,-0.410365
1766255499.865539,0.00512935,-0.36139014,-0.41103315
1766255499.8729994,0.004653504,-0.36152598,-0.41135567
1766255499.8852725,0.004166188,-0.36167303,-0.41167176
1766255499.8916407,0.0036868262,-0.36182067,-0.41198188
1766255499.9051502,0.002750915,-0.36211762,-0.412585
1766255499.9144046,0.0022938317,-0.36226693,-0.41286713
1766255499.9253852,0.0018436518,-0.36241677,-0.41314435
1766255499.9321706,0.0014001282,-0.3625672,-0.41341683
1766255499.9460015,0.0009630206,-0.36271808,-0.41368476
1766255499.9522548,0.00046574674,-0.36293212,-0.41361862
1766255499.9660149,-0.00045922963,-0.36339116,-0.413495
1766255499.9722993,-0.00090925454,-0.36362144,-0.41343477
1766255499.985409,-0.0017885603,-0.36408052,-0.4133258
1766255499.994936,-0.0022159491,-0.36431158,-0.41327727
1766255500.0060022,-0.0026372958,-0.3645417,-0.41323215
1766255500.0129611,-0.0030505247,-0.3647732,-0.41318166
1766255500.0269954,-0.0038496049,-0.36520985,-0.41309124
1766255500.0348322,-0.0042396043,-0.36542854,-0.41305122
1766255500.0473425,-0.0046221893,-0.36564866,-0.41301477
1766255500.0531807,-0.00499982,-0.365868,-0.41298133
1766255500.066942,-0.00573674,-0.36630827,-0.4129073
1766255500.0752642,-0.0056266873,-0.3662859,-0.41362315
1766255500.0872312,-0.005521909,-0.36626893,-0.41432354
1766255500.093774,-0.0054087816,-0.3662517,-0.41500878
1766255500.1072915,-0.0051991404,-0.36623022,-0.41633457
1766255500.1149201,-0.0050993827,-0.36622843,-0.41696313
1766255500.128019,-0.0050049936,-0.36623037,-0.41757828
1766255500.13382,-0.0049152076,-0.36623642,-0.41818053
1766255500.1477072,-0.0047449428,-0.366264,-0.4193484
1766255500.1554763,-0.004666553,-0.36628306,-0.4199144
1766255500.1675918,-0.004560564,-0.36635858,-0.42045584
1766255500.1743166,-0.0044595697,-0.36643642,-0.42098644
1766255500.1876261,-0.0042691194,-0.36660123,-0.42201665
1766255500.1955967,-0.00410044,-0.36636934,-0.42214406
1766255500.208458,-0.003938386,-0.36614418,-0.42227188
1766255500.2143655,-0.0037810486,-0.36592707,-0.4223892
1766255500.227757,-0.0034659307,-0.36552438,-0.42262706
1766255500.236639,-0.0033103959,-0.3653362,-0.42274714
1766255500.2482162,-0.003159269,-0.36515507,-0.422868
1766255500.2547758,-0.0030106602,-0.3649824,-0.42298982
1766255500.2686653,-0.0028674786,-0.36481535,-0.42310178
1766255500.2748425,-0.0027290497,-0.36465427,-0.42321458
1766255500.2880769,-0.0024624707,-0.36435238,-0.4234428
1766255500.2949486,-0.0023354134,-0.3642102,-0.423558
1766255500.308438,-0.0021252737,-0.36394128,-0.4237899
1766255500.3167841,-0.0020254923,-0.3638151,-0.4238953
1766255500.3284395,-0.001979267,-0.363737,-0.4243016
1766255500.3352585,-0.0019359117,-0.36366093,-0.42470065
1766255500.3488822,-0.0018553018,-0.36351672,-0.42547792
1766255500.356329,-0.0018174583,-0.36344892,-0.42585656
1766255500.368823,-0.00177946,-0.36338547,-0.42621687
1766255500.3756335,-0.0017299901,-0.36332873,-0.42657116
1766255500.3890977,-0.0016829019,-0.36327416,-0.42691958
1766255500.3959916,-0.0016376078,-0.3632223,-0.42726237
1766255500.4090502,-0.0015517927,-0.36312693,-0.42793155
1766255500.4159715,-0.0015100534,-0.36308438,-0.4282454
1766255500.4289882,-0.0014354882,-0.36300376,-0.42885873
1766255500.4368596,-0.0014276104,-0.36295578,-0.4291585
1766255500.4496045,-0.002001153,-0.362758,-0.42925373
1766255500.4559965,-0.0025627655,-0.3625651,-0.4293495
1766255500.4695103,-0.003649344,-0.3621954,-0.4295215
1766255500.4785378,-0.0041774698,-0.36201635,-0.42960855
1766255500.4894035,-0.0046951124,-0.36184174,-0.4296963
1766255500.4961493,-0.0052026357,-0.36167145,-0.42978472
1766255500.5102837,-0.005700372,-0.3615054,-0.42987373
1766255500.5162466,-0.006184491,-0.36135024,-0.42996332
1766255500.5295517,-0.0071233413,-0.36105385,-0.4301211
1766255500.5365055,-0.0075810887,-0.36091045,-0.43020114
1766255500.5501924,-0.0080306195,-0.3607708,-0.43028194
1766255500.5569386,-0.0084722135,-0.36063483,-0.43036342
1766255500.569745,-0.009332643,-0.36037368,-0.43051744
1766255500.5770059,-0.009038706,-0.36058345,-0.43080327
1766255500.5911367,-0.008519754,-0.36093444,-0.43135878
1766255500.598559,-0.0082719205,-0.36110735,-0.43162897
1766255500.6105065,-0.008034331,-0.3612764,-0.4318941
1766255500.6173928,-0.0078049004,-0.36144316,-0.43214163
1766255500.6306405,-0.007369398,-0.3617705,-0.43262386
1766255500.63965,-0.0071628545,-0.36193126,-0.43285885
1766255500.650714,-0.0069634677,-0.36209026,-0.43308988
1766255500.6580205,-0.0067585055,-0.36225134,-0.43331712
1766255500.6721597,-0.006368925,-0.36256886,-0.43373507
1766255500.6797435,-0.0061820825,-0.36272693,-0.43393937
1766255500.6910186,-0.006002713,-0.3628827,-0.43414053
1766255500.6979854,-0.0058299894,-0.36303678,-0.43433872
1766255500.7117145,-0.004552275,-0.36341265,-0.43635097
1766255500.7199235,-0.0039328244,-0.36359626,-0.4373062
1766255500.731533,-0.0033282787,-0.36377728,-0.43823978
1766255500.7386816,-0.0027382565,-0.36395577,-0.4391524
1766255500.7521255,-0.0016002599,-0.36430556,-0.44091693
1766255500.7599587,-0.001051577,-0.36447698,-0.44177005
1766255500.7720382,-0.00051595777,-0.3646462,-0.44258785
1766255500.7785935,6.9384114e-06,-0.3648132,-0.4433879
1766255500.792268,0.001009006,-0.36513618,-0.44493705
1766255500.800334,0.0014864757,-0.36529037,-0.445687
1766255500.8120766,0.0019526156,-0.36544272,-0.4464212
1766255500.819082,0.0024077217,-0.36559328,-0.44712335
1766255500.832818,0.0027361054,-0.36544582,-0.44782054
1766255500.8392012,0.003057152,-0.36530373,-0.44846436
1766255500.85239,0.0035636576,-0.3649116,-0.4495594
1766255500.859418,0.0038359228,-0.36476147,-0.45018497
1766255500.8726141,0.004138045,-0.3646382,-0.4508028
1766255500.8796632,0.0044478565,-0.36453053,-0.45140874
1766255500.8930163,0.005086758,-0.36435822,-0.45258635
1766255500.8999364,0.0054136585,-0.36429238,-0.4531594
1766255500.9118676,0.0057117017,-0.3642127,-0.45372057
1766255500.919722,0.0059747645,-0.36411408,-0.45426995
1766255500.9328892,0.0064946716,-0.36391482,-0.4553055
1766255500.9397125,0.006751601,-0.36381415,-0.45580924
1766255500.953215,0.00700262,-0.36371726,-0.45630395
1766255500.9598494,0.007355612,-0.3632369,-0.4564643
1766255500.973426,0.008037548,-0.3623111,-0.45676857
1766255500.980019,0.00836684,-0.361865,-0.45691288
1766255500.9943495,0.009002752,-0.36100534,-0.45720065
1766255501.0014927,0.009320585,-0.3605613,-0.45734546
1766255501.0135431,0.009630834,-0.36012742,-0.4574894
1766255501.0203938,0.00993408,-0.3597035,-0.4576178
1766255501.0340707,0.010520336,-0.35888448,-0.4578751
1766255501.0417755,0.010803633,-0.35848892,-0.45800397
1766255501.0545306,0.011080573,-0.35810226,-0.45813292
1766255501.0607288,0.011351272,-0.35772428,-0.45826197
1766255501.0747032,0.011615893,-0.35735476,-0.45837557
1766255501.0809069,0.011888514,-0.35699528,-0.45848978
1766255501.0940409,0.01364483,-0.35710835,-0.45989934
1766255501.1012294,0.01449452,-0.35716438,-0.46058315
1766255501.1139903,0.016142532,-0.3572698,-0.46188426
1766255501.1221697,0.016954677,-0.357314,-0.462434
1766255501.1345446,0.017732501,-0.35736606,-0.46305
1766255501.1411538,0.0185544,-0.35742116,-0.46364918
1766255501.1557257,0.020082373,-0.35748374,-0.46474078
1766255501.1626425,0.020846693,-0.35754162,-0.46529034
1766255501.1751473,0.021613408,-0.3576107,-0.4658341
1766255501.1820037,0.022368692,-0.35767862,-0.4663646
1766255501.1947937,0.023768796,-0.3577586,-0.4673929
1766255501.203361,0.024559472,-0.3582114,-0.46759918
1766255501.2151453,0.025353292,-0.35865447,-0.46780458
1766255501.222104,0.026120503,-0.35906643,-0.4679775
1766255501.236018,0.027579192,-0.3598726,-0.4683453
1766255501.2427862,0.028303472,-0.3602823,-0.46853086
1766255501.255084,0.029023595,-0.36069378,-0.46871597
1766255501.2625,0.029739935,-0.36110726,-0.46890068
1766255501.2760763,0.031106696,-0.36188132,-0.469219
1766255501.283634,0.03175523,-0.36225843,-0.4693852
1766255501.295576,0.032402217,-0.362639,-0.46955112
1766255501.3024125,0.033047147,-0.36302274,-0.4697171
1766255501.3172581,0.03366888,-0.3633775,-0.46986905
1766255501.3224955,0.03425759,-0.36372104,-0.47002918
1766255501.3356166,0.035420917,-0.36347452,-0.4700198
1766255501.34311,0.035995528,-0.36289877,-0.46987087
1766255501.35621,0.036569905,-0.36234608,-0.46972954
1766255501.3632398,0.037121117,-0.361808,-0.46959454
1766255501.3766706,0.03816372,-0.3607491,-0.4693285
1766255501.3835423,0.038670942,-0.3602399,-0.46919832
1766255501.3975198,0.039169006,-0.35974365,-0.46907493
1766255501.4034674,0.039658103,-0.35925993,-0.46895814
1766255501.416775,0.040610146,-0.35832837,-0.46874365
1766255501.4233482,0.04107326,-0.3578795,-0.46863133
1766255501.436818,0.04193952,-0.35702124,-0.46842617
1766255501.4456184,0.042361632,-0.35660812,-0.46833262
1766255501.456663,0.04259118,-0.35610855,-0.46823967
1766255501.4637964,0.042816956,-0.35562104,-0.46815223
1766255501.478172,0.043254465,-0.35467675,-0.4679626
1766255501.4853435,0.04346678,-0.35421994,-0.4678755
1766255501.4978228,0.043670986,-0.35377246,-0.46779364
1766255501.5037353,0.043870144,-0.3533337,-0.46771643
1766255501.5168388,0.044258036,-0.35248604,-0.46757635
1766255501.5256279,0.04444577,-0.3520756,-0.4674991
1766255501.5370154,0.04463094,-0.3516753,-0.4674269
1766255501.5440292,0.044810753,-0.35128215,-0.46735898
1766255501.5573006,0.045161948,-0.35052374,-0.46723714
1766255501.565676,0.04534177,-0.3501397,-0.4671826
1766255501.577319,0.045519177,-0.34976503,-0.46711853
1766255501.5842962,0.045282025,-0.34897316,-0.46708795
1766255501.5980084,0.044826034,-0.3474401,-0.46703723
1766255501.606116,0.044605095,-0.34669647,-0.46701664
1766255501.6178062,0.04439014,-0.34596896,-0.46699935
1766255501.6249852,0.044178147,-0.34525448,-0.46697012
1766255501.6385841,0.04397129,-0.34455484,-0.46694434
1766255501.6447778,0.04376426,-0.34386697,-0.46692201
1766255501.6584158,0.043359634,-0.34252846,-0.46688655
1766255501.6647003,0.043165278,-0.34188032,-0.46687374
1766255501.6777713,0.042785477,-0.34061888,-0.46682915
1766255501.6868925,0.04260269,-0.3400075,-0.46681198
1766255501.6986058,0.042422343,-0.33940673,-0.46679783
1766255501.7051034,0.042209774,-0.33882025,-0.4667866
1766255501.7191703,0.041120928,-0.3371937,-0.46699387
1766255501.7270854,0.040594656,-0.33640522,-0.46708202
1766255501.738797,0.040080786,-0.3356333,-0.4671705
1766255501.7455626,0.03957957,-0.33487815,-0.46725944
1766255501.759395,0.038612746,-0.3334156,-0.46743855
1766255501.7667873,0.038145352,-0.3327064,-0.46752855
1766255501.7787042,0.037696242,-0.3320222,-0.4676046
1766255501.786026,0.03725885,-0.33135337,-0.46768156
1766255501.7994184,0.036410965,-0.33005425,-0.46783736
1766255501.8066976,0.036001775,-0.3294249,-0.4679164
1766255501.8192477,0.035603844,-0.3288101,-0.4679964
1766255501.82617,0.03521398,-0.3282071,-0.46806246
1766255501.8397677,0.034656025,-0.32783425,-0.46755219
1766255501.846401,0.03411154,-0.32746914,-0.4670583
1766255501.8598256,0.033110775,-0.32675642,-0.46611792
1766255501.8664575,0.03262853,-0.32641095,-0.4656705
1766255501.8804004,0.032157555,-0.32607216,-0.46522674
1766255501.8867579,0.031698175,-0.32574043,-0.46479744
1766255501.9003806,0.030813674,-0.3250982,-0.46398085
1766255501.9068522,0.030389162,-0.32478842,-0.46359292
1766255501.9198835,0.02958582,-0.32417464,-0.4628552
1766255501.9287488,0.029199108,-0.32387733,-0.46249294
1766255501.940328,0.028822012,-0.32358626,-0.4621429
1766255501.9474392,0.028454911,-0.32330176,-0.4618048
1766255501.9611669,0.028098159,-0.32302427,-0.46147835
1766255501.9675279,0.028030638,-0.32270718,-0.46140927
1766255501.9812496,0.027904337,-0.32209033,-0.46126875
1766255501.987655,0.027842494,-0.32177746,-0.4611975
1766255502.0009038,0.02772793,-0.32116878,-0.46106595
1766255502.0098221,0.027676301,-0.32087368,-0.46100563
1766255502.0208526,0.027625602,-0.3205822,-0.46094865
1766255502.0279727,0.027577596,-0.32029572,-0.46088192
1766255502.0424647,0.027489506,-0.3197372,-0.4607593
1766255502.049483,0.027449358,-0.31946495,-0.46070328
1766255502.0615933,0.027391937,-0.31918013,-0.46065074
1766255502.0681078,0.027337259,-0.3188998,-0.46060154
1766255502.0809672,0.027238317,-0.3183543,-0.46048877
1766255502.0904915,0.027358115,-0.31827882,-0.46059895
1766255502.1009731,0.027476484,-0.31820342,-0.46070707
1766255502.1084237,0.027593456,-0.3181281,-0.46081322
1766255502.1225348,0.027823504,-0.31797785,-0.46101993
1766255502.129779,0.027914518,-0.31792033,-0.46110684
1766255502.1426585,0.028004566,-0.31786278,-0.46119243
1766255502.1485345,0.028094267,-0.31780577,-0.4612768
1766255502.1618757,0.02818425,-0.3177498,-0.4613601
1766255502.169096,0.02827146,-0.31769243,-0.46144217
1766255502.1824157,0.028443202,-0.31757805,-0.46159008
1766255502.1888943,0.028527768,-0.31752104,-0.4616564
1766255502.2028205,0.028704325,-0.31741345,-0.46178716
1766255502.2107935,0.029437432,-0.31746167,-0.4614145
1766255502.223065,0.030154577,-0.31750795,-0.4610531
1766255502.2292163,0.0308562,-0.3175524,-0.4606916
1766255502.2432091,0.032215357,-0.31763655,-0.46000135
1766255502.2513423,0.032874916,-0.31767738,-0.4596721
1766255502.2633147,0.033518814,-0.31771514,-0.4593529
1766255502.269718,0.03418249,-0.31776938,-0.45904365
1766255502.2826135,0.035469893,-0.31787288,-0.45843348
1766255502.2910824,0.036094375,-0.3179222,-0.4581426
1766255502.303322,0.03670655,-0.31797004,-0.4578609
1766255502.3098652,0.037306733,-0.31801635,-0.45758808
1766255502.3238373,0.03846849,-0.3180876,-0.45693818
1766255502.332178,0.03897532,-0.31804892,-0.45658284
1766255502.3440135,0.040274095,-0.31804296,-0.45634806
1766255502.350521,0.041609254,-0.31806856,-0.4561876
1766255502.3638897,0.044242527,-0.31815526,-0.45588568
1766255502.372066,0.045536462,-0.31821173,-0.4557442
1766255502.3840458,0.046815135,-0.31827667,-0.4555988
1766255502.390887,0.04806936,-0.31834236,-0.45545992
1766255502.4044604,0.05041205,-0.318399,-0.45519596
1766255502.4139228,0.051517125,-0.3184529,-0.4550726
1766255502.4244287,0.05259879,-0.3185055,-0.45495495
1766255502.430946,0.053657666,-0.3185568,-0.4548313
1766255502.4440799,0.054694355,-0.31860682,-0.45471337
1766255502.4513419,0.055709444,-0.3186556,-0.45460102
1766255502.4645164,0.056846168,-0.31898418,-0.4545904
1766255502.471145,0.0569882,-0.31925693,-0.4546868
1766255502.4848099,0.05725523,-0.31977698,-0.45485714
1766255502.4937396,0.05738081,-0.32002532,-0.4549428
1766255502.5050347,0.057505783,-0.32026628,-0.4550288
1766255502.5115278,0.057630103,-0.32050005,-0.45511514
1766255502.5253668,0.05787648,-0.3209467,-0.4552887
1766255502.532752,0.057998367,-0.32115996,-0.45536438
1766255502.5454483,0.058119047,-0.32136655,-0.45544064
1766255502.5520272,0.058238942,-0.32156703,-0.4555175
1766255502.5656838,0.0584469,-0.32195342,-0.45567355
1766255502.573968,0.058548816,-0.32213724,-0.4557523
1766255502.5854728,0.058650814,-0.32231647,-0.45581934
1766255502.592714,0.058558945,-0.32264334,-0.45570907
1766255502.6064377,0.05838628,-0.3232751,-0.45550203
1766255502.6141229,0.058302924,-0.32357854,-0.45540488
1766255502.626383,0.05822269,-0.32387474,-0.45531172
1766255502.632693,0.058149356,-0.32416055,-0.4552114
1766255502.6460652,0.058006942,-0.32470843,-0.45502242
1766255502.655313,0.05794064,-0.32497358,-0.45493403
1766255502.666126,0.057874806,-0.32523063,-0.45484912
1766255502.6731787,0.057811145,-0.32548133,-0.45476785
1766255502.6865852,0.05769242,-0.3259665,-0.454594
1766255502.694599,0.057676356,-0.3262083,-0.45451254
1766255502.7062283,0.057663504,-0.3264459,-0.45443484
1766255502.7133913,0.057650857,-0.32667685,-0.45436037
1766255502.7265844,0.058189455,-0.32729062,-0.4540392
1766255502.736039,0.058452725,-0.32758802,-0.45387632
1766255502.7473285,0.058709823,-0.3278773,-0.4537187
1766255502.754016,0.058961548,-0.32815915,-0.45356622
1766255502.767635,0.059209224,-0.32843474,-0.4534189
1766255502.7738779,0.059467852,-0.32870844,-0.45327675
1766255502.787229,0.059968334,-0.3292334,-0.45299694
1766255502.7941828,0.060212277,-0.32948655,-0.4528595
1766255502.8083565,0.060690697,-0.32997704,-0.45259908
1766255502.8157213,0.060923073,-0.33021253,-0.45247558
1766255502.827614,0.06115189,-0.3304424,-0.45235652
1766255502.8349516,0.06136485,-0.33067164,-0.4522313
1766255502.8486965,0.06173587,-0.3311292,-0.45145568
1766255502.8561144,0.061917927,-0.33135,-0.45108297
1766255502.8677843,0.06209841,-0.33156618,-0.45072
1766255502.8751469,0.06227796,-0.33177835,-0.45036662
1766255502.8885508,0.0624572,-0.3319871,-0.45001394
1766255502.8949273,0.06263316,-0.33219,-0.4496703
1766255502.9084666,0.06298093,-0.3325832,-0.44900984
1766255502.915323,0.063155435,-0.3327653,-0.44869247
1766255502.9290152,0.0635028,-0.33312005,-0.44808272
1766255502.9366462,0.063673355,-0.33329082,-0.44778183
1766255502.9485347,0.06384268,-0.333458,-0.44748878
1766255502.9556112,0.064010784,-0.33362162,-0.44720346
1766255502.9685674,0.064177744,-0.33378178,-0.44692558
1766255502.976075,0.06401136,-0.33400196,-0.44658104
1766255502.9891262,0.06369607,-0.33442986,-0.4459135
1766255502.9959931,0.06353772,-0.33463266,-0.44559008
1766255503.0098395,0.063236706,-0.3350263,-0.44497034
1766255503.0171773,0.06309372,-0.33521727,-0.44467363
1766255503.0291433,0.06295556,-0.3354045,-0.44438538
1766255503.0362813,0.06282384,-0.3355895,-0.4440975
1766255503.0496268,0.06257071,-0.3359463,-0.44354618
1766255503.0585504,0.062464964,-0.33612114,-0.44328254
1766255503.0696242,0.062363144,-0.3362926,-0.44302663
1766255503.076539,0.0622651,-0.3364607,-0.44277826
1766255503.0905876,0.062079977,-0.3367873,-0.4422891
1766255503.0983825,0.06202942,-0.33731633,-0.44173568
1766255503.1102233,0.061983332,-0.33783507,-0.44119745
1766255503.1170094,0.061938576,-0.3383414,-0.44067383
1766255503.13005,0.061858248,-0.33932236,-0.43966916
1766255503.1387324,0.061805997,-0.33981183,-0.4391822
1766255503.1503475,0.061756868,-0.34029132,-0.43870854
1766255503.1572819,0.06171081,-0.3407611,-0.4382479
1766255503.1719573,0.061627686,-0.34167248,-0.43736404
1766255503.178555,0.061591133,-0.3421151,-0.43694025
1766255503.1906707,0.06155862,-0.34255004,-0.43652207
1766255503.1978524,0.0615271,-0.34297502,-0.43611526
1766255503.21177,0.061473977,-0.3437737,-0.43533474
1766255503.2190547,0.061473913,-0.34380856,-0.43536463
1766255503.2316842,0.061475314,-0.34384364,-0.4353948
1766255503.2380862,0.061478157,-0.3438789,-0.4354179
1766255503.2525568,0.061488114,-0.34394988,-0.43546557
1766255503.259708,0.061495155,-0.34398553,-0.43549016
1766255503.271193,0.061503533,-0.34402117,-0.43551525
1766255503.2782347,0.06151077,-0.3440538,-0.43554094
1766255503.2920096,0.06153155,-0.3441208,-0.4355778
1766255503.2995079,0.06154258,-0.34415308,-0.43559736
1766255503.311343,0.061554834,-0.3441851,-0.43561774
1766255503.318585,0.061568283,-0.3442169,-0.4356389
1766255503.332682,0.06159869,-0.3442796,-0.43568367
1766255503.3398447,0.06158862,-0.34431374,-0.4356998
1766255503.3515215,0.061584678,-0.3439355,-0.4349097
1766255503.3588653,0.061576325,-0.3435502,-0.4340113
1766255503.372762,0.061427608,-0.34272078,-0.4323791
1766255503.3804495,0.061409563,-0.34237254,-0.43167815
1766255503.3920145,0.061410118,-0.34204766,-0.43099385
1766255503.399259,0.061423406,-0.34174117,-0.4303286
1766255503.4126697,0.061500523,-0.34120044,-0.42905366
1766255503.4205716,0.061553136,-0.34095752,-0.42844316
1766255503.4322307,0.06156437,-0.3406892,-0.42784765
1766255503.4391906,0.061567895,-0.34042227,-0.42726564
1766255503.4515946,0.061571047,-0.34016237,-0.42669967
1766255503.4602656,0.061573863,-0.33990932,-0.4261493
1766255503.4723957,0.061805565,-0.33918074,-0.42475343
1766255503.479727,0.062029228,-0.33871013,-0.42391568
1766255503.4939938,0.06248161,-0.3378286,-0.4223034
1766255503.500461,0.062699944,-0.3374037,-0.42152908
1766255503.512794,0.06291316,-0.33698845,-0.4207761
1766255503.5196826,0.0631214,-0.33658364,-0.42004135
1766255503.5329406,0.06352487,-0.33580282,-0.4186309
1766255503.5415137,0.063720174,-0.3354262,-0.417952
1766255503.5531023,0.06391141,-0.3350585,-0.4172909
1766255503.5599215,0.06404925,-0.33469748,-0.41664705
1766255503.5741076,0.06431525,-0.3340002,-0.41540942
1766255503.581587,0.06444389,-0.3336637,-0.41481477
1766255503.593183,0.064570256,-0.33333552,-0.41423446
1766255503.5998917,0.06462766,-0.3331751,-0.41360313
1766255503.6134312,0.06474035,-0.33286822,-0.4123897
1766255503.6219456,0.064796254,-0.33272204,-0.41180685
1766255503.6329715,0.06485702,-0.33258817,-0.4112393
1766255503.6407564,0.064939275,-0.3324534,-0.4106102
1766255503.654587,0.06507386,-0.33220956,-0.40952796
1766255503.661405,0.06513572,-0.3320773,-0.40900528
1766255503.6742134,0.065172486,-0.3319444,-0.40848395
1766255503.6806026,0.0652127,-0.33183023,-0.40793508
1766255503.6936908,0.065343544,-0.33164874,-0.407013
1766255503.702654,0.06538222,-0.3315365,-0.40655857
1766255503.713716,0.06539798,-0.33141842,-0.40612334
1766255503.7209544,0.06542455,-0.33131686,-0.40570357
1766255503.735059,0.06609883,-0.3315475,-0.40437302
1766255503.7425106,0.06641941,-0.3316439,-0.40372083
1766255503.75461,0.0667127,-0.33173388,-0.4030933
1766255503.761521,0.06701182,-0.33183864,-0.40248594
1766255503.7747746,0.0675973,-0.33207893,-0.40131694
1766255503.7835696,0.06789236,-0.33220333,-0.40075022
1766255503.794586,0.068152145,-0.33229578,-0.4001909
1766255503.8024213,0.06840732,-0.3324024,-0.39965698
1766255503.8157177,0.06893989,-0.33264604,-0.39862904
1766255503.8232353,0.069209784,-0.33277187,-0.3981289
1766255503.836398,0.06944714,-0.33286625,-0.3976322
1766255503.8424678,0.06965927,-0.33296356,-0.3971617
1766255503.8557792,0.0704041,-0.3331532,-0.3974656
1766255503.8640237,0.070780076,-0.33326182,-0.39761147
1766255503.8761852,0.07115389,-0.33337566,-0.3977533
1766255503.8828564,0.07149862,-0.33347282,-0.39788967
1766255503.8970807,0.07215883,-0.33366412,-0.39814565
1766255503.9045548,0.07247889,-0.33376142,-0.39826846
1766255503.916803,0.072784565,-0.33385074,-0.39838797
1766255503.9231055,0.07308399,-0.3339411,-0.3985044
1766255503.936583,0.07366454,-0.33412448,-0.39872834
1766255503.9450734,0.07394615,-0.33421767,-0.39883354
1766255503.956457,0.07422267,-0.33431223,-0.3989363
1766255503.9633036,0.07449479,-0.33440867,-0.3990369
1766255503.9769728,0.074761555,-0.3345058,-0.39913514
1766255503.9835906,0.07504539,-0.33469266,-0.39910915
1766255503.9975975,0.07559488,-0.3350657,-0.39905724
1766255504.003592,0.07585957,-0.33525044,-0.39903095
1766255504.0172338,0.07637189,-0.3356187,-0.3989793
1766255504.026533,0.0766197,-0.33580205,-0.39895388
1766255504.0369053,0.076860875,-0.33598357,-0.3989284
1766255504.0443156,0.077097684,-0.33616543,-0.3989023
1766255504.0580268,0.07754934,-0.3365256,-0.39885017
1766255504.0652492,0.07776723,-0.33670416,-0.3988243
1766255504.077971,0.07798023,-0.33688194,-0.39879856
1766255504.0840156,0.0781896,-0.33706003,-0.39877316
1766255504.0971704,0.078592785,-0.33741215,-0.39871863
1766255504.1059835,0.07804642,-0.33766305,-0.39873043
1766255504.1175287,0.07753059,-0.33790874,-0.39874184
1766255504.1245384,0.07702929,-0.3381545,-0.39875332
1766255504.1384363,0.07606126,-0.3386392,-0.39877516
1766255504.1458828,0.07559617,-0.33888036,-0.3987848
1766255504.1583843,0.075140774,-0.3391185,-0.39879405
1766255504.1645224,0.07469648,-0.33935538,-0.3988033
1766255504.1782606,0.07384204,-0.33982626,-0.3988213
1766255504.187424,0.07342903,-0.34005848,-0.39882997
1766255504.1978714,0.073020056,-0.34028122,-0.39883664
1766255504.2055154,0.072621904,-0.34050372,-0.39884344
1766255504.2191305,0.07184994,-0.3409416,-0.39885646
1766255504.226241,0.07114097,-0.34096444,-0.39877418
1766255504.239683,0.07044714,-0.34098962,-0.39869422
1766255504.2452965,0.06976861,-0.34101757,-0.39861515
1766255504.258856,0.068462595,-0.34109008,-0.3984645
1766255504.267138,0.0678319,-0.34113222,-0.3983925
1766255504.2788875,0.06721541,-0.3411771,-0.39832267
1766255504.2859726,0.0666134,-0.34122518,-0.39825502
1766255504.2992413,0.066026084,-0.34127685,-0.398189
1766255504.3060174,0.06545014,-0.34132937,-0.3981248
1766255504.3202507,0.06433646,-0.34144133,-0.39800212
1766255504.3257697,0.06379983,-0.3415021,-0.3979437
1766255504.33945,0.0627797,-0.341622,-0.39783186
1766255504.3473425,0.062286265,-0.34168458,-0.3977779
1766255504.35968,0.06127578,-0.34209168,-0.39764354
1766255504.366084,0.06028787,-0.34249458,-0.39751315
1766255504.380361,0.05837032,-0.34328204,-0.39726305
1766255504.3875995,0.057441406,-0.34366846,-0.39714324
1766255504.3999944,0.056531712,-0.3440502,-0.39702594
1766255504.406444,0.055634048,-0.34442022,-0.39691213
1766255504.4200099,0.05389017,-0.34514472,-0.3966938
1766255504.4284897,0.05304426,-0.3455005,-0.39658916
1766255504.440209,0.052215315,-0.34585226,-0.39648747
1766255504.4469297,0.051402852,-0.34620014,-0.3963886
1766255504.46046,0.0498281,-0.3468867,-0.39619926
1766255504.4681947,0.049062576,-0.34722352,-0.39610845
1766255504.4803119,0.048387803,-0.34729078,-0.3961012
1766255504.4870424,0.047724,-0.34735912,-0.39609465
1766255504.5005198,0.0464287,-0.3474993,-0.39608264
1766255504.5093749,0.045797855,-0.34757215,-0.3960777
1766255504.5210824,0.045175083,-0.34764436,-0.39607322
1766255504.5274596,0.044562034,-0.34771737,-0.39606932
1766255504.5414555,0.043958522,-0.34779108,-0.396066
1766255504.5475678,0.043353543,-0.34786502,-0.39606315
1766255504.5612047,0.042171244,-0.3480146,-0.39605817
1766255504.5678318,0.04159538,-0.3480916,-0.3960566
1766255504.5811698,0.040466644,-0.34824434,-0.39605471
1766255504.5897293,0.03991465,-0.34832096,-0.39605445
1766255504.601365,0.039370887,-0.34839782,-0.39605424
1766255504.608538,0.03928515,-0.3481447,-0.39552298
1766255504.622427,0.039105337,-0.3476565,-0.3945032
1766255504.6299512,0.039013296,-0.3474235,-0.39401385
1766255504.6418557,0.038921803,-0.3471991,-0.3935378
1766255504.6487684,0.038827933,-0.34698066,-0.39307714
1766255504.6620164,0.038636047,-0.3465628,-0.39219242
1766255504.6700265,0.038538836,-0.3463635,-0.39176768
1766255504.682538,0.038440924,-0.34617046,-0.3913542
1766255504.6887245,0.038335558,-0.34597746,-0.3909516
1766255504.7031472,0.03812361,-0.3456091,-0.3901834
1766255504.71058,0.038017202,-0.3454334,-0.38981435
1766255504.7223325,0.037910584,-0.3452632,-0.38945496
1766255504.7291784,0.037804484,-0.34509882,-0.389105
1766255504.7425141,0.037895415,-0.3452225,-0.38907906
1766255504.7493954,0.037978992,-0.34534463,-0.3890537
1766255504.7628496,0.038139544,-0.34559822,-0.38900664
1766255504.7702515,0.03821678,-0.34572965,-0.388984
1766255504.783765,0.038356736,-0.34599227,-0.3889406
1766255504.791059,0.038419724,-0.34612355,-0.3889198
1766255504.8028846,0.03847827,-0.34625491,-0.3888996
1766255504.8097777,0.038532488,-0.34638637,-0.38887998
1766255504.823121,0.038582504,-0.34651798,-0.38886094
1766255504.8301384,0.038628448,-0.34664974,-0.3888425
1766255504.8427868,0.038643297,-0.34685412,-0.38861352
1766255504.8502674,0.038563732,-0.34692076,-0.38852203
1766255504.864166,0.03792111,-0.34659395,-0.38801497
1766255504.8716574,0.03763819,-0.34646204,-0.38778245
1766255504.8836098,0.03737197,-0.34634608,-0.3875564
1766255504.8906121,0.037122127,-0.3462459,-0.38733667
1766255504.9040966,0.036886066,-0.3461572,-0.38712516
1766255504.9106371,0.036630776,-0.34605604,-0.3869183
1766255504.9240222,0.036072217,-0.34582403,-0.3865187
1766255504.9316046,0.035797525,-0.34571582,-0.38632697
1766255504.9444835,0.035256844,-0.34551424,-0.3859588
1766255504.9519446,0.034990676,-0.34542054,-0.3857835
1766255504.9641697,0.034727175,-0.3453314,-0.38561288
1766255504.9713428,0.034499824,-0.3452525,-0.38544676
1766255504.9848258,0.034274556,-0.34517783,-0.38528502
1766255504.9913454,0.033934455,-0.3448321,-0.3852642
1766255505.004016,0.03326938,-0.3441684,-0.38522947
1766255505.011678,0.03294389,-0.34384945,-0.385213
1766255505.0252929,0.03230671,-0.34323648,-0.38518208
1766255505.0326395,0.032003444,-0.3429482,-0.38516766
1766255505.044874,0.031704437,-0.34266758,-0.38515386
1766255505.0517895,0.03140959,-0.34239447,-0.3851422
1766255505.065321,0.030833682,-0.34187153,-0.38512096
1766255505.073779,0.030551286,-0.34162024,-0.38511115
1766255505.085082,0.030272685,-0.34137568,-0.38510185
1766255505.0922296,0.029998928,-0.3411388,-0.3850933
1766255505.10544,0.029481784,-0.34068194,-0.38507867
1766255505.113408,0.029509477,-0.34069148,-0.38558072
1766255505.1249394,0.02953387,-0.3406998,-0.38607004
1766255505.1321275,0.029557606,-0.3407094,-0.38654748
1766255505.1452997,0.029577369,-0.34071672,-0.38701245
1766255505.1522553,0.029594006,-0.3407228,-0.38746566
1766255505.1653705,0.029622544,-0.3407354,-0.38833427
1766255505.172657,0.029632274,-0.34073994,-0.38875225
1766255505.1860347,0.02962485,-0.34077665,-0.38955778
1766255505.193838,0.029617159,-0.34079328,-0.3899455
1766255505.206043,0.029607698,-0.34080955,-0.39032233
1766255505.2132318,0.029598283,-0.3408271,-0.39069015
1766255505.2258165,0.029586008,-0.34084332,-0.39104882
1766255505.2329712,0.02957158,-0.34085882,-0.39139867
1766255505.246179,0.02899104,-0.3409644,-0.39271763
1766255505.252912,0.028711764,-0.34100714,-0.3933484
1766255505.2671945,0.028168198,-0.34108883,-0.39456353
1766255505.2745104,0.027904788,-0.34112898,-0.39514893
1766255505.2865696,0.027643962,-0.3411663,-0.39571974
1766255505.2932727,0.027387397,-0.3412024,-0.39627653
1766255505.3070884,0.027135517,-0.34123793,-0.39681566
1766255505.3135774,0.026888775,-0.3412735,-0.39734176
1766255505.3268816,0.026376037,-0.34134445,-0.39835548
1766255505.333626,0.026125308,-0.3413785,-0.39884394
1766255505.3477008,0.025636757,-0.34144616,-0.39978594
1766255505.3555434,0.025396325,-0.34147775,-0.40023574
1766255505.3673277,0.02532552,-0.34137237,-0.40063256
1766255505.374415,0.025253458,-0.34126812,-0.4010201
1766255505.38774,0.025181916,-0.34116653,-0.4013988
1766255505.3943257,0.025081504,-0.34104463,-0.40176862
1766255505.407243,0.02487674,-0.34080353,-0.40247974
1766255505.414604,0.024773052,-0.34068483,-0.4028216
1766255505.428091,0.024565559,-0.34045312,-0.40348205
1766255505.436095,0.024459358,-0.340338,-0.40380085
1766255505.447514,0.02435237,-0.34022403,-0.4041123
1766255505.4548275,0.024244625,-0.34011123,-0.4044137
1766255505.4681046,0.024037665,-0.33986586,-0.4049959
1766255505.4767568,0.023934474,-0.3397463,-0.4052772
1766255505.4876986,0.024065679,-0.33974627,-0.4056922
1766255505.4949517,0.024189387,-0.33974633,-0.40609708
1766255505.5091677,0.024415227,-0.33974692,-0.40687042
1766255505.5163302,0.02451774,-0.33974746,-0.4072431
1766255505.5278752,0.024606237,-0.3397372,-0.4076068
1766255505.534883,0.02468948,-0.33972833,-0.40796185
1766255505.5485966,0.024833767,-0.33970892,-0.40864626
1766255505.5566628,0.024896955,-0.33969992,-0.4089725
1766255505.567993,0.024954388,-0.33969143,-0.40929097
1766255505.5755067,0.02500624,-0.33968347,-0.40960184
1766255505.5894177,0.025093708,-0.33966935,-0.41020152
1766255505.5966525,0.025130428,-0.33967388,-0.41049096
1766255505.6084929,0.025160907,-0.339678,-0.41076982
1766255505.6155813,0.024964144,-0.33965188,-0.41059557
1766255505.629217,0.024577621,-0.33960593,-0.4102619
1766255505.6371505,0.024387699,-0.33958602,-0.4101022
1766255505.648765,0.02419991,-0.33956814,-0.40994704
1766255505.6558473,0.024014192,-0.33955222,-0.4097944
1766255505.6703093,0.023649214,-0.3395303,-0.4095018
1766255505.6774976,0.023471039,-0.33952513,-0.40936175
1766255505.6898017,0.023292819,-0.33952025,-0.4092255
1766255505.6960793,0.023116352,-0.33951706,-0.409093
1766255505.7095518,0.022768455,-0.33951566,-0.40883508
1766255505.7187111,0.022596918,-0.33951735,-0.4087114
1766255505.729133,0.022426924,-0.33952063,-0.40859106
1766255505.7366138,0.02225526,-0.33953017,-0.408474
1766255505.750235,0.021224577,-0.33887875,-0.40802246
1766255505.75801,0.020725504,-0.33856556,-0.4078045
1766255505.7699468,0.020236854,-0.33826035,-0.40759182
1766255505.7768514,0.019760134,-0.33796442,-0.40738428
1766255505.790217,0.018832719,-0.3373925,-0.40698394
1766255505.7989104,0.018382689,-0.33711708,-0.40679085
1766255505.8101728,0.017932301,-0.33686084,-0.40660208
1766255505.8170736,0.017490707,-0.33661115,-0.4064178
1766255505.8311727,0.016632862,-0.33613083,-0.4060622
1766255505.8384435,0.016216082,-0.33589974,-0.40589067
1766255505.8508098,0.015807081,-0.3356745,-0.40572318
1766255505.8574069,0.015405622,-0.3354549,-0.40555927
1766255505.87055,0.014848566,-0.33462828,-0.40599498
1766255505.8796022,0.014534582,-0.33424017,-0.40624934
1766255505.8910606,0.01428995,-0.33389133,-0.40656212
1766255505.8978143,0.014066689,-0.3335634,-0.40686572
1766255505.9116676,0.013858841,-0.33325145,-0.4071575
1766255505.917873,0.013666404,-0.3329554,-0.40744102
1766255505.9315069,0.013314069,-0.33240172,-0.4079855
1766255505.9380455,0.013101165,-0.33210146,-0.40824443
1766255505.9516113,0.012894172,-0.33180377,-0.40849575
1766255505.9585893,0.012689039,-0.33151144,-0.40873998
1766255505.9717047,0.01228412,-0.33094218,-0.40920007
1766255505.9790812,0.012084229,-0.33066508,-0.40942046
1766255505.9908867,0.011885982,-0.33039275,-0.40963468
1766255505.998674,0.011390165,-0.33010894,-0.40981352
1766255506.0129645,0.010422326,-0.329556,-0.41015235
1766255506.0187557,0.009938249,-0.32929045,-0.41031358
1766255506.0318897,0.00899224,-0.3287742,-0.4106201
1766255506.0410326,0.008530062,-0.3285228,-0.41076717
1766255506.0519278,0.008074754,-0.32827568,-0.41091
1766255506.0593388,0.0076261065,-0.32803285,-0.41104507
1766255506.0725138,0.0067479773,-0.32755968,-0.41130358
1766255506.0801027,0.0063178446,-0.32732898,-0.41142723
1766255506.0933905,0.005888663,-0.32710496,-0.4115473
1766255506.0991862,0.0054669515,-0.32688645,-0.41166425
1766255506.1123695,0.004637744,-0.3264585,-0.41188222
1766255506.1217806,0.003802059,-0.32677102,-0.412527
1766255506.1325028,0.00297984,-0.3270736,-0.41315365
1766255506.139774,0.0021741,-0.3273698,-0.41376328
1766255506.1535661,0.0013814922,-0.32765722,-0.41435593
1766255506.1596985,0.0006022975,-0.32793692,-0.41493237
1766255506.1747196,-0.0008984159,-0.32847884,-0.41602668
1766255506.1798115,-0.0016307264,-0.32873842,-0.41655114
1766255506.1928692,-0.0023500933,-0.328992,-0.41706133
1766255506.200221,-0.0030562903,-0.3292404,-0.41755772
1766255506.2129037,-0.004436871,-0.32971653,-0.41850388
1766255506.2202306,-0.005108976,-0.32994732,-0.41895503
1766255506.2345977,-0.006479483,-0.33038858,-0.41982034
1766255506.241689,-0.006421171,-0.33046365,-0.42001873
1766255506.25393,-0.0063714306,-0.3305358,-0.4202109
1766255506.2606032,-0.0063293953,-0.3306057,-0.42039186
1766255506.2744148,-0.006263516,-0.3307427,-0.42073748
1766255506.283245,-0.006241617,-0.33080775,-0.42090213
1766255506.2937386,-0.0062259804,-0.33087122,-0.42106164
1766255506.301188,-0.0062026856,-0.33092758,-0.42121622
1766255506.3145852,-0.0061732074,-0.3310366,-0.42150238
1766255506.322024,-0.0061677904,-0.33108816,-0.42163855
1766255506.3343303,-0.006167722,-0.33113834,-0.4217703
1766255506.3412294,-0.006171019,-0.33118877,-0.421898
1766255506.354745,-0.0061954237,-0.3312829,-0.42214072
1766255506.3626335,-0.0062115947,-0.3313502,-0.42225182
1766255506.375062,-0.006672467,-0.3318909,-0.42274082
1766255506.381682,-0.007125897,-0.33242014,-0.4232175
1766255506.3961408,-0.008018144,-0.3334393,-0.42413455
1766255506.403364,-0.008455475,-0.33393145,-0.4245758
1766255506.4159448,-0.0088866055,-0.33441296,-0.42499962
1766255506.4219,-0.009311118,-0.33488467,-0.42541295
1766255506.4353848,-0.009732216,-0.3353443,-0.42581588
1766255506.4422023,-0.010157825,-0.3357972,-0.42620873
1766255506.4556792,-0.0109941345,-0.33667335,-0.4269657
1766255506.4621837,-0.0114033865,-0.33709875,-0.42732415
1766255506.4765162,-0.012211504,-0.33792,-0.42801505
1766255506.4837828,-0.012609446,-0.33831742,-0.42834806
1766255506.4972966,-0.013199602,-0.3384692,-0.42803243
1766255506.5023842,-0.013780646,-0.33861795,-0.42772526
1766255506.515453,-0.014919275,-0.3388848,-0.42713022
1766255506.524975,-0.015477221,-0.3390131,-0.42684448
1766255506.5361366,-0.016027117,-0.33913872,-0.42656633
1766255506.542911,-0.016569164,-0.33926165,-0.4262955
1766255506.5567672,-0.017103575,-0.33938196,-0.42603177
1766255506.5631652,-0.017630562,-0.33949965,-0.4257749
1766255506.577124,-0.018661248,-0.3397289,-0.42527583
1766255506.5831933,-0.019161565,-0.33985054,-0.42503586
1766255506.5966082,-0.020143857,-0.3400851,-0.4245739
1766255506.6050088,-0.020625575,-0.34019855,-0.4243516
1766255506.616812,-0.021101259,-0.3403095,-0.4241313
1766255506.6237128,-0.021304198,-0.3400801,-0.42320627
1766255506.6376357,-0.021708433,-0.33963567,-0.42142463
1766255506.645314,-0.021897282,-0.3394106,-0.42056677
1766255506.6572926,-0.022087738,-0.33918834,-0.4197299
1766255506.6640246,-0.022277934,-0.33897024,-0.41891423
1766255506.6771297,-0.022657597,-0.33854595,-0.4173422
1766255506.6866915,-0.022847023,-0.33833957,-0.4165847
1766255506.6975818,-0.023036161,-0.33813682,-0.41584554
1766255506.7041006,-0.023225008,-0.33793765,-0.41512418
1766255506.717755,-0.023600359,-0.33754405,-0.41373622
1766255506.725686,-0.023785066,-0.33735096,-0.4130671
1766255506.7374978,-0.023970688,-0.33716008,-0.4124138
1766255506.7444668,-0.024156611,-0.33697182,-0.41177595
1766255506.7571557,-0.024287881,-0.33675575,-0.4097211
1766255506.766111,-0.024356605,-0.33664984,-0.40873432
1766255506.7783482,-0.024427293,-0.33654523,-0.40777093
1766255506.7848582,-0.024499908,-0.33644196,-0.4068303
1766255506.7981603,-0.024700617,-0.3362593,-0.40501505
1766255506.8062358,-0.024803326,-0.33616978,-0.40413928
1766255506.8177464,-0.02490757,-0.33608148,-0.40328813
1766255506.8248832,-0.025013335,-0.3359944,-0.4024568
1766255506.8380864,-0.02522696,-0.33582577,-0.40085176
1766255506.8465605,-0.025337221,-0.3357423,-0.40007696
1766255506.8579648,-0.025432236,-0.33565572,-0.39932
1766255506.8655536,-0.025528893,-0.33557037,-0.39858463
1766255506.8791182,-0.025277168,-0.33540556,-0.39755872
1766255506.886301,-0.025161654,-0.33532396,-0.39706162
1766255506.8983252,-0.025052788,-0.33524293,-0.39653555
1766255506.9053671,-0.024972117,-0.33510417,-0.39590406
1766255506.919444,-0.024968708,-0.33495918,-0.39536425
1766255506.9256327,-0.024917457,-0.33485824,-0.39489222
1766255506.9391305,-0.024745943,-0.33470938,-0.39402005
1766255506.9460123,-0.024648724,-0.33465108,-0.39359736
1766255506.9622352,-0.024544308,-0.3346032,-0.39318347
1766255506.9661531,-0.024434794,-0.33456472,-0.39277884
1766255506.9815729,-0.024305824,-0.33443025,-0.3919967
1766255506.986995,-0.024263564,-0.3343523,-0.3916168
1766255507.0011675,-0.02422632,-0.3342749,-0.39124453
1766255507.0077124,-0.024351329,-0.33422,-0.39049423
1766255507.0207644,-0.02460407,-0.3341069,-0.38904807
1766255507.0279531,-0.024731807,-0.33404875,-0.38835126
1766255507.041151,-0.024990108,-0.33392948,-0.38700268
1766255507.049332,-0.025120702,-0.33386844,-0.38634884
1766255507.0609617,-0.025252461,-0.33380684,-0.38571072
1766255507.0679872,-0.025397066,-0.3337499,-0.38509107
1766255507.081673,-0.02568967,-0.33363318,-0.3838893
1766255507.0895889,-0.025837231,-0.3335736,-0.3833072
1766255507.1011262,-0.025985638,-0.33351326,-0.38273716
1766255507.1082134,-0.026134918,-0.33345214,-0.38217887
1766255507.121765,-0.026436156,-0.33332774,-0.38110727
1766255507.129615,-0.026758911,-0.3331686,-0.38106656
1766255507.1413496,-0.027076662,-0.33301407,-0.38102493
1766255507.148668,-0.027392427,-0.33286133,-0.38098186
1766255507.1620405,-0.028013846,-0.33256534,-0.3808926
1766255507.169691,-0.028321465,-0.33242032,-0.38084817
1766255507.1819577,-0.028618777,-0.33227646,-0.38077715
1766255507.188657,-0.028900683,-0.33212972,-0.3806555
1766255507.2026002,-0.029480774,-0.33186316,-0.38056114
1766255507.2102828,-0.029807376,-0.33171162,-0.38050053
1766255507.222135,-0.030129531,-0.3315805,-0.38045657
1766255507.2293012,-0.030434012,-0.3314635,-0.38041174
1766255507.242591,-0.03100374,-0.33125666,-0.38031676
1766255507.250865,-0.030570844,-0.33123693,-0.38033277
1766255507.2622683,-0.030151363,-0.33123025,-0.38035846
1766255507.2692115,-0.029732062,-0.33123344,-0.38038328
1766255507.2835665,-0.028933588,-0.33121327,-0.38041368
1766255507.2907143,-0.028587637,-0.3311729,-0.3804277
1766255507.303106,-0.028241837,-0.33114657,-0.38044408
1766255507.3096638,-0.027895281,-0.33112955,-0.38045853
1766255507.323505,-0.027231077,-0.33108544,-0.38047284
1766255507.3308206,-0.02694573,-0.33104146,-0.38047823
1766255507.3433197,-0.026659796,-0.33101082,-0.3804869
1766255507.349891,-0.026372127,-0.3309893,-0.38049397
1766255507.3641226,-0.026092691,-0.33097672,-0.38049948
1766255507.3697965,-0.025836814,-0.33093914,-0.38049024
1766255507.3828387,-0.024925645,-0.330889,-0.38029745
1766255507.3903384,-0.024248082,-0.33089176,-0.38010862
1766255507.4031696,-0.023581069,-0.33090004,-0.3799232
1766255507.4101071,-0.022927884,-0.330911,-0.37974098
1766255507.423123,-0.021692503,-0.3308886,-0.3793863
1766255507.4302583,-0.021090643,-0.33087122,-0.37921497
1766255507.4442368,-0.01994064,-0.33083192,-0.3788804
1766255507.4514124,-0.019391533,-0.33080998,-0.37871692
1766255507.4633293,-0.018859131,-0.33078668,-0.37855586
1766255507.4706397,-0.018341389,-0.33076373,-0.37840068
1766255507.484293,-0.017353723,-0.3307134,-0.37809694
1766255507.492645,-0.016847486,-0.33065483,-0.37794825
1766255507.503763,-0.016538309,-0.3305031,-0.37770814
1766255507.5108957,-0.016236722,-0.33035198,-0.37747264
1766255507.5246782,-0.015659938,-0.3300471,-0.37702256
1766255507.532126,-0.0153837195,-0.3298938,-0.37680328
1766255507.5441701,-0.0151148485,-0.32974055,-0.37658793
1766255507.5510302,-0.014854813,-0.32958567,-0.3763759
1766255507.5641894,-0.014601375,-0.32943133,-0.3761677
1766255507.5716033,-0.014354752,-0.32928556,-0.37596267
1766255507.584534,-0.013880922,-0.32899457,-0.37557018
1766255507.5913215,-0.013653974,-0.32884875,-0.37537876
1766255507.6054258,-0.013221553,-0.32855433,-0.3750046
1766255507.6124954,-0.013015805,-0.32840574,-0.3748217
1766255507.6245234,-0.012816476,-0.3282566,-0.3746452
1766255507.6316097,-0.012195861,-0.32881296,-0.37466952
1766255507.6455317,-0.011003829,-0.3298828,-0.3747119
1766255507.6530972,-0.01043101,-0.33039773,-0.3747302
1766255507.6644518,-0.009872975,-0.33090004,-0.37474665
1766255507.6721048,-0.009328193,-0.33139127,-0.37476406
1766255507.6859345,-0.008283306,-0.33233604,-0.3747931
1766255507.6931984,-0.007779656,-0.3327931,-0.3748054
1766255507.7053027,-0.007308963,-0.3332371,-0.37481576
1766255507.7120352,-0.006849059,-0.33367243,-0.37482488
1766255507.7252767,-0.0059684683,-0.33451086,-0.374845
1766255507.7339585,-0.005544267,-0.3349173,-0.37485301
1766255507.7452712,-0.0051325844,-0.33531368,-0.37485942
1766255507.7524288,-0.004732508,-0.33570087,-0.37486437
1766255507.7663665,-0.0047099097,-0.33597147,-0.3749719
1766255507.7740135,-0.004702465,-0.336097,-0.37502497
1766255507.7858312,-0.004697902,-0.33621997,-0.37507623
1766255507.7929955,-0.0046944623,-0.336342,-0.37512589
1766255507.8061538,-0.00469511,-0.33646044,-0.3751736
1766255507.8132277,-0.0046992064,-0.33657584,-0.3752195
1766255507.8262136,-0.0047137025,-0.3368011,-0.37530884
1766255507.8336651,-0.0047264798,-0.3369089,-0.375352
1766255507.847063,-0.0047861314,-0.33712804,-0.37543336
1766255507.854913,-0.0048185894,-0.3372351,-0.37547183
1766255507.8666804,-0.004855559,-0.337338,-0.37550852
1766255507.8737454,-0.004895214,-0.33743843,-0.3755469
1766255507.8871715,-0.00427421,-0.33744153,-0.37554896
1766255507.8941393,-0.0036693201,-0.33744758,-0.37555027
1766255507.906684,-0.002514311,-0.33746108,-0.37554967
1766255507.9141529,-0.001958285,-0.33745775,-0.37554786
1766255507.928174,-0.0008918201,-0.3374567,-0.3755483
1766255507.935302,-0.00038284907,-0.33745688,-0.3755469
1766255507.9481728,0.000111317495,-0.3374581,-0.3755445
1766255507.9541764,0.0005911379,-0.3374604,-0.3755411
1766255507.9672778,0.0015111039,-0.33746943,-0.3755315
1766255507.976094,0.0019507948,-0.33747506,-0.3755287
1766255507.987361,0.0024008688,-0.3374775,-0.37552473
1766255507.9949641,0.002838214,-0.33748084,-0.37551975
1766255508.0083191,0.0032632155,-0.33748502,-0.37551373
1766255508.0148792,0.0035009144,-0.3380868,-0.37556165
1766255508.028348,0.0039582485,-0.33925846,-0.37565488
1766255508.034784,0.0041758907,-0.3398269,-0.37569997
1766255508.0480337,0.0045922296,-0.34093255,-0.37578437
1766255508.0574436,0.004805276,-0.34147602,-0.3758238
1766255508.068525,0.005012775,-0.3420103,-0.37586147
1766255508.075292,0.005215451,-0.34253606,-0.37590063
1766255508.0890431,0.0055995416,-0.34355718,-0.37597337
1766255508.09705,0.005783031,-0.3440545,-0.37600714
1766255508.1090224,0.0059609725,-0.34454337,-0.37603924
1766255508.1156135,0.00613348,-0.34502396,-0.37606966
1766255508.128565,0.0065079555,-0.3459454,-0.37613046
1766255508.1376283,0.0067392555,-0.34672296,-0.37570697
1766255508.148524,0.006961805,-0.34748587,-0.3752938
1766255508.1560714,0.007176397,-0.348235,-0.37489069
1766255508.169877,0.0075824177,-0.34969333,-0.37411347
1766255508.1776433,0.0077742254,-0.3504032,-0.37374362
1766255508.1900263,0.007958791,-0.35110053,-0.37338257
1766255508.195969,0.0081380475,-0.35179022,-0.37303
1766255508.2091413,0.008310979,-0.3524684,-0.37268576
1766255508.2164602,0.008478337,-0.35313588,-0.3723496
1766255508.2289016,0.00878973,-0.35443377,-0.37170506
1766255508.236354,0.0089318445,-0.3550492,-0.371266
1766255508.2503703,0.009066651,-0.35616076,-0.37050983
1766255508.2576857,0.008305983,-0.35656852,-0.3708098
1766255508.270441,0.0075849188,-0.35697645,-0.3711008
1766255508.276713,0.0068905326,-0.35738844,-0.37138584
1766255508.2901132,0.0055794152,-0.35822442,-0.3719318
1766255508.2989106,0.004959489,-0.35864764,-0.37219393
1766255508.3104737,0.0043294854,-0.35904762,-0.37244746
1766255508.3169487,0.0036828388,-0.35941947,-0.37269235
1766255508.3297107,0.0030473704,-0.35978585,-0.37293178
1766255508.3370426,0.0024419504,-0.3601358,-0.37316433
1766255508.3508744,0.0012616266,-0.36082017,-0.37360957
1766255508.3569741,0.000686122,-0.36115476,-0.37382266
1766255508.3707047,-0.0004371369,-0.36180905,-0.3742307
1766255508.379478,-0.0009854396,-0.36212885,-0.37442762
1766255508.3910315,-0.0012044921,-0.36176857,-0.37432396
1766255508.39746,-0.0014207616,-0.36142012,-0.374222
1766255508.4106414,-0.001628201,-0.36109117,-0.37412336
1766255508.4176965,-0.001833401,-0.36077213,-0.37402767
1766255508.4315429,-0.0022414627,-0.3601579,-0.373847
1766255508.437707,-0.0024442584,-0.35986224,-0.37376174
1766255508.4509957,-0.0026458104,-0.35957417,-0.37367868
1766255508.4580827,-0.002844966,-0.35929456,-0.37359798
1766255508.471537,-0.0032405728,-0.35875517,-0.3734423
1766255508.4781373,-0.0034232049,-0.35849863,-0.37337038
1766255508.4916258,-0.0037826488,-0.35800648,-0.37323207
1766255508.4995089,-0.0039611403,-0.35776874,-0.37316516
1766255508.5119898,-0.0040433486,-0.3575277,-0.37265304
1766255508.5184326,-0.0041281013,-0.3572911,-0.37215257
1766255508.5305367,-0.004213991,-0.35706148,-0.3716697
1766255508.5389163,-0.0042989217,-0.35683307,-0.3711976
1766255508.5518503,-0.0044888444,-0.35638753,-0.37028524
1766255508.5586488,-0.0045918375,-0.35617188,-0.3698447
1766255508.5726702,-0.004800539,-0.35575086,-0.3689925
1766255508.5802078,-0.004904591,-0.3555465,-0.36858615
1766255508.5931234,-0.005007429,-0.35534722,-0.3681888
1766255508.5990212,-0.0051119393,-0.35515016,-0.36779967
1766255508.6126888,-0.0053184745,-0.3547695,-0.3670463
1766255508.6204436,-0.0054228306,-0.3545836,-0.36668122
1766255508.6328304,-0.0055500874,-0.35441083,-0.3663298
1766255508.6395645,-0.0059369835,-0.35454625,-0.36589068
1766255508.6530116,-0.006695183,-0.35480288,-0.3650373
1766255508.6608143,-0.007063372,-0.3549275,-0.364623
1766255508.6726725,-0.0074269106,-0.35504782,-0.3642164
1766255508.679464,-0.007785352,-0.3551644,-0.3638238
1766255508.6926153,-0.008137713,-0.35527843,-0.36343858
1766255508.700019,-0.008495445,-0.3553885,-0.36306053
1766255508.7125745,-0.009198802,-0.35559717,-0.3623246
1766255508.7201002,-0.00954236,-0.35569817,-0.36196664
1766255508.7337434,-0.009879955,-0.35579777,-0.36162263
1766255508.7398224,-0.010214666,-0.35589346,-0.3612845
1766255508.753282,-0.0108701615,-0.35607868,-0.36062586
1766255508.7602024,-0.011190023,-0.3561695,-0.36030522
1766255508.7737796,-0.011956264,-0.35564688,-0.36079165
1766255508.7822022,-0.01233016,-0.35539356,-0.36102447
1766255508.7942014,-0.012697586,-0.35514587,-0.36124855
1766255508.8004167,-0.013058097,-0.35490423,-0.36146426
1766255508.8141458,-0.013766095,-0.35443223,-0.36187086
1766255508.8220634,-0.014112045,-0.35420313,-0.36206242
1766255508.8339381,-0.014452223,-0.35397896,-0.3622508
1766255508.840976,-0.014764165,-0.35375106,-0.362432
1766255508.8537586,-0.015377863,-0.35330483,-0.36277303
1766255508.8626015,-0.015678018,-0.35308778,-0.3629335
1766255508.873757,-0.015973838,-0.35287464,-0.36308753
1766255508.8810625,-0.016263677,-0.35266674,-0.36323977
1766255508.8949814,-0.016707538,-0.3521861,-0.36420843
1766255508.9024084,-0.016929513,-0.35195118,-0.3646707
1766255508.9144723,-0.017148167,-0.35172138,-0.3651189
1766255508.9213486,-0.017363556,-0.35149658,-0.3655534
1766255508.934187,-0.017782481,-0.35106373,-0.3663877
1766255508.943383,-0.017988576,-0.35085344,-0.3667857
1766255508.9546816,-0.018191734,-0.35064778,-0.36717147
1766255508.9616807,-0.018392013,-0.35044667,-0.36754534
1766255508.9756813,-0.018793326,-0.35006008,-0.36825877
1766255508.9829667,-0.018994369,-0.34987444,-0.36860037
1766255508.9949384,-0.019190913,-0.34969446,-0.36893144
1766255509.0017486,-0.019386047,-0.34951755,-0.36925212
1766255509.0147488,-0.019579219,-0.34934413,-0.36956275
1766255509.02205,-0.019557588,-0.3492347,-0.36988744
1766255509.034757,-0.019520411,-0.3490302,-0.37050703
1766255509.0424845,-0.019504717,-0.34893492,-0.3708025
1766255509.0559216,-0.019479383,-0.34873608,-0.37136394
1766255509.063462,-0.019467914,-0.34864458,-0.37163055
1766255509.0759056,-0.019460024,-0.34855595,-0.37188792
1766255509.0827172,-0.019453814,-0.34847158,-0.37213773
1766255509.0958984,-0.019446392,-0.34831515,-0.37261146
1766255509.1046932,-0.019445082,-0.3482429,-0.37283584
1766255509.1161137,-0.019429727,-0.34818006,-0.37305224
1766255509.123227,-0.019416075,-0.3481209,-0.3732608
1766255509.1367016,-0.019393718,-0.34801343,-0.37365985
1766255509.1443567,-0.01926111,-0.3477318,-0.3743336
1766255509.1563168,-0.019133814,-0.34746036,-0.37498736
1766255509.1633356,-0.0190147,-0.34719634,-0.37562153
1766255509.1766243,-0.018794851,-0.34669405,-0.37683353
1766255509.1850343,-0.018695423,-0.3464559,-0.37741104
1766255509.1967807,-0.018601736,-0.34622562,-0.37797117
1766255509.2036545,-0.018513663,-0.346003,-0.37851444
1766255509.2180166,-0.018431053,-0.34578776,-0.37904134
1766255509.2238102,-0.018353824,-0.3455797,-0.37955227
1766255509.2367392,-0.018214963,-0.34518427,-0.3805269
1766255509.243928,-0.018153096,-0.34499642,-0.38099146
1766255509.2573953,-0.018028505,-0.3446378,-0.38171774
1766255509.2652476,-0.017676452,-0.34451538,-0.38174
1766255509.2773309,-0.017332824,-0.34441668,-0.38177624
1766255509.2841601,-0.01698313,-0.3443341,-0.38180998
1766255509.2982585,-0.016272731,-0.3442098,-0.38186827
1766255509.3052983,-0.015934965,-0.3441495,-0.3818924
1766255509.3175147,-0.015623103,-0.34407857,-0.38191262
1766255509.3246875,-0.015330728,-0.3440265,-0.38193053
1766255509.3382368,-0.014770669,-0.34393084,-0.38196012
1766255509.3461475,-0.014501985,-0.3438877,-0.38197097
1766255509.3579528,-0.014241285,-0.34384674,-0.38197905
1766255509.365264,-0.013987279,-0.34380913,-0.38198477
1766255509.379308,-0.013501181,-0.34374067,-0.38198844
1766255509.3858247,-0.013267616,-0.34371084,-0.38198885
1766255509.3980417,-0.012992415,-0.34405276,-0.38130197
1766255509.4053218,-0.01275726,-0.3443947,-0.38062912
1766255509.4186275,-0.012313898,-0.34505844,-0.37932903
1766255509.4273283,-0.012105707,-0.34538028,-0.3786997
1766255509.4388855,-0.011904681,-0.34569728,-0.37808916
1766255509.4455836,-0.011712833,-0.34600735,-0.37749124
1766255509.4592993,-0.011527804,-0.3463129,-0.3769061
1766255509.465907,-0.011351645,-0.34661183,-0.37633285
1766255509.4787643,-0.010993843,-0.347196,-0.37522173
1766255509.4860363,-0.010825578,-0.34748107,-0.3746885
1766255509.4998739,-0.010512402,-0.34803492,-0.37365353
1766255509.507584,-0.01036658,-0.34830457,-0.37315136
1766255509.5194433,-0.009920808,-0.34856936,-0.37207806
1766255509.5265386,-0.009487335,-0.34883034,-0.37102938
1766255509.5406637,-0.008673448,-0.34934124,-0.36902073
1766255509.547809,-0.008292764,-0.34959087,-0.36804974
1766255509.559697,-0.007922334,-0.3498377,-0.36710063
1766255509.5666885,-0.0075646266,-0.3500791,-0.3661723
1766255509.58096,-0.0068821535,-0.3505497,-0.36437654
1766255509.5887191,-0.0065573496,-0.35077855,-0.3635166
1766255509.6003098,-0.0062428643,-0.3510034,-0.3626753
1766255509.6070206,-0.0059510265,-0.35122532,-0.36185232
1766255509.6213188,-0.0053987266,-0.35165507,-0.3602584
1766255509.6280286,-0.0051348573,-0.35186574,-0.359487
1766255509.640256,-0.0048815543,-0.35207123,-0.35874125
1766255509.6471593,-0.004685118,-0.35194498,-0.3591558
1766255509.6610126,-0.0043115867,-0.35170746,-0.35994473
1766255509.669308,-0.0041363724,-0.35159376,-0.36031964
1766255509.6807683,-0.0039893095,-0.35148105,-0.36068222
1766255509.6877594,-0.0038474519,-0.3513732,-0.36103508
1766255509.701567,-0.003585832,-0.35116512,-0.3617058
1766255509.7093246,-0.003462276,-0.35106778,-0.3620249
1766255509.7217045,-0.0033457011,-0.3509727,-0.3623334
1766255509.727735,-0.003235387,-0.35088035,-0.36263165
1766255509.7409747,-0.0030295174,-0.35070625,-0.36320344
1766255509.7497005,-0.0029134871,-0.3506159,-0.36347535
1766255509.7614691,-0.0028034942,-0.35052782,-0.36373827
1766255509.7681625,-0.0026987963,-0.35044253,-0.36399257
1766255509.78237,-0.001120182,-0.35031098,-0.36543512
1766255509.790109,-0.00036228093,-0.35024765,-0.36612487
1766255509.8015985,0.000376237,-0.35018656,-0.36679494
1766255509.8083844,0.001096495,-0.3501281,-0.36744592
1766255509.8217013,0.0017996401,-0.35007283,-0.3680784
1766255509.8286371,0.0024848324,-0.35002124,-0.3686926
1766255509.8415306,0.0038038655,-0.349924,-0.36986792
1766255509.8494477,0.0044386713,-0.34987825,-0.37043
1766255509.8634455,0.0056638834,-0.3497942,-0.37150604
1766255509.8706172,0.0062528322,-0.3497538,-0.3720207
1766255509.883702,0.00682728,-0.34971514,-0.37252036
1766255509.889325,0.0074102855,-0.34969902,-0.37300596
1766255509.9023824,0.008958367,-0.34946007,-0.37435675
1766255509.9115744,0.009705011,-0.34934294,-0.37500384
1766255509.922332,0.0104348725,-0.34922796,-0.37563282
1766255509.9298215,0.011148421,-0.34911507,-0.3762442
1766255509.9435325,0.012528268,-0.3488954,-0.3774143
1766255509.9510133,0.013197111,-0.34879002,-0.37797487
1766255509.9641247,0.013844882,-0.34868583,-0.37851954
1766255509.97026,0.0144777065,-0.34858295,-0.37904876
1766255509.9831219,0.015701791,-0.3483825,-0.3800626
1766255509.9921,0.016293734,-0.3482848,-0.38050807
1766255510.0035043,0.016850978,-0.34813052,-0.38082436
1766255510.010441,0.017324641,-0.34797105,-0.3812062
1766255510.0241597,0.017838974,-0.34785578,-0.38163322
1766255510.0304663,0.018634258,-0.34843177,-0.3819686
1766255510.0444355,0.020264314,-0.34956753,-0.38260922
1766255510.050598,0.021071725,-0.35013118,-0.38291514
1766255510.063828,0.022660773,-0.3512433,-0.3835007
1766255510.0725002,0.023391403,-0.351751,-0.38377836
1766255510.0838661,0.024098659,-0.35224232,-0.38404733
1766255510.0908787,0.02478991,-0.35272247,-0.38430747
1766255510.1051872,0.026152747,-0.35363913,-0.38480335
1766255510.1125388,0.026824791,-0.35407645,-0.38503954
1766255510.124087,0.027482167,-0.35450456,-0.38526815
1766255510.1310327,0.028125243,-0.35492378,-0.38548937
1766255510.1446013,0.029371595,-0.35573843,-0.38590953
1766255510.153637,0.030042509,-0.35607204,-0.3852732
1766255510.163978,0.030700685,-0.35640132,-0.38465196
1766255510.17225,0.03132797,-0.35673183,-0.38404378
1766255510.1855884,0.031942822,-0.35705838,-0.38344947
1766255510.1915774,0.032543328,-0.3573788,-0.38286808
1766255510.2058282,0.03370709,-0.3580062,-0.38175157
1766255510.2115712,0.034269825,-0.35831228,-0.38121128
1766255510.2248302,0.03536046,-0.35891166,-0.38016534
1766255510.2341065,0.035889182,-0.35920542,-0.37965903
1766255510.2452388,0.03638109,-0.35950002,-0.37916705
1766255510.252336,0.036864128,-0.35979202,-0.3786856
1766255510.2664356,0.037797153,-0.3603614,-0.37775153
1766255510.2735314,0.03827719,-0.36000365,-0.37706923
1766255510.286357,0.038746107,-0.35965234,-0.37640148
1766255510.292231,0.0392076,-0.3593106,-0.37575397
1766255510.3057878,0.039659005,-0.35897553,-0.37512028
1766255510.3128986,0.040101018,-0.35864693,-0.37449965
1766255510.3259208,0.040921886,-0.35798848,-0.37329763
1766255510.3329945,0.041319154,-0.3576683,-0.37271523
1766255510.346259,0.041710433,-0.35735622,-0.3721516
1766255510.3528154,0.042092945,-0.35704926,-0.37159944
1766255510.3663611,0.042835537,-0.35645306,-0.370529
1766255510.3728786,0.04319755,-0.35616457,-0.3700101
1766255510.3859959,0.0439056,-0.35558873,-0.36900297
1766255510.3945608,0.04425476,-0.3553038,-0.36852112
1766255510.4068391,0.044411544,-0.35520205,-0.36852166
1766255510.413171,0.044567104,-0.3551012,-0.36851954
1766255510.4269214,0.044723213,-0.3550028,-0.36851507
1766255510.4333138,0.04487688,-0.35490412,-0.36850798
1766255510.4473577,0.045179345,-0.3547082,-0.36849025
1766255510.4535015,0.045330502,-0.35461316,-0.36848003
1766255510.466881,0.045486107,-0.3545184,-0.3684675
1766255510.4738588,0.045639787,-0.35442406,-0.36845285
1766255510.487385,0.045945052,-0.3542399,-0.3684178
1766255510.4937222,0.04609541,-0.35414913,-0.36840042
1766255510.5071852,0.046391167,-0.35396975,-0.36836016
1766255510.515114,0.04653778,-0.35388225,-0.36833757
1766255510.5274231,0.046453644,-0.35391963,-0.36804768
1766255510.5338852,0.046371344,-0.35395363,-0.36776307
1766255510.546941,0.046217173,-0.35401666,-0.3672185
1766255510.555849,0.046146814,-0.3540474,-0.36695394
1766255510.5677357,0.046078384,-0.35407567,-0.3666941
1766255510.5743046,0.046012376,-0.35410202,-0.36643887
1766255510.588057,0.045889087,-0.35415083,-0.36594194
1766255510.5954783,0.04584559,-0.3541708,-0.36570457
1766255510.6078782,0.045805722,-0.35419068,-0.36547136
1766255510.6144814,0.04576645,-0.354208,-0.3652419
1766255510.6281948,0.045729477,-0.3542243,-0.3650162
1766255510.6348834,0.045694727,-0.35423964,-0.36479422
1766255510.6484473,0.04563215,-0.35426813,-0.36436558
1766255510.6550112,0.045398206,-0.35490972,-0.3636547
1766255510.6687014,0.04517008,-0.35553616,-0.36295933
1766255510.675149,0.04492289,-0.35614485,-0.36227915
1766255510.689314,0.044450723,-0.35732436,-0.36096272
1766255510.6953135,0.044225372,-0.35789594,-0.3603331
1766255510.7089012,0.043797545,-0.3590066,-0.3591139
1766255510.7175162,0.043592326,-0.3595444,-0.35852334
1766255510.7290745,0.043393474,-0.36007157,-0.35794505
1766255510.7355921,0.043200817,-0.3605885,-0.3573787
1766255510.7498732,0.042802915,-0.36159867,-0.35629705
1766255510.7567456,0.04261348,-0.36209002,-0.35577255
1766255510.7694726,0.042430967,-0.3625733,-0.3552586
1766255510.7761784,0.04225221,-0.36304626,-0.3547547
1766255510.7897859,0.04224173,-0.36350322,-0.3549003
1766255510.7963774,0.04223278,-0.36395153,-0.35503846
1766255510.81036,0.042240314,-0.3648255,-0.35530084
1766255510.8168156,0.042256467,-0.36525145,-0.35542157
1766255510.8306217,0.042292293,-0.36608016,-0.35564327
1766255510.8380597,0.04231375,-0.3664847,-0.35574478
1766255510.851224,0.042335108,-0.36688095,-0.3558442
1766255510.8573067,0.04235697,-0.36726955,-0.3559377
1766255510.870721,0.042404078,-0.3680258,-0.35610768
1766255510.8789022,0.042433318,-0.36839962,-0.35618457
1766255510.890968,0.04246359,-0.3687668,-0.3562563
1766255510.8976579,0.042494893,-0.3691275,-0.356328
1766255510.9115283,0.043013584,-0.36910543,-0.35796598
1766255510.919236,0.043264773,-0.3690961,-0.35874775
1766255510.9310594,0.043512583,-0.3690893,-0.3595058
1766255510.9380438,0.043754123,-0.3690825,-0.36024073
1766255510.9514124,0.044232294,-0.3690442,-0.3616432
1766255510.9607906,0.044464335,-0.36902645,-0.36231232
1766255510.9720771,0.04469186,-0.36900952,-0.36296085
1766255510.9785023,0.044914998,-0.3689934,-0.3635894
1766255510.9921842,0.04534861,-0.3689632,-0.36478877
1766255511.000072,0.045559343,-0.3689491,-0.3653613
1766255511.0119386,0.045766175,-0.3689355,-0.36591604
1766255511.0184948,0.045985598,-0.3689288,-0.36645347
1766255511.031752,0.046201147,-0.3689225,-0.3669741
1766255511.0392997,0.04713377,-0.36892152,-0.36712566
1766255511.052471,0.048804946,-0.3688278,-0.3675037
1766255511.0594556,0.049666915,-0.3688316,-0.36776474
1766255511.0718338,0.050528295,-0.36884874,-0.3680167
1766255511.0796359,0.05138377,-0.36887443,-0.36826012
1766255511.0934753,0.05305577,-0.36894843,-0.36872265
1766255511.100257,0.053862557,-0.36898887,-0.36894447
1766255511.1128037,0.055337723,-0.368995,-0.36936072
1766255511.1217117,0.056047976,-0.3689937,-0.36955756
1766255511.1334276,0.056743067,-0.36899152,-0.36974722
1766255511.1400135,0.057423435,-0.36898848,-0.36992988
1766255511.1545327,0.058741696,-0.36897996,-0.37027898
1766255511.161514,0.059776098,-0.3685514,-0.37077364
1766255511.1734526,0.060788564,-0.36813125,-0.37125307
1766255511.1804485,0.06177973,-0.36771923,-0.37171763
1766255511.1938512,0.06370014,-0.36691818,-0.37260407
1766255511.2027862,0.06463093,-0.36652935,-0.373026
1766255511.214496,0.065542676,-0.3661478,-0.37343466
1766255511.2208526,0.0664359,-0.36577332,-0.37383035
1766255511.2349544,0.06814939,-0.36507627,-0.3745842
1766255511.2428753,0.06898044,-0.36473742,-0.37494308
1766255511.2546558,0.06979473,-0.36440456,-0.37529072
1766255511.2614362,0.07059376,-0.3640785,-0.37562722
1766255511.2754023,0.07214584,-0.36344445,-0.37626773
1766255511.283508,0.07276579,-0.36262748,-0.37644184
1766255511.2956443,0.073373124,-0.36182493,-0.37660968
1766255511.3019245,0.0739711,-0.36104223,-0.376772
1766255511.3164866,0.074559346,-0.36027527,-0.3769288
1766255511.3220427,0.075135276,-0.35952088,-0.37707978
1766255511.3363523,0.0762826,-0.35804275,-0.37726584
1766255511.342077,0.07683737,-0.35733464,-0.37740362
1766255511.3559694,0.07787855,-0.35590714,-0.37762204
1766255511.3640413,0.07835121,-0.35522714,-0.3776773
1766255511.3757687,0.07885161,-0.35457924,-0.37779748
1766255511.3829598,0.0793534,-0.35395065,-0.37791336
1766255511.3976324,0.08027729,-0.35266757,-0.37811553
1766255511.4038217,0.08072612,-0.35204977,-0.37821823
1766255511.416374,0.08114264,-0.3510015,-0.37841186
1766255511.4230924,0.081557855,-0.349972,-0.3785947
1766255511.436864,0.08193982,-0.3489303,-0.37876156
1766255511.4430156,0.08231133,-0.3479261,-0.3789372
1766255511.456065,0.08307156,-0.34600043,-0.37927294
1766255511.4635246,0.083457924,-0.34507573,-0.37943345
1766255511.4776213,0.0841905,-0.3432415,-0.37972325
1766255511.484709,0.08453264,-0.34234497,-0.379868
1766255511.4972513,0.08488154,-0.34147385,-0.38000804
1766255511.503719,0.08523535,-0.34062624,-0.3801438
1766255511.5173051,0.08600249,-0.33898532,-0.38038862
1766255511.5260794,0.08634856,-0.33816528,-0.3805064
1766255511.5372186,0.087179326,-0.3375836,-0.38082185
1766255511.5441353,0.088004656,-0.33701888,-0.38112876
1766255511.559129,0.08962285,-0.33592397,-0.38171443
1766255511.5658104,0.0903943,-0.3353755,-0.38199365
1766255511.578089,0.09115119,-0.33483455,-0.38226482
1766255511.584296,0.09189839,-0.33430067,-0.3825285
1766255511.597685,0.09335276,-0.33325604,-0.38303387
1766255511.6064157,0.09406181,-0.3327462,-0.38327524
1766255511.6178408,0.094758354,-0.33224362,-0.38350973
1766255511.6250098,0.09544146,-0.33174664,-0.38373706
1766255511.638555,0.09677467,-0.33077583,-0.38417298
1766255511.6461346,0.09742472,-0.33030084,-0.38438162
1766255511.6582496,0.098051734,-0.3298447,-0.38458386
1766255511.6647842,0.0985774,-0.3291322,-0.38491413
1766255511.6778393,0.09960587,-0.32774526,-0.3855476
1766255511.686985,0.10010912,-0.32707015,-0.38585117
1766255511.6977806,0.10060677,-0.3264084,-0.38614663
1766255511.7052696,0.10109614,-0.3257569,-0.38643187
1766255511.7185898,0.10205793,-0.3244909,-0.38697937
1766255511.7263904,0.10253989,-0.32388684,-0.3872419
1766255511.738855,0.10301457,-0.32329237,-0.38749686
1766255511.7456007,0.10348329,-0.32270837,-0.38774467
1766255511.758923,0.104403906,-0.32157138,-0.3882164
1766255511.7682407,0.104856625,-0.3210184,-0.3884425
1766255511.7792284,0.10530277,-0.32047382,-0.38866192
1766255511.7859168,0.1057436,-0.31993848,-0.38887513
1766255511.7998946,0.10635718,-0.3200415,-0.38970843
1766255511.806012,0.10696209,-0.3201327,-0.3905204
1766255511.8200953,0.108144775,-0.3203028,-0.3920741
1766255511.826235,0.108720735,-0.32037997,-0.39282188
1766255511.839468,0.109289266,-0.3204544,-0.39355132
1766255511.8466918,0.10984773,-0.3205236,-0.3942625
1766255511.859354,0.11093827,-0.32064962,-0.39562812
1766255511.8670382,0.11147254,-0.32070842,-0.39628395
1766255511.880596,0.11248544,-0.32080874,-0.3975472
1766255511.8883984,0.11298214,-0.32085532,-0.398156
1766255511.9003768,0.11346988,-0.32089725,-0.3987497
1766255511.9068995,0.11395058,-0.3209362,-0.3993238
1766255511.9200258,0.1145511,-0.32114175,-0.40055767
1766255511.928685,0.11484778,-0.32123762,-0.4011511
1766255511.9402092,0.115130804,-0.32132715,-0.4017295
1766255511.9468172,0.1154136,-0.32141417,-0.40229347
1766255511.9617186,0.1159716,-0.32157475,-0.4033696
1766255511.9686928,0.11624922,-0.3216505,-0.40388742
1766255511.9809828,0.11652672,-0.3217241,-0.40439224
1766255511.9871047,0.11680117,-0.32179287,-0.40488404
1766255512.0008395,0.117074415,-0.32185853,-0.40536332
1766255512.0074031,0.11734645,-0.3219211,-0.40583035
1766255512.0205193,0.11786068,-0.32204527,-0.40671855
1766255512.0278163,0.11811514,-0.3221019,-0.4071456
1766255512.0416303,0.11836868,-0.32215565,-0.40756166
1766255512.047852,0.11781761,-0.32216024,-0.40795174
1766255512.0620096,0.116768226,-0.32216415,-0.40869892
1766255512.0677798,0.11626651,-0.32216144,-0.4090563
1766255512.0807939,0.11531462,-0.3221778,-0.40974477
1766255512.0903573,0.11486257,-0.32218388,-0.41007632
1766255512.1020286,0.11442344,-0.32218647,-0.41039956
1766255512.1080973,0.11399744,-0.32218623,-0.41070938
1766255512.1223571,0.11318506,-0.32217875,-0.41130605
1766255512.1294444,0.1127979,-0.32217157,-0.41159326
1766255512.1422813,0.112424724,-0.32216367,-0.41187343
1766255512.1484044,0.11206571,-0.32216188,-0.4121466
1766255512.1618464,0.111380465,-0.3221506,-0.41266218
1766255512.1710126,0.111076035,-0.32238194,-0.41241795
1766255512.182443,0.11078173,-0.322606,-0.41217992
1766255512.1888583,0.11049728,-0.32282293,-0.41194794
1766255512.2021184,0.11022418,-0.32303444,-0.4117219
1766255512.2088392,0.10995919,-0.3232382,-0.4115014
1766255512.2227097,0.1094554,-0.32362527,-0.41107205
1766255512.2289383,0.109212846,-0.3238049,-0.41086513
1766255512.2426138,0.10875359,-0.32414636,-0.4104661
1766255512.2512782,0.10853715,-0.32430902,-0.41027373
1766255512.2626226,0.10833007,-0.32446715,-0.41008368
1766255512.2691884,0.10812915,-0.32461843,-0.40989795
1766255512.2828426,0.10793606,-0.32476446,-0.40971652
1766255512.2895396,0.10775064,-0.3249054,-0.4095392
1766255512.3031259,0.10660982,-0.32552752,-0.41042453
1766255512.3095737,0.10606418,-0.3258251,-0.41084513
1766255512.322586,0.10502094,-0.32639492,-0.41165376
1766255512.3318543,0.104523756,-0.3266686,-0.4120425
1766255512.3432822,0.10403948,-0.32693276,-0.41242114
1766255512.3500028,0.10356959,-0.32718906,-0.41279003
1766255512.3642275,0.10265397,-0.32771447,-0.4134903
1766255512.3718514,0.10220775,-0.32798353,-0.4138272
1766255512.3836243,0.101774715,-0.3282451,-0.41415563
1766255512.3902388,0.10135452,-0.3284994,-0.41447583
1766255512.4038708,0.10094685,-0.3287466,-0.41478804
1766255512.411013,0.1005514,-0.32898688,-0.4150925
1766255512.4239488,0.099503815,-0.32946548,-0.41552195
1766255512.4309492,0.09885472,-0.32970107,-0.41565764
1766255512.444513,0.09759882,-0.33015603,-0.4159214
1766255512.4517598,0.096993454,-0.33037144,-0.41604963
1766255512.464069,0.096402645,-0.3305791,-0.41617155
1766255512.471058,0.09582604,-0.33077917,-0.41629124
1766255512.4848216,0.09526328,-0.33097184,-0.41640872
1766255512.4914544,0.094714016,-0.33115724,-0.41652405
1766255512.5047412,0.09365464,-0.331507,-0.41674846
1766255512.5115526,0.09315477,-0.3316764,-0.4168527
1766255512.5251625,0.09212724,-0.33189783,-0.41682875
1766255512.5324743,0.091582984,-0.33200714,-0.41686502
1766255512.5448537,0.090354994,-0.3318183,-0.4174029
1766255512.5517106,0.089175195,-0.33164552,-0.41792715
1766255512.5649729,0.088036895,-0.33148393,-0.41843212
1766255512.5724819,0.086939394,-0.3313335,-0.41892466
1766255512.5849576,0.08484826,-0.33107102,-0.41987514
1766255512.5923512,0.083800405,-0.3309165,-0.4203312
1766255512.608769,0.082770176,-0.33075705,-0.42077574
1766255512.6127906,0.08176432,-0.33059856,-0.42120945
1766255512.626682,0.07982326,-0.33028418,-0.4220311
1766255512.633047,0.07888688,-0.33012822,-0.4224271
1766255512.6460216,0.0779725,-0.32997307,-0.4228135
1766255512.6532836,0.07712108,-0.32981765,-0.42319065
1766255512.6675327,0.075478934,-0.3295089,-0.4239116
1766255512.6734314,0.07494789,-0.32959417,-0.42407033
1766255512.6876106,0.07442919,-0.3296761,-0.4242245
1766255512.6934927,0.073923044,-0.32975423,-0.42437655
1766255512.7073092,0.07294645,-0.3298996,-0.42467216
1766255512.7139153,0.07247561,-0.32996705,-0.4248098
1766255512.7272127,0.071563676,-0.33009464,-0.4250775
1766255512.7353437,0.07112399,-0.33015347,-0.4252076
1766255512.7471867,0.07069586,-0.33021003,-0.42533547
1766255512.7540436,0.07027941,-0.33026478,-0.4254612
1766255512.7678323,0.069871575,-0.33031505,-0.42557913
1766255512.7741246,0.06947562,-0.33036423,-0.42569524
1766255512.7874377,0.06871109,-0.33045256,-0.4259208
1766255512.7944405,0.06834444,-0.3304941,-0.42603078
1766255512.8079264,0.06782607,-0.32943144,-0.42628935
1766255512.815029,0.0673225,-0.32839054,-0.42654315
1766255512.828542,0.066360354,-0.32637197,-0.42702258
1766255512.8349354,0.06589883,-0.32539114,-0.42725527
1766255512.8489828,0.06501788,-0.3234879,-0.4277079
1766255512.8564982,0.06459548,-0.3225622,-0.42792773
1766255512.8686512,0.06417781,-0.3216433,-0.42813686
1766255512.875248,0.06377118,-0.32074013,-0.428342
1766255512.889,0.06299284,-0.31898165,-0.4287413
1766255512.8964658,0.06262233,-0.31812695,-0.4289359
1766255512.9095464,0.062261116,-0.31728548,-0.42912683
1766255512.917255,0.06191072,-0.31645834,-0.42930755
1766255512.931037,0.06105725,-0.3155243,-0.43037045
1766255512.937901,0.060664464,-0.3150761,-0.43088436
1766255512.9505785,0.060282998,-0.31463397,-0.4313872
1766255512.9574084,0.05991318,-0.31419826,-0.43187934
1766255512.9713066,0.059200305,-0.31333965,-0.43281606
1766255512.9791646,0.058859125,-0.3129187,-0.43326962
1766255512.9911366,0.05852854,-0.31250396,-0.4337138
1766255512.9978278,0.058205314,-0.31209275,-0.43414843
1766255513.0118043,0.05789104,-0.3116866,-0.43457398
1766255513.0177312,0.057566315,-0.31128716,-0.43499064
1766255513.0315871,0.05694507,-0.31050488,-0.43578282
1766255513.0377872,0.05664574,-0.3101199,-0.43616673
1766255513.050959,0.056354463,-0.3097396,-0.4365429
1766255513.0580323,0.055839647,-0.3094774,-0.4365998
1766255513.0710607,0.05484775,-0.30896327,-0.4367069
1766255513.0779638,0.054367613,-0.30870926,-0.43675706
1766255513.0918725,0.053443734,-0.30820775,-0.43685684
1766255513.0994368,0.05299812,-0.30796143,-0.43690646
1766255513.1116138,0.052563783,-0.30771863,-0.43695593
1766255513.1184657,0.05213747,-0.30747682,-0.43699795
1766255513.1315746,0.051313363,-0.30700037,-0.4370816
1766255513.1399674,0.050915048,-0.30676568,-0.43712312
1766255513.1515121,0.05052618,-0.30653378,-0.4371645
1766255513.1586328,0.050135415,-0.3062973,-0.4372058
1766255513.1721702,0.049375523,-0.30582795,-0.4372749
1766255513.1795359,0.048715968,-0.30550182,-0.43769473
1766255513.191465,0.048070215,-0.3051804,-0.43810457
1766255513.1987677,0.047437884,-0.30486357,-0.4385047
1766255513.211737,0.04621382,-0.30424473,-0.43927693
1766255513.2203763,0.045633707,-0.30394486,-0.43964043
1766255513.2317874,0.045064926,-0.30364856,-0.43999547
1766255513.2388897,0.04450779,-0.3033562,-0.4403423
1766255513.252348,0.043427322,-0.3027828,-0.4410124
1766255513.2603137,0.04290341,-0.30250162,-0.44133613
1766255513.2722487,0.042390022,-0.30222386,-0.44164336
1766255513.2790956,0.0418875,-0.30195004,-0.44194385
1766255513.2921934,0.04139618,-0.3016805,-0.44223782
1766255513.2994366,0.040949903,-0.30140275,-0.44252527
1766255513.3121946,0.04027914,-0.30153593,-0.44223794
1766255513.3194191,0.039954502,-0.30159682,-0.44209573
1766255513.3331046,0.039325915,-0.30170757,-0.44182718
1766255513.3408644,0.03902169,-0.3017577,-0.44170052
1766255513.3528376,0.03872402,-0.30180445,-0.44157866
1766255513.359574,0.038433403,-0.30184844,-0.44146156
1766255513.3728144,0.03791192,-0.30192414,-0.44122967
1766255513.3813846,0.037659146,-0.30195677,-0.4411204
1766255513.393047,0.037412144,-0.30198655,-0.44101536
1766255513.3998203,0.037170824,-0.30201355,-0.44091448
1766255513.4134326,0.036704812,-0.3020595,-0.44072464
1766255513.4211607,0.036479928,-0.30207863,-0.4406296
1766255513.4333665,0.0364017,-0.30225024,-0.4413633
1766255513.4403102,0.03632626,-0.3024163,-0.44207984
1766255513.4532773,0.036184315,-0.302733,-0.44346347
1766255513.4617891,0.036118932,-0.3028849,-0.44413158
1766255513.4729698,0.03605436,-0.30303037,-0.4447739
1766255513.4804406,0.035992403,-0.30317098,-0.44540167
1766255513.4944615,0.035876125,-0.30343798,-0.44661516
1766255513.5021281,0.03583023,-0.30357483,-0.44720173
1766255513.513741,0.03578668,-0.30370715,-0.44777536
1766255513.520541,0.035745397,-0.30383497,-0.448325
1766255513.5336041,0.035669524,-0.3040776,-0.4493889
1766255513.542383,0.03563485,-0.3041926,-0.44986463
1766255513.5534515,0.035031088,-0.30384058,-0.44997534
1766255513.560907,0.034370895,-0.30348694,-0.4501609
1766255513.5743558,0.03325224,-0.3029036,-0.4506414
1766255513.582133,0.03275309,-0.302641,-0.45088744
1766255513.5942206,0.032279704,-0.30239263,-0.4511301
1766255513.6008284,0.03183153,-0.3021583,-0.4513695
1766255513.612968,0.03140598,-0.30193692,-0.45160636
1766255513.6211936,0.03096942,-0.3017014,-0.45183885
1766255513.6338613,0.030072078,-0.30119556,-0.45227188
1766255513.6414158,0.029636646,-0.30094242,-0.45248407
1766255513.6555483,0.029211527,-0.30069268,-0.45269346
1766255513.6612113,0.028796412,-0.30044618,-0.45290005
1766255513.6747327,0.027995003,-0.29996234,-0.45329598
1766255513.6812243,0.026559751,-0.29966944,-0.45365873
1766255513.6949599,0.023789352,-0.29909515,-0.45436454
1766255513.703517,0.022452084,-0.29881373,-0.4547096
1766255513.7143006,0.021149147,-0.2985368,-0.4550491
1766255513.7216814,0.019875797,-0.29826313,-0.45537144
1766255513.735377,0.017415883,-0.29772535,-0.45600045
1766255513.7432475,0.01622777,-0.29746112,-0.45630732
1766255513.7551858,0.015066512,-0.29719985,-0.4566093
1766255513.7617388,0.013931368,-0.29694143,-0.45690653
1766255513.775404,0.011737045,-0.29643345,-0.45746577
1766255513.7841346,0.010679724,-0.29618046,-0.4577394
1766255513.7949057,0.009643956,-0.2959284,-0.4580087
1766255513.8020995,0.008632551,-0.2956805,-0.4582744
1766255513.8157794,0.006185706,-0.29458633,-0.45763844
1766255513.8236682,0.0050035175,-0.29405206,-0.45733002
1766255513.8366468,0.0038457084,-0.29352418,-0.45703238
1766255513.842562,0.0027122698,-0.2930031,-0.45674533
1766255513.8555264,0.00052607385,-0.29195893,-0.45620131
1766255513.8647313,-0.000530198,-0.2914339,-0.4559436
1766255513.8758714,-0.0015622919,-0.290917,-0.45568886
1766255513.8831244,-0.0025737023,-0.2904054,-0.45544308
1766255513.896957,-0.0035643731,-0.2898994,-0.45520613
1766255513.9032393,-0.0045325,-0.28940102,-0.45497802
1766255513.9169164,-0.006411424,-0.2884188,-0.4545461
1766255513.923214,-0.0073240898,-0.28792194,-0.45433444
1766255513.936171,-0.00676096,-0.28730497,-0.45356613
1766255513.9451299,-0.006492605,-0.286998,-0.45320025
1766255513.956517,-0.0062303017,-0.28669408,-0.45284635
1766255513.9635768,-0.0059766853,-0.28639054,-0.45250374
1766255513.977253,-0.0054919426,-0.2857866,-0.45183882
1766255513.9850094,-0.0052578487,-0.28548837,-0.4515227
1766255513.9968317,-0.0050312965,-0.2851905,-0.45121685
1766255514.0038266,-0.0047733197,-0.28489077,-0.450921
1766255514.017401,-0.0042752605,-0.28429624,-0.4503585
1766255514.0259583,-0.00403353,-0.28400242,-0.4500859
1766255514.0374756,-0.0037990804,-0.28370854,-0.4498223
1766255514.044216,-0.0035698954,-0.2834161,-0.44956762
1766255514.058171,-0.0033457656,-0.28312507,-0.44932157
1766255514.0645707,-0.0032479446,-0.2829248,-0.44902247
1766255514.0782576,-0.0030509636,-0.2825107,-0.44844887
1766255514.085003,-0.0029504567,-0.28229803,-0.44817403
1766255514.0983422,-0.0028525938,-0.2820863,-0.44790864
1766255514.1051962,-0.0027555588,-0.2818771,-0.4476526
1766255514.1187952,-0.0025722892,-0.28145888,-0.4471668
1766255514.1251287,-0.0024847558,-0.2812509,-0.44693056
1766255514.138431,-0.0022734625,-0.28084514,-0.44648308
1766255514.1464617,-0.0021489623,-0.28064826,-0.4462715
1766255514.1592672,-0.0020291924,-0.2804507,-0.44606748
1766255514.165283,-0.001912296,-0.28025392,-0.44587097
1766255514.178893,-0.0016869504,-0.2798628,-0.44548932
1766255514.187742,-0.0012712079,-0.2800028,-0.44468617
1766255514.1996803,-0.0008632678,-0.2801377,-0.4439054
1766255514.2061086,-0.0004659203,-0.28026506,-0.44314623
1766255514.2191164,0.0002996091,-0.28049806,-0.44169024
1766255514.22675,0.0006693328,-0.28060558,-0.4409907
1766255514.2392278,0.0010306775,-0.28070736,-0.44031048
1766255514.2461088,0.001383876,-0.28080353,-0.43964908
1766255514.2597227,0.002069111,-0.28098166,-0.43838072
1766255514.267868,0.0023991673,-0.28106198,-0.4377726
1766255514.2799437,0.0027219453,-0.28113726,-0.43717957
1766255514.286546,0.0030681125,-0.28118563,-0.43660292
1766255514.300347,0.0034070506,-0.28122953,-0.4360422
1766255514.3065436,0.003738914,-0.28126898,-0.43549687
1766255514.319803,0.0046796054,-0.2810268,-0.43328682
1766255514.326604,0.005135528,-0.28090498,-0.4322267
1766255514.3397486,0.0060132844,-0.28065452,-0.43019003
1766255514.3481,0.00643416,-0.28052056,-0.42921203
1766255514.3603203,0.0068454244,-0.28038526,-0.42825994
1766255514.3669755,0.0072472906,-0.28024855,-0.42733312
1766255514.3808494,0.0080237305,-0.27997094,-0.4255558
1766255514.3884807,0.008398741,-0.27983007,-0.42470226
1766255514.400217,0.008765226,-0.27968776,-0.42387134
1766255514.4072614,0.009124019,-0.2795446,-0.42306247
1766255514.420351,0.009817961,-0.2792545,-0.42150843
1766255514.4289863,0.010178697,-0.2791182,-0.4207637
1766255514.440759,0.010476313,-0.27954096,-0.4205953
1766255514.4476025,0.010768789,-0.2799492,-0.4204316
1766255514.4609551,0.011338774,-0.2807237,-0.42011803
1766255514.4689584,0.011616498,-0.28109077,-0.41996792
1766255514.4807687,0.011889498,-0.28144485,-0.4198206
1766255514.487688,0.012157915,-0.28178635,-0.41967764
1766255514.5007234,0.0126689905,-0.282406,-0.41940442
1766255514.5093808,0.012918738,-0.28269908,-0.4192741
1766255514.5208862,0.013165545,-0.28298208,-0.41914794
1766255514.5281017,0.0134064555,-0.28325287,-0.41902322
1766255514.5415437,0.013643406,-0.2835132,-0.4189025
1766255514.5481117,0.013876484,-0.28376338,-0.41878572
1766255514.561703,0.014088454,-0.2842758,-0.4180144
1766255514.5683837,0.01407165,-0.28453407,-0.41737354
1766255514.581954,0.014039039,-0.28500655,-0.4160137
1766255514.590204,0.0139676435,-0.2851575,-0.41532668
1766255514.6014855,0.013877574,-0.28534004,-0.41468963
1766255514.6087613,0.013855694,-0.28554708,-0.41413546
1766255514.6219664,0.013866472,-0.28597623,-0.4130708
1766255514.6302018,0.013893162,-0.28619406,-0.41256133
1766255514.6426973,0.013906984,-0.28640974,-0.41206598
1766255514.6486683,0.013924093,-0.28662002,-0.41158417
1766255514.6629605,0.013872588,-0.28694794,-0.41065446
1766255514.670681,0.01384477,-0.28709874,-0.4102079
1766255514.6829998,0.013817942,-0.28724295,-0.4097738
1766255514.6892827,0.013905778,-0.2874364,-0.40972236
1766255514.7035267,0.014074521,-0.28779703,-0.40962335
1766255514.712331,0.0141853355,-0.28794172,-0.40957576
1766255514.727522,0.0142936045,-0.28807843,-0.40952945
1766255514.734393,0.014399394,-0.2882073,-0.4094828
1766255514.7480998,0.014603386,-0.2884417,-0.40939352
1766255514.757727,0.014702187,-0.28854814,-0.4093507
1766255514.7675693,0.0147988,-0.28864744,-0.40930912
1766255514.774375,0.014893318,-0.2887397,-0.40926874
1766255514.788749,0.015092359,-0.2889083,-0.4091886
1766255514.7959383,0.015188787,-0.28898266,-0.40915036
1766255514.8082047,0.0152829755,-0.28905034,-0.40911335
1766255514.8150346,0.015375482,-0.28911197,-0.40907758
1766255514.8285646,0.014961159,-0.28926277,-0.40860385
1766255514.836788,0.0147611685,-0.28932583,-0.40837404
1766255514.848747,0.01456825,-0.2893833,-0.40814942
1766255514.8552177,0.014366226,-0.28943026,-0.40792936
1766255514.870855,0.013998383,-0.28949744,-0.40742633
1766255514.8785143,0.013817519,-0.2895204,-0.40719652
1766255514.8911269,0.013646006,-0.2895478,-0.4069975
1766255514.8971121,0.01347025,-0.28954598,-0.40678754
1766255514.9108682,0.013109682,-0.2895349,-0.40640554
1766255514.918116,0.012959832,-0.28953856,-0.40622258
1766255514.930244,0.012826826,-0.28954646,-0.40604344
1766255514.9365327,0.01268324,-0.2895251,-0.40585664
1766255514.950491,0.012712184,-0.28990945,-0.40537727
1766255514.9567993,0.012755007,-0.29029554,-0.40491325
1766255514.9709072,0.01287307,-0.29104912,-0.40401414
1766255514.976987,0.012905065,-0.29137453,-0.4035695
1766255514.99003,0.012937444,-0.29170233,-0.40314957
1766255514.9971464,0.012978382,-0.2920372,-0.40273958
1766255515.01024,0.013089902,-0.29269126,-0.40194473
1766255515.017254,0.013117756,-0.29296875,-0.4015504
1766255515.0307245,0.013187341,-0.29353088,-0.40081468
1766255515.0394256,0.013240749,-0.29381132,-0.40046188
1766255515.0509431,0.01329902,-0.29408133,-0.40011325
1766255515.0575655,0.0133278845,-0.29430938,-0.3997635
1766255515.0703855,0.013356567,-0.29454222,-0.3994347
1766255515.0780149,0.012857459,-0.29505986,-0.3988134
1766255515.0909994,0.011925644,-0.29607573,-0.39762038
1766255515.0980802,0.0114743635,-0.29656,-0.3970466
1766255515.1117618,0.010576951,-0.29746568,-0.3959389
1766255515.119596,0.01014409,-0.2978992,-0.39540514
1766255515.1315374,0.009721658,-0.29832068,-0.39488453
1766255515.1379533,0.009310903,-0.29874384,-0.3943798
1766255515.1511655,0.00851843,-0.29955566,-0.39340702
1766255515.1602979,0.008137015,-0.29994577,-0.39293852
1766255515.1715102,0.007764519,-0.3003252,-0.3924815
1766255515.178627,0.007399937,-0.30069342,-0.3920354
1766255515.192783,0.006695087,-0.30139884,-0.39118323
1766255515.200155,0.0063305018,-0.3012075,-0.3913469
1766255515.211974,0.005960794,-0.30101478,-0.39150527
1766255515.219079,0.0056003598,-0.30082422,-0.39165902
1766255515.2321084,0.0049019596,-0.30044463,-0.39195222
1766255515.2408283,0.0045647523,-0.30025655,-0.39209217
1766255515.2534997,0.0042337906,-0.30006796,-0.39222762
1766255515.2594545,0.003910053,-0.2998799,-0.392359
1766255515.273223,0.0032846583,-0.29950625,-0.39261028
1766255515.2816045,0.002950295,-0.2993171,-0.39273047
1766255515.2935107,0.002621767,-0.29912704,-0.39284682
1766255515.2996776,0.002301149,-0.2989383,-0.39295998
1766255515.3129625,0.0016779646,-0.2985595,-0.39317626
1766255515.3216429,0.0019701452,-0.29843318,-0.39361483
1766255515.3340392,0.0022540041,-0.29830486,-0.39404184
1766255515.3400915,0.002530878,-0.29817557,-0.3944567
1766255515.354032,0.0030365882,-0.29793385,-0.395254
1766255515.363883,0.00327822,-0.29780954,-0.3956371
1766255515.37421,0.003512292,-0.29768267,-0.3960102
1766255515.3807895,0.0037413193,-0.29755548,-0.39637393
1766255515.3943837,0.004177697,-0.2972934,-0.39706907
1766255515.402673,0.0043877703,-0.2971608,-0.3974035
1766255515.4147217,0.0045902133,-0.29702494,-0.3977291
1766255515.420862,0.0047875033,-0.29688796,-0.39804643
1766255515.4350066,0.0052080047,-0.2966276,-0.39865726
1766255515.4431062,0.00540918,-0.2964943,-0.3989489
1766255515.454988,0.00598848,-0.2963683,-0.39866802
1766255515.461298,0.0065517155,-0.29623845,-0.3983934
1766255515.4745345,0.0076347603,-0.29597017,-0.39786258
1766255515.483269,0.00815717,-0.2958335,-0.39760625
1766255515.495757,0.008664581,-0.29569274,-0.39735746
1766255515.5016377,0.0091594625,-0.29555225,-0.39711413
1766255515.5155501,0.010114393,-0.29526642,-0.39664334
1766255515.523234,0.010572809,-0.2951191,-0.39641526
1766255515.5353124,0.011019737,-0.2949696,-0.39619192
1766255515.5433488,0.011457298,-0.29481956,-0.39597476
1766255515.5579245,0.012297247,-0.29451096,-0.3955532
1766255515.5666735,0.012701418,-0.29435351,-0.3953487
1766255515.584796,0.01263137,-0.2944503,-0.39511633
1766255515.5914407,0.012563408,-0.2945411,-0.39488935
1766255515.6067908,0.012426578,-0.29469925,-0.39445326
1766255515.6150038,0.012359399,-0.2947686,-0.39424247
1766255515.627512,0.012294781,-0.29483324,-0.39403653
1766255515.633757,0.012229664,-0.29489082,-0.39383504
1766255515.6483617,0.012100188,-0.29498765,-0.39344528
1766255515.6561458,0.012032148,-0.29501235,-0.39325923
1766255515.6686056,0.011965273,-0.29503244,-0.39307737
1766255515.675744,0.011900077,-0.29504853,-0.39289966
1766255515.688615,0.011767519,-0.29506335,-0.39255562
1766255515.6963968,0.01170186,-0.2950639,-0.39238927
1766255515.708667,0.011636544,-0.29506007,-0.392229
1766255515.7147713,0.011561422,-0.29524222,-0.392258
1766255515.7291777,0.0114219915,-0.2955745,-0.39231363
1766255515.7375212,0.011356359,-0.2957242,-0.39234024
1766255515.7492177,0.011290238,-0.295867,-0.3923661
1766255515.7553391,0.01122368,-0.296003,-0.39239174
1766255515.7696753,0.0111567145,-0.29613245,-0.39241672
1766255515.7759387,0.011091166,-0.29625696,-0.3924412
1766255515.790041,0.010955971,-0.2964849,-0.3924882
1766255515.7964416,0.010880557,-0.2965837,-0.3925108
1766255515.810267,0.01072918,-0.29676437,-0.39255536
1766255515.8180974,0.010653274,-0.2968465,-0.39257687
1766255515.8305066,0.010577817,-0.29692388,-0.39259797
1766255515.8362648,0.010503434,-0.2969971,-0.39261872
1766255515.8498898,0.009843778,-0.29615152,-0.39194435
1766255515.8577278,0.009522752,-0.29573774,-0.39162254
1766255515.8703473,0.009207401,-0.29532972,-0.3913084
1766255515.876729,0.008900209,-0.29491276,-0.39100158
1766255515.8903217,0.0085983705,-0.29450127,-0.39070195
1766255515.8972185,0.008301752,-0.2940951,-0.3904093
1766255515.910638,0.0077254674,-0.29329932,-0.38984755
1766255515.9170773,0.007444317,-0.29290834,-0.38957793
1766255515.93103,0.006894826,-0.29213893,-0.38901746
1766255515.9382424,0.006579445,-0.29168308,-0.38861096
1766255515.95174,0.006197867,-0.2912246,-0.38828894
1766255515.9574301,0.005873749,-0.2908129,-0.3880332
1766255515.9705935,0.0057330695,-0.2905925,-0.3871356
1766255515.9801347,0.005684122,-0.29049447,-0.38670298
1766255515.990768,0.0056490987,-0.2904043,-0.3862809
1766255515.9976885,0.0056268577,-0.29032165,-0.38586944
1766255516.012301,0.0056076525,-0.290239,-0.38547194
1766255516.0176349,0.0055418108,-0.2901259,-0.38508192
1766255516.0309646,0.005398803,-0.28988287,-0.38432872
1766255516.0381308,0.0053288513,-0.2897589,-0.3839654
1766255516.0513456,0.0051920833,-0.28950626,-0.38326427
1766255516.060526,0.005125256,-0.28937775,-0.38293073
1766255516.0716615,0.0050595035,-0.28924787,-0.38260496
1766255516.07862,0.0049489792,-0.28912836,-0.38228673
1766255516.0927644,0.004704817,-0.28889212,-0.3812599
1766255516.100071,0.0045738025,-0.28877732,-0.38056332
1766255516.112093,0.0044436627,-0.28866085,-0.37988976
1766255516.1188693,0.0043170517,-0.28854516,-0.3792328
1766255516.13231,0.0041916557,-0.288428,-0.37859145
1766255516.1390429,0.004069642,-0.2883117,-0.37796587
1766255516.1530967,0.0038210994,-0.28807694,-0.37675905
1766255516.1592853,0.00369483,-0.2879589,-0.37618423
1766255516.1715493,0.0035720097,-0.2878418,-0.3756233
1766255516.179468,0.0034500412,-0.28772327,-0.37507543
1766255516.1936438,0.003213004,-0.28748637,-0.3740183
1766255516.1994753,0.0030960822,-0.28736636,-0.37350807
1766255516.2129183,0.0028697252,-0.28712755,-0.3725357
1766255516.2219653,0.002973688,-0.2872066,-0.37190688
1766255516.2330594,0.0030583027,-0.2872837,-0.37134328
1766255516.24022,0.0031451816,-0.28736913,-0.37081715
1766255516.2543778,0.0032705073,-0.28748167,-0.36975417
1766255516.261121,0.003320689,-0.28754628,-0.36919942
