0.00 0.000 0.000 3.00 1.0000 0.0 0.0 0.0000 0.300 0.000 0.0 0 0 0
0.10 0.030 0.000 3.00 1.0000 0.0 0.0 0.0000 0.300 0.000 0.0 0 0 0
0.20 0.060 0.000 3.00 1.0000 0.0 0.0 0.0000 0.300 0.000 0.0 0 0 0
0.30 0.090 0.000 3.00 1.0000 0.0 0.0 0.0000 0.300 0.000 0.0 0 0 0
0.40 0.120 0.000 3.00 1.0000 0.0 0.0 0.0000 0.300 0.000 0.0 0 0 0
0.50 0.150 0.000 3.00 1.0000 0.0 0.0 0.0000 0.300 0.000 0.0 0 0 0
0.60 0.180 0.000 3.00 1.0000 0.0 0.0 0.0000 0.300 0.000 0.0 0 0 0
0.70 0.210 0.000 3.00 1.0000 0.0 0.0 0.0000 0.300 0.000 0.0 0 0 0
0.80 0.240 0.000 3.00 1.0000 0.0 0.0 0.0000 0.300 0.000 0.0 0 0 0
0.90 0.270 0.000 3.00 1.0000 0.0 0.0 0.0000 0.300 0.000 0.0 0 0 0
1.00 0.300 0.000 3.00 1.0000 0.0 0.0 0.0000 0.300 0.000 0.0 0 0 0
1.10 0.330 0.000 3.00 1.0000 0.0 0.0 0.0000 0.300 0.000 0.0 0 0 0
1.20 0.360 0.000 3.00 1.0000 0.0 0.0 0.0000 0.300 0.000 0.0 0 0 0
1.30 0.390 0.000 3.00 1.0000 0.0 0.0 0.0000 0.300 0.000 0.0 0 0 0
1.40 0.420 0.000 3.00 1.0000 0.0 0.0 0.0000 0.300 0.000 0.0 0 0 0
1.50 0.450 0.000 3.00 1.0000 0.0 0.0 0.0000 0.300 0.000 0.0 0 0 0
1.60 0.480 0.000 3.00 1.0000 0.0 0.0 0.0000 0.300 0.000 0.0 0 0 0
1.70 0.510 0.000 3.00 1.0000 0.0 0.0 0.0000 0.300 0.000 0.0 0 0 0
1.80 0.540 0.000 3.00 1.0000 0.0 0.0 0.0000 0.300 0.000 0.0 0 0 0
1.90 0.570 0.000 3.00 1.0000 0.0 0.0 0.0000 0.300 0.000 0.0 0 0 0
2.00 0.600 0.000 3.00 1.0000 0.0 0.0 0.0000 0.300 0.000 0.0 0 0 0
2.10 0.630 0.000 3.00 1.0000 0.0 0.0 0.0000 0.300 0.000 0.0 0 0 0
2.20 0.660 0.000 3.00 1.0000 0.0 0.0 0.0000 0.300 0.000 0.0 0 0 0
2.30 0.690 0.000 3.00 1.0000 0.0 0.0 0.0000 0.300 0.000 0.0 0 0 0
2.40 0.720 0.000 3.00 1.0000 0.0 0.0 0.0000 0.300 0.000 0.0 0 0 0
2.50 0.750 0.000 3.00 1.0000 0.0 0.0 0.0000 0.300 0.000 0.0 0 0 0
2.60 0.780 0.000 3.00 1.0000 0.0 0.0 0.0000 0.300 0.000 0.0 0 0 0
2.70 0.810 0.000 3.00 1.0000 0.0 0.0 0.0000 0.300 0.000 0.0 0 0 0
2.80 0.840 0.000 3.00 1.0000 0.0 0.0 0.0000 0.300 0.000 0.0 0 0 0
2.90 0.870 0.000 3.00 1.0000 0.0 0.0 0.0000 0.300 0.000 0.0 0 0 0
3.00 0.900 0.000 3.00 1.0000 0.0 0.0 0.0000 0.300 0.000 0.0 0 0 0
3.10 0.930 0.000 3.00 1.0000 0.0 0.0 0.0000 0.300 0.000 0.0 0 0 0
3.20 0.960 0.000 3.00 1.0000 0.0 0.0 0.0000 0.300 0.000 0.0 0 0 0
3.30 0.990 0.000 3.00 1.0000 0.0 0.0 0.0000 0.300 0.000 0.0 0 0 0
3.40 1.020 0.000 3.00 1.0000 0.0 0.0 0.0000 0.300 0.000 0.0 0 0 0
3.50 1.050 0.000 3.00 1.0000 0.0 0.0 0.0000 0.300 0.000 0.0 0 0 0
3.60 1.080 0.000 3.00 1.0000 0.0 0.0 0.0000 0.300 0.000 0.0 0 0 0
3.70 1.110 0.000 3.00 1.0000 0.0 0.0 0.0000 0.300 0.000 0.0 0 0 0
3.80 1.140 0.000 3.00 1.0000 0.0 0.0 0.0000 0.300 0.000 0.0 0 0 0
3.90 1.170 0.000 3.00 1.0000 0.0 0.0 0.0000 0.300 0.000 0.0 0 0 0
4.00 1.200 0.000 3.00 1.0000 0.0 0.0 0.0000 0.300 0.000 0.0 0 0 0
4.10 1.230 0.000 3.00 1.0000 0.0 0.0 0.0000 0.300 0.000 0.0 0 0 0
4.20 1.260 0.000 3.00 1.0000 0.0 0.0 0.0000 0.300 0.000 0.0 0 0 0
4.30 1.290 0.000 3.00 1.0000 0.0 0.0 0.0000 0.300 0.000 0.0 0 0 0
4.40 1.320 0.000 3.00 1.0000 0.0 0.0 0.0000 0.300 0.000 0.0 0 0 0
4.50 1.350 0.000 3.00 1.0000 0.0 0.0 0.0000 0.300 0.000 0.0 0 0 0
4.60 1.380 0.000 3.00 1.0000 0.0 0.0 0.0000 0.300 0.000 0.0 0 0 0
4.70 1.410 0.000 3.00 1.0000 0.0 0.0 0.0000 0.300 0.000 0.0 0 0 0
4.80 1.440 0.000 3.00 1.0000 0.0 0.0 0.0000 0.300 0.000 0.0 0 0 0
4.90 1.470 0.000 3.00 1.0000 0.0 0.0 0.0000 0.300 0.000 0.0 0 0 0
5.00 1.500 0.000 3.00 1.0000 0.0 0.0 0.0000 0.300 0.000 0.0 0 0 0
5.10 1.530 0.000 3.00 1.0000 0.0 0.0 0.0000 0.300 0.000 0.0 0 0 0
5.20 1.560 0.000 3.00 1.0000 0.0 0.0 0.0000 0.300 0.000 0.0 0 0 0
5.30 1.590 0.000 3.00 1.0000 0.0 0.0 0.0000 0.300 0.000 0.0 0 0 0
5.40 1.620 0.000 3.00 1.0000 0.0 0.0 0.0000 0.300 0.000 0.0 0 0 0
5.50 1.650 0.000 3.00 1.0000 0.0 0.0 0.0000 0.300 0.000 0.0 0 0 0
5.60 1.680 0.000 3.00 1.0000 0.0 0.0 0.0000 0.300 0.000 0.0 0 0 0
5.70 1.710 0.000 3.00 1.0000 0.0 0.0 0.0000 0.300 0.000 0.0 0 0 0
5.80 1.740 0.000 3.00 1.0000 0.0 0.0 0.0000 0.300 0.000 0.0 0 0 0
5.90 1.770 0.000 3.00 1.0000 0.0 0.0 0.0000 0.300 0.000 0.0 0 0 0
6.00 1.800 0.000 3.00 1.0000 0.0 0.0 0.0000 0.300 0.000 0.0 0 0 0
6.10 1.830 0.000 3.00 1.0000 0.0 0.0 0.0000 0.300 0.000 0.0 0 0 0
6.20 1.860 0.000 3.00 1.0000 0.0 0.0 0.0000 0.300 0.000 0.0 0 0 0
6.30 1.890 0.000 3.00 1.0000 0.0 0.0 0.0000 0.300 0.000 0.0 0 0 0
6.40 1.920 0.000 3.00 1.0000 0.0 0.0 0.0000 0.300 0.000 0.0 0 0 0
6.50 1.950 0.000 3.00 1.0000 0.0 0.0 0.0000 0.300 0.000 0.0 0 0 0
6.60 1.980 0.000 3.00 1.0000 0.0 0.0 0.0000 0.300 0.000 0.0 0 0 0
6.70 2.010 0.000 3.00 1.0000 0.0 0.0 0.0000 0.300 0.000 0.0 0 0 0
6.80 2.040 0.000 3.00 1.0000 0.0 0.0 0.0000 0.300 0.000 0.0 0 0 0
6.90 2.070 0.000 3.00 1.0000 0.0 0.0 0.0000 0.300 0.000 0.0 0 0 0
7.00 2.100 0.000 3.00 1.0000 0.0 0.0 0.0000 0.300 0.000 0.0 0 0 0
7.10 2.130 0.000 3.00 1.0000 0.0 0.0 0.0000 0.300 0.000 0.0 0 0 0
7.20 2.160 0.000 3.00 1.0000 0.0 0.0 0.0000 0.300 0.000 0.0 0 0 0
7.30 2.190 0.000 3.00 1.0000 0.0 0.0 0.0000 0.300 0.000 0.0 0 0 0
7.40 2.220 0.000 3.00 1.0000 0.0 0.0 0.0000 0.300 0.000 0.0 0 0 0
7.50 2.250 0.000 3.00 1.0000 0.0 0.0 0.0000 0.300 0.000 0.0 0 0 0
7.60 2.280 0.000 3.00 1.0000 0.0 0.0 0.0000 0.300 0.000 0.0 0 0 0
7.70 2.310 0.000 3.00 1.0000 0.0 0.0 0.0000 0.300 0.000 0.0 0 0 0
7.80 2.340 0.000 3.00 1.0000 0.0 0.0 0.0000 0.300 0.000 0.0 0 0 0
7.90 2.370 0.000 3.00 1.0000 0.0 0.0 0.0000 0.300 0.000 0.0 0 0 0
8.00 2.400 0.000 3.00 1.0000 0.0 0.0 0.0000 0.300 0.000 0.0 0 0 0
8.10 2.430 0.000 3.00 1.0000 0.0 0.0 0.0000 0.300 0.000 0.0 0 0 0
8.20 2.460 0.000 3.00 1.0000 0.0 0.0 0.0000 0.300 0.000 0.0 0 0 0
8.30 2.490 0.000 3.00 1.0000 0.0 0.0 0.0000 0.300 0.000 0.0 0 0 0
8.40 2.520 0.000 3.00 1.0000 0.0 0.0 0.0000 0.300 0.000 0.0 0 0 0
8.50 2.550 0.000 3.00 1.0000 0.0 0.0 0.0000 0.300 0.000 0.0 0 0 0
8.60 2.580 0.000 3.00 1.0000 0.0 0.0 0.0000 0.300 0.000 0.0 0 0 0
8.70 2.610 0.000 3.00 1.0000 0.0 0.0 0.0000 0.300 0.000 0.0 0 0 0
8.80 2.640 0.000 3.00 1.0000 0.0 0.0 0.0000 0.300 0.000 0.0 0 0 0
8.90 2.670 0.000 3.00 1.0000 0.0 0.0 0.0000 0.300 0.000 0.0 0 0 0
9.00 2.700 0.000 3.00 1.0000 0.0 0.0 0.0000 0.300 0.000 0.0 0 0 0
9.10 2.730 0.000 3.00 1.0000 0.0 0.0 0.0000 0.300 0.000 0.0 0 0 0
9.20 2.760 0.000 3.00 1.0000 0.0 0.0 0.0000 0.300 0.000 0.0 0 0 0
9.30 2.790 0.000 3.00 1.0000 0.0 0.0 0.0000 0.300 0.000 0.0 0 0 0
9.40 2.820 0.000 3.00 1.0000 0.0 0.0 0.0000 0.300 0.000 0.0 0 0 0
9.50 2.850 0.000 3.00 1.0000 0.0 0.0 0.0000 0.300 0.000 0.0 0 0 0
9.60 2.880 0.000 3.00 1.0000 0.0 0.0 0.0000 0.300 0.000 0.0 0 0 0
9.70 2.910 0.000 3.00 1.0000 0.0 0.0 0.0000 0.300 0.000 0.0 0 0 0
9.80 2.940 0.000 3.00 1.0000 0.0 0.0 0.0000 0.300 0.000 0.0 0 0 0
9.90 2.970 0.000 3.00 1.0000 0.0 0.0 0.0000 0.300 0.000 0.0 0 0 0
10.00 3.000 0.000 3.00 1.0000 0.0 0.0 0.0000 0.300 0.000 0.0 0 0 0
10.10 3.030 0.000 3.00 1.0000 0.0 0.0 0.0000 0.300 0.000 0.0 0 0 0
10.20 3.060 0.000 3.00 1.0000 0.0 0.0 0.0000 0.300 0.000 0.0 0 0 0
10.30 3.090 0.000 3.00 1.0000 0.0 0.0 0.0000 0.300 0.000 0.0 0 0 0
10.40 3.120 0.000 3.00 1.0000 0.0 0.0 0.0000 0.300 0.000 0.0 0 0 0
10.50 3.150 0.000 3.00 1.0000 0.0 0.0 0.0000 0.300 0.000 0.0 0 0 0
10.60 3.180 0.000 3.00 1.0000 0.0 0.0 0.0000 0.300 0.000 0.0 0 0 0
10.70 3.210 0.000 3.00 1.0000 0.0 0.0 0.0000 0.300 0.000 0.0 0 0 0
10.80 3.240 0.000 3.00 1.0000 0.0 0.0 0.0000 0.300 0.000 0.0 0 0 0
10.90 3.270 0.000 3.00 1.0000 0.0 0.0 0.0000 0.300 0.000 0.0 0 0 0
11.00 3.300 0.000 3.00 1.0000 0.0 0.0 0.0000 0.300 0.000 0.0 0 0 0
11.10 3.330 0.000 3.00 1.0000 0.0 0.0 0.0000 0.300 0.000 0.0 0 0 0
11.20 3.360 0.000 3.00 1.0000 0.0 0.0 0.0000 0.300 0.000 0.0 0 0 0
11.30 3.390 0.000 3.00 1.0000 0.0 0.0 0.0000 0.300 0.000 0.0 0 0 0
11.40 3.420 0.000 3.00 1.0000 0.0 0.0 0.0000 0.300 0.000 0.0 0 0 0
11.50 3.450 0.000 3.00 1.0000 0.0 0.0 0.0000 0.300 0.000 0.0 0 0 0
11.60 3.480 0.000 3.00 1.0000 0.0 0.0 0.0000 0.300 0.000 0.0 0 0 0
11.70 3.510 0.000 3.00 1.0000 0.0 0.0 0.0000 0.300 0.000 0.0 0 0 0
11.80 3.540 0.000 3.00 1.0000 0.0 0.0 0.0000 0.300 0.000 0.0 0 0 0
11.90 3.570 0.000 3.00 1.0000 0.0 0.0 0.0000 0.300 0.000 0.0 0 0 0
12.00 3.600 0.000 3.00 1.0000 0.0 0.0 0.0000 0.300 0.000 0.0 0 0 0
12.10 3.630 0.000 3.00 1.0000 0.0 0.0 0.0000 0.300 0.000 0.0 0 0 0
12.20 3.660 0.000 3.00 1.0000 0.0 0.0 0.0000 0.300 0.000 0.0 0 0 0
12.30 3.690 0.000 3.00 1.0000 0.0 0.0 0.0000 0.300 0.000 0.0 0 0 0
12.40 3.720 0.000 3.00 1.0000 0.0 0.0 0.0000 0.300 0.000 0.0 0 0 0
12.50 3.750 0.000 3.00 1.0000 0.0 0.0 0.0000 0.300 0.000 0.0 0 0 0
12.60 3.780 0.000 3.00 1.0000 0.0 0.0 0.0000 0.300 0.000 0.0 0 0 0
12.70 3.810 0.000 3.00 1.0000 0.0 0.0 0.0000 0.300 0.000 0.0 0 0 0
12.80 3.840 0.000 3.00 1.0000 0.0 0.0 0.0000 0.300 0.000 0.0 0 0 0
12.90 3.870 0.000 3.00 1.0000 0.0 0.0 0.0000 0.300 0.000 0.0 0 0 0
13.00 3.900 0.000 3.00 1.0000 0.0 0.0 0.0000 0.300 0.000 0.0 0 0 0
13.10 3.930 0.000 3.00 1.0000 0.0 0.0 0.0000 0.300 0.000 0.0 0 0 0
13.20 3.960 0.000 3.00 1.0000 0.0 0.0 0.0000 0.300 0.000 0.0 0 0 0
13.30 3.990 0.000 3.00 1.0000 0.0 0.0 0.0000 0.300 0.000 0.0 0 0 0
13.40 4.020 0.000 3.00 1.0000 0.0 0.0 0.0000 0.300 0.000 0.0 0 0 0
13.50 4.050 0.000 3.00 1.0000 0.0 0.0 0.0000 0.300 0.000 0.0 0 0 0
13.60 4.080 0.000 3.00 1.0000 0.0 0.0 0.0000 0.300 0.000 0.0 0 0 0
13.70 4.110 0.000 3.00 1.0000 0.0 0.0 0.0000 0.300 0.000 0.0 0 0 0
13.80 4.140 0.000 3.00 1.0000 0.0 0.0 0.0000 0.300 0.000 0.0 0 0 0
13.90 4.170 0.000 3.00 1.0000 0.0 0.0 0.0000 0.300 0.000 0.0 0 0 0
14.00 4.200 0.000 3.00 1.0000 0.0 0.0 0.0000 0.300 0.000 0.0 0 0 0
14.10 4.230 0.000 3.00 1.0000 0.0 0.0 0.0000 0.300 0.000 0.0 0 0 0
14.20 4.260 0.000 3.00 1.0000 0.0 0.0 0.0000 0.300 0.000 0.0 0 0 0
14.30 4.290 0.000 3.00 1.0000 0.0 0.0 0.0000 0.300 0.000 0.0 0 0 0
14.40 4.320 0.000 3.00 1.0000 0.0 0.0 0.0000 0.300 0.000 0.0 0 0 0
14.50 4.350 0.000 3.00 1.0000 0.0 0.0 0.0000 0.300 0.000 0.0 0 0 0
14.60 4.380 0.000 3.00 1.0000 0.0 0.0 0.0000 0.300 0.000 0.0 0 0 0
14.70 4.410 0.000 3.00 1.0000 0.0 0.0 0.0000 0.300 0.000 0.0 0 0 0
14.80 4.440 0.000 3.00 1.0000 0.0 0.0 0.0000 0.300 0.000 0.0 0 0 0
14.90 4.470 0.000 3.00 1.0000 0.0 0.0 0.0000 0.300 0.000 0.0 0 0 0
15.00 4.500 0.000 3.00 1.0000 0.0 0.0 0.0000 0.300 0.000 0.0 0 0 0
15.10 4.530 0.000 3.00 1.0000 0.0 0.0 0.0000 0.300 0.000 0.0 0 0 0
15.20 4.560 0.000 3.00 1.0000 0.0 0.0 0.0000 0.300 0.000 0.0 0 0 0
15.30 4.590 0.000 3.00 1.0000 0.0 0.0 0.0000 0.300 0.000 0.0 0 0 0
15.40 4.620 0.000 3.00 1.0000 0.0 0.0 0.0000 0.300 0.000 0.0 0 0 0
15.50 4.650 0.000 3.00 1.0000 0.0 0.0 0.0000 0.300 0.000 0.0 0 0 0
15.60 4.680 0.000 3.00 1.0000 0.0 0.0 0.0000 0.300 0.000 0.0 0 0 0
15.70 4.710 0.000 3.00 1.0000 0.0 0.0 0.0000 0.300 0.000 0.0 0 0 0
15.80 4.740 0.000 3.00 1.0000 0.0 0.0 0.0000 0.300 0.000 0.0 0 0 0
15.90 4.770 0.000 3.00 1.0000 0.0 0.0 0.0000 0.300 0.000 0.0 0 0 0
16.00 4.800 0.000 3.00 1.0000 0.0 0.0 0.0000 0.300 0.000 0.0 0 0 0
16.10 4.830 0.000 3.00 1.0000 0.0 0.0 0.0000 0.300 0.000 0.0 0 0 0
16.20 4.860 0.000 3.00 1.0000 0.0 0.0 0.0000 0.300 0.000 0.0 0 0 0
16.30 4.890 0.000 3.00 1.0000 0.0 0.0 0.0000 0.300 0.000 0.0 0 0 0
16.40 4.920 0.000 3.00 1.0000 0.0 0.0 0.0000 0.300 0.000 0.0 0 0 0
16.50 4.950 0.000 3.00 1.0000 0.0 0.0 0.0000 0.300 0.000 0.0 0 0 0
16.60 4.980 0.000 3.00 1.0000 0.0 0.0 0.0000 0.300 0.000 0.0 0 0 0
16.70 5.010 0.000 3.00 1.0000 0.0 0.0 0.0000 0.300 0.000 0.0 0 0 0
16.80 5.040 0.000 3.00 1.0000 0.0 0.0 0.0000 0.300 0.000 0.0 0 0 0
16.90 5.070 0.000 3.00 1.0000 0.0 0.0 0.0000 0.300 0.000 0.0 0 0 0
17.00 5.100 0.000 3.00 1.0000 0.0 0.0 0.0000 0.300 0.000 0.0 0 0 0
17.10 5.130 0.000 3.00 1.0000 0.0 0.0 0.0000 0.300 0.000 0.0 0 0 0
17.20 5.160 0.000 3.00 1.0000 0.0 0.0 0.0000 0.300 0.000 0.0 0 0 0
17.30 5.190 0.000 3.00 1.0000 0.0 0.0 0.0000 0.300 0.000 0.0 0 0 0
17.40 5.220 0.000 3.00 1.0000 0.0 0.0 0.0000 0.300 0.000 0.0 0 0 0
17.50 5.250 0.000 3.00 1.0000 0.0 0.0 0.0000 0.300 0.000 0.0 0 0 0
17.60 5.280 0.000 3.00 1.0000 0.0 0.0 0.0000 0.300 0.000 0.0 0 0 0
17.70 5.310 0.000 3.00 1.0000 0.0 0.0 0.0000 0.300 0.000 0.0 0 0 0
17.80 5.340 0.000 3.00 1.0000 0.0 0.0 0.0000 0.300 0.000 0.0 0 0 0
17.90 5.370 0.000 3.00 1.0000 0.0 0.0 0.0000 0.300 0.000 0.0 0 0 0
18.00 5.400 0.000 3.00 1.0000 0.0 0.0 0.0000 0.300 0.000 0.0 0 0 0
18.10 5.430 0.000 3.00 1.0000 0.0 0.0 0.0000 0.300 0.000 0.0 0 0 0
18.20 5.460 0.000 3.00 1.0000 0.0 0.0 0.0000 0.300 0.000 0.0 0 0 0
18.30 5.490 0.000 3.00 1.0000 0.0 0.0 0.0000 0.300 0.000 0.0 0 0 0
18.40 5.520 0.000 3.00 1.0000 0.0 0.0 0.0000 0.300 0.000 0.0 0 0 0
18.50 5.550 0.000 3.00 1.0000 0.0 0.0 0.0000 0.300 0.000 0.0 0 0 0
18.60 5.580 0.000 3.00 1.0000 0.0 0.0 0.0000 0.300 0.000 0.0 0 0 0
18.70 5.610 0.000 3.00 1.0000 0.0 0.0 0.0000 0.300 0.000 0.0 0 0 0
18.80 5.640 0.000 3.00 1.0000 0.0 0.0 0.0000 0.300 0.000 0.0 0 0 0
18.90 5.670 0.000 3.00 1.0000 0.0 0.0 0.0000 0.300 0.000 0.0 0 0 0
19.00 5.700 0.000 3.00 1.0000 0.0 0.0 0.0000 0.300 0.000 0.0 0 0 0
19.10 5.730 0.000 3.00 1.0000 0.0 0.0 0.0000 0.300 0.000 0.0 0 0 0
19.20 5.760 0.000 3.00 1.0000 0.0 0.0 0.0000 0.300 0.000 0.0 0 0 0
19.30 5.790 0.000 3.00 1.0000 0.0 0.0 0.0000 0.300 0.000 0.0 0 0 0
19.40 5.820 0.000 3.00 1.0000 0.0 0.0 0.0000 0.300 0.000 0.0 0 0 0
19.50 5.850 0.000 3.00 1.0000 0.0 0.0 0.0000 0.300 0.000 0.0 0 0 0
19.60 5.880 0.000 3.00 1.0000 0.0 0.0 0.0000 0.300 0.000 0.0 0 0 0
19.70 5.910 0.000 3.00 1.0000 0.0 0.0 0.0000 0.300 0.000 0.0 0 0 0
19.80 5.940 0.000 3.00 1.0000 0.0 0.0 0.0000 0.300 0.000 0.0 0 0 0
19.90 5.970 0.000 3.00 1.0000 0.0 0.0 0.0000 0.300 0.000 0.0 0 0 0
20.00 6.000 0.000 3.00 1.0000 0.0 0.0 0.0000 0.300 0.000 0.0 0 0 0
20.10 6.030 0.000 3.00 1.0000 0.0 0.0 0.0000 0.300 0.000 0.0 0 0 0
20.20 6.060 0.000 3.00 1.0000 0.0 0.0 0.0000 0.300 0.000 0.0 0 0 0
20.30 6.090 0.000 3.00 1.0000 0.0 0.0 0.0000 0.300 0.000 0.0 0 0 0
20.40 6.120 0.000 3.00 1.0000 0.0 0.0 0.0000 0.300 0.000 0.0 0 0 0
20.50 6.150 0.000 3.00 1.0000 0.0 0.0 0.0000 0.300 0.000 0.0 0 0 0
20.60 6.180 0.000 3.00 1.0000 0.0 0.0 0.0000 0.300 0.000 0.0 0 0 0
20.70 6.210 0.000 3.00 1.0000 0.0 0.0 0.0000 0.300 0.000 0.0 0 0 0
20.80 6.240 0.000 3.00 1.0000 0.0 0.0 0.0000 0.300 0.000 0.0 0 0 0
20.90 6.270 0.000 3.00 1.0000 0.0 0.0 0.0000 0.300 0.000 0.0 0 0 0
21.00 6.300 0.000 3.00 1.0000 0.0 0.0 0.0000 0.300 0.000 0.0 0 0 0
21.10 6.330 0.000 3.00 1.0000 0.0 0.0 0.0000 0.300 0.000 0.0 0 0 0
21.20 6.360 0.000 3.00 1.0000 0.0 0.0 0.0000 0.300 0.000 0.0 0 0 0
21.30 6.390 0.000 3.00 1.0000 0.0 0.0 0.0000 0.300 0.000 0.0 0 0 0
21.40 6.420 0.000 3.00 1.0000 0.0 0.0 0.0000 0.300 0.000 0.0 0 0 0
21.50 6.450 0.000 3.00 1.0000 0.0 0.0 0.0000 0.300 0.000 0.0 0 0 0
21.60 6.480 0.000 3.00 1.0000 0.0 0.0 0.0000 0.300 0.000 0.0 0 0 0
21.70 6.510 0.000 3.00 1.0000 0.0 0.0 0.0000 0.300 0.000 0.0 0 0 0
21.80 6.540 0.000 3.00 1.0000 0.0 0.0 0.0000 0.300 0.000 0.0 0 0 0
21.90 6.570 0.000 3.00 1.0000 0.0 0.0 0.0000 0.300 0.000 0.0 0 0 0
22.00 6.600 0.000 3.00 1.0000 0.0 0.0 0.0000 0.300 0.000 0.0 0 0 0
22.10 6.630 0.000 3.00 1.0000 0.0 0.0 0.0000 0.300 0.000 0.0 0 0 0
22.20 6.660 0.000 3.00 1.0000 0.0 0.0 0.0000 0.300 0.000 0.0 0 0 0
22.30 6.690 0.000 3.00 1.0000 0.0 0.0 0.0000 0.300 0.000 0.0 0 0 0
22.40 6.720 0.000 3.00 1.0000 0.0 0.0 0.0000 0.300 0.000 0.0 0 0 0
22.50 6.750 0.000 3.00 1.0000 0.0 0.0 0.0000 0.300 0.000 0.0 0 0 0
22.60 6.780 0.000 3.00 1.0000 0.0 0.0 0.0000 0.300 0.000 0.0 0 0 0
22.70 6.810 0.000 3.00 1.0000 0.0 0.0 0.0000 0.300 0.000 0.0 0 0 0
22.80 6.840 0.000 3.00 1.0000 0.0 0.0 0.0000 0.300 0.000 0.0 0 0 0
22.90 6.870 0.000 3.00 1.0000 0.0 0.0 0.0000 0.300 0.000 0.0 0 0 0
23.00 6.900 0.000 3.00 1.0000 0.0 0.0 0.0000 0.300 0.000 0.0 0 0 0
23.10 6.930 0.000 3.00 1.0000 0.0 0.0 0.0000 0.300 0.000 0.0 0 0 0
23.20 6.960 0.000 3.00 1.0000 0.0 0.0 0.0000 0.300 0.000 0.0 0 0 0
23.30 6.990 0.000 3.00 1.0000 0.0 0.0 0.0000 0.300 0.000 0.0 0 0 0
23.40 7.020 0.000 3.00 1.0000 0.0 0.0 0.0000 0.300 0.000 0.0 0 0 0
23.50 7.050 0.000 3.00 1.0000 0.0 0.0 0.0000 0.300 0.000 0.0 0 0 0
23.60 7.080 0.000 3.00 1.0000 0.0 0.0 0.0000 0.300 0.000 0.0 0 0 0
23.70 7.110 0.000 3.00 1.0000 0.0 0.0 0.0000 0.300 0.000 0.0 0 0 0
23.80 7.140 0.000 3.00 1.0000 0.0 0.0 0.0000 0.300 0.000 0.0 0 0 0
23.90 7.170 0.000 3.00 1.0000 0.0 0.0 0.0000 0.300 0.000 0.0 0 0 0
24.00 7.200 0.000 3.00 1.0000 0.0 0.0 0.0000 0.300 0.000 0.0 0 0 0
24.10 7.230 0.000 3.00 1.0000 0.0 0.0 0.0000 0.300 0.000 0.0 0 0 0
24.20 7.260 0.000 3.00 1.0000 0.0 0.0 0.0000 0.300 0.000 0.0 0 0 0
24.30 7.290 0.000 3.00 1.0000 0.0 0.0 0.0000 0.300 0.000 0.0 0 0 0
24.40 7.320 0.000 3.00 1.0000 0.0 0.0 0.0000 0.300 0.000 0.0 0 0 0
24.50 7.350 0.000 3.00 1.0000 0.0 0.0 0.0000 0.300 0.000 0.0 0 0 0
24.60 7.380 0.000 3.00 1.0000 0.0 0.0 0.0000 0.300 0.000 0.0 0 0 0
24.70 7.410 0.000 3.00 1.0000 0.0 0.0 0.0000 0.300 0.000 0.0 0 0 0
24.80 7.440 0.000 3.00 1.0000 0.0 0.0 0.0000 0.300 0.000 0.0 0 0 0
24.90 7.470 0.000 3.00 1.0000 0.0 0.0 0.0000 0.300 0.000 0.0 0 0 0
25.00 7.500 0.000 3.00 1.0000 0.0 0.0 0.0000 0.300 0.000 0.0 0 0 0
25.10 7.530 0.000 3.00 1.0000 0.0 0.0 0.0000 0.300 0.000 0.0 0 0 0
25.20 7.560 0.000 3.00 1.0000 0.0 0.0 0.0000 0.300 0.000 0.0 0 0 0
25.30 7.590 0.000 3.00 1.0000 0.0 0.0 0.0000 0.300 0.000 0.0 0 0 0
25.40 7.620 0.000 3.00 1.0000 0.0 0.0 0.0000 0.300 0.000 0.0 0 0 0
25.50 7.650 0.000 3.00 1.0000 0.0 0.0 0.0000 0.300 0.000 0.0 0 0 0
25.60 7.680 0.000 3.00 1.0000 0.0 0.0 0.0000 0.300 0.000 0.0 0 0 0
25.70 7.710 0.000 3.00 1.0000 0.0 0.0 0.0000 0.300 0.000 0.0 0 0 0
25.80 7.740 0.000 3.00 1.0000 0.0 0.0 0.0000 0.300 0.000 0.0 0 0 0
25.90 7.770 0.000 3.00 1.0000 0.0 0.0 0.0000 0.300 0.000 0.0 0 0 0
26.00 7.800 0.000 3.00 1.0000 0.0 0.0 0.0000 0.300 0.000 0.0 0 0 0
26.10 7.830 0.000 3.00 1.0000 0.0 0.0 0.0000 0.300 0.000 0.0 0 0 0
26.20 7.860 0.000 3.00 1.0000 0.0 0.0 0.0000 0.300 0.000 0.0 0 0 0
26.30 7.890 0.000 3.00 1.0000 0.0 0.0 0.0000 0.300 0.000 0.0 0 0 0
26.40 7.920 0.000 3.00 1.0000 0.0 0.0 0.0000 0.300 0.000 0.0 0 0 0
26.50 7.950 0.000 3.00 1.0000 0.0 0.0 0.0000 0.300 0.000 0.0 0 0 0
26.60 7.980 0.000 3.00 1.0000 0.0 0.0 0.0000 0.300 0.000 0.0 0 0 0
26.70 8.010 0.000 3.00 1.0000 0.0 0.0 0.0000 0.300 0.000 0.0 0 0 0
26.80 8.040 0.000 3.00 1.0000 0.0 0.0 0.0000 0.300 0.000 0.0 0 0 0
26.90 8.070 0.000 3.00 1.0000 0.0 0.0 0.0000 0.300 0.000 0.0 0 0 0
27.00 8.100 0.000 3.00 1.0000 0.0 0.0 0.0000 0.300 0.000 0.0 0 0 0
27.10 8.130 0.000 3.00 1.0000 0.0 0.0 0.0000 0.300 0.000 0.0 0 0 0
27.20 8.160 0.000 3.00 1.0000 0.0 0.0 0.0000 0.300 0.000 0.0 0 0 0
27.30 8.190 0.000 3.00 1.0000 0.0 0.0 0.0000 0.300 0.000 0.0 0 0 0
27.40 8.220 0.000 3.00 1.0000 0.0 0.0 0.0000 0.300 0.000 0.0 0 0 0
27.50 8.250 0.000 3.00 1.0000 0.0 0.0 0.0000 0.300 0.000 0.0 0 0 0
27.60 8.280 0.000 3.00 1.0000 0.0 0.0 0.0000 0.300 0.000 0.0 0 0 0
27.70 8.310 0.000 3.00 1.0000 0.0 0.0 0.0000 0.300 0.000 0.0 0 0 0
27.80 8.340 0.000 3.00 1.0000 0.0 0.0 0.0000 0.300 0.000 0.0 0 0 0
27.90 8.370 0.000 3.00 1.0000 0.0 0.0 0.0000 0.300 0.000 0.0 0 0 0
28.00 8.400 0.000 3.00 1.0000 0.0 0.0 0.0000 0.300 0.000 0.0 0 0 0
28.10 8.430 0.000 3.00 1.0000 0.0 0.0 0.0000 0.300 0.000 0.0 0 0 0
28.20 8.460 0.000 3.00 1.0000 0.0 0.0 0.0000 0.300 0.000 0.0 0 0 0
28.30 8.490 0.000 3.00 1.0000 0.0 0.0 0.0000 0.300 0.000 0.0 0 0 0
28.40 8.520 0.000 3.00 1.0000 0.0 0.0 0.0000 0.300 0.000 0.0 0 0 0
28.50 8.550 0.000 3.00 1.0000 0.0 0.0 0.0000 0.300 0.000 0.0 0 0 0
28.60 8.580 0.000 3.00 1.0000 0.0 0.0 0.0000 0.300 0.000 0.0 0 0 0
28.70 8.610 0.000 3.00 1.0000 0.0 0.0 0.0000 0.300 0.000 0.0 0 0 0
28.80 8.640 0.000 3.00 1.0000 0.0 0.0 0.0000 0.300 0.000 0.0 0 0 0
28.90 8.670 0.000 3.00 1.0000 0.0 0.0 0.0000 0.300 0.000 0.0 0 0 0
29.00 8.700 0.000 3.00 1.0000 0.0 0.0 0.0000 0.300 0.000 0.0 0 0 0
29.10 8.730 0.000 3.00 1.0000 0.0 0.0 0.0000 0.300 0.000 0.0 0 0 0
29.20 8.760 0.000 3.00 1.0000 0.0 0.0 0.0000 0.300 0.000 0.0 0 0 0
29.30 8.790 0.000 3.00 1.0000 0.0 0.0 0.0000 0.300 0.000 0.0 0 0 0
29.40 8.820 0.000 3.00 1.0000 0.0 0.0 0.0000 0.300 0.000 0.0 0 0 0
29.50 8.850 0.000 3.00 1.0000 0.0 0.0 0.0000 0.300 0.000 0.0 0 0 0
29.60 8.880 0.000 3.00 1.0000 0.0 0.0 0.0000 0.300 0.000 0.0 0 0 0
29.70 8.910 0.000 3.00 1.0000 0.0 0.0 0.0000 0.300 0.000 0.0 0 0 0
29.80 8.940 0.000 3.00 1.0000 0.0 0.0 0.0000 0.300 0.000 0.0 0 0 0
29.90 8.970 0.000 3.00 1.0000 0.0 0.0 0.0000 0.300 0.000 0.0 0 0 0
30.00 9.000 0.000 3.00 1.0000 0.0 0.0 0.0000 0.300 0.000 0.0 0 0 0
30.10 9.030 0.000 3.00 1.0000 0.0 0.0 0.0000 0.300 0.000 0.0 0 0 0
30.20 9.060 0.000 3.00 1.0000 0.0 0.0 0.0000 0.300 0.000 0.0 0 0 0
30.30 9.090 0.000 3.00 1.0000 0.0 0.0 0.0000 0.300 0.000 0.0 0 0 0
30.40 9.120 0.000 3.00 1.0000 0.0 0.0 0.0000 0.300 0.000 0.0 0 0 0
30.50 9.150 0.000 3.00 1.0000 0.0 0.0 0.0000 0.300 0.000 0.0 0 0 0
30.60 9.180 0.000 3.00 1.0000 0.0 0.0 0.0000 0.300 0.000 0.0 0 0 0
30.70 9.210 0.000 3.00 1.0000 0.0 0.0 0.0000 0.300 0.000 0.0 0 0 0
30.80 9.240 0.000 3.00 1.0000 0.0 0.0 0.0000 0.300 0.000 0.0 0 0 0
30.90 9.270 0.000 3.00 1.0000 0.0 0.0 0.0000 0.300 0.000 0.0 0 0 0
31.00 9.300 0.000 3.00 1.0000 0.0 0.0 0.0000 0.300 0.000 0.0 0 0 0
31.10 9.330 0.000 3.00 1.0000 0.0 0.0 0.0000 0.300 0.000 0.0 0 0 0
31.20 9.360 0.000 3.00 1.0000 0.0 0.0 0.0000 0.300 0.000 0.0 0 0 0
31.30 9.390 0.000 3.00 1.0000 0.0 0.0 0.0000 0.300 0.000 0.0 0 0 0
31.40 9.420 0.000 3.00 1.0000 0.0 0.0 0.0000 0.300 0.000 0.0 0 0 0
31.50 9.450 0.000 3.00 1.0000 0.0 0.0 0.0000 0.300 0.000 0.0 0 0 0
31.60 9.480 0.000 3.00 1.0000 0.0 0.0 0.0000 0.300 0.000 0.0 0 0 0
31.70 9.510 0.000 3.00 1.0000 0.0 0.0 0.0000 0.300 0.000 0.0 0 0 0
31.80 9.540 0.000 3.00 1.0000 0.0 0.0 0.0000 0.300 0.000 0.0 0 0 0
31.90 9.570 0.000 3.00 1.0000 0.0 0.0 0.0000 0.300 0.000 0.0 0 0 0
32.00 9.600 0.000 3.00 1.0000 0.0 0.0 0.0000 0.300 0.000 0.0 0 0 0
32.10 9.630 0.000 3.00 1.0000 0.0 0.0 0.0000 0.300 0.000 0.0 0 0 0
32.20 9.660 0.000 3.00 1.0000 0.0 0.0 0.0000 0.300 0.000 0.0 0 0 0
32.30 9.690 0.000 3.00 1.0000 0.0 0.0 0.0000 0.300 0.000 0.0 0 0 0
32.40 9.720 0.000 3.00 1.0000 0.0 0.0 0.0000 0.300 0.000 0.0 0 0 0
32.50 9.750 0.000 3.00 1.0000 0.0 0.0 0.0000 0.300 0.000 0.0 0 0 0
32.60 9.780 0.000 3.00 1.0000 0.0 0.0 0.0000 0.300 0.000 0.0 0 0 0
32.70 9.810 0.000 3.00 1.0000 0.0 0.0 0.0000 0.300 0.000 0.0 0 0 0
32.80 9.840 0.000 3.00 1.0000 0.0 0.0 0.0000 0.300 0.000 0.0 0 0 0
32.90 9.870 0.000 3.00 1.0000 0.0 0.0 0.0000 0.300 0.000 0.0 0 0 0
33.00 9.900 0.000 3.00 1.0000 0.0 0.0 0.0000 0.300 0.000 0.0 0 0 0
33.10 9.930 0.000 3.00 1.0000 0.0 0.0 0.0000 0.300 0.000 0.0 0 0 0
33.20 9.960 0.000 3.00 1.0000 0.0 0.0 0.0000 0.300 0.000 0.0 0 0 0
33.30 9.990 0.000 3.00 1.0000 0.0 0.0 0.0000 0.300 0.000 0.0 0 0 0
33.40 10.020 0.000 3.00 1.0000 0.0 0.0 0.0000 0.300 0.000 0.0 0 0 0
33.50 10.050 0.000 3.00 1.0000 0.0 0.0 0.0000 0.300 0.000 0.0 0 0 0
33.60 10.080 0.000 3.00 1.0000 0.0 0.0 0.0000 0.300 0.000 0.0 0 0 0
33.70 10.110 0.000 3.00 1.0000 0.0 0.0 0.0000 0.300 0.000 0.0 0 0 0
33.80 10.140 0.000 3.00 1.0000 0.0 0.0 0.0000 0.300 0.000 0.0 0 0 0
33.90 10.170 0.000 3.00 1.0000 0.0 0.0 0.0000 0.300 0.000 0.0 0 0 0
34.00 10.200 0.000 3.00 1.0000 0.0 0.0 0.0000 0.300 0.000 0.0 0 0 0
34.10 10.230 0.000 3.00 1.0000 0.0 0.0 0.0000 0.300 0.000 0.0 0 0 0
34.20 10.260 0.000 3.00 1.0000 0.0 0.0 0.0000 0.300 0.000 0.0 0 0 0
34.30 10.290 0.000 3.00 1.0000 0.0 0.0 0.0000 0.300 0.000 0.0 0 0 0
34.40 10.320 0.000 3.00 1.0000 0.0 0.0 0.0000 0.300 0.000 0.0 0 0 0
34.50 10.350 0.000 3.00 1.0000 0.0 0.0 0.0000 0.300 0.000 0.0 0 0 0
34.60 10.380 0.000 3.00 1.0000 0.0 0.0 0.0000 0.300 0.000 0.0 0 0 0
34.70 10.410 0.000 3.00 1.0000 0.0 0.0 0.0000 0.300 0.000 0.0 0 0 0
34.80 10.440 0.000 3.00 1.0000 0.0 0.0 0.0000 0.300 0.000 0.0 0 0 0
34.90 10.470 0.000 3.00 1.0000 0.0 0.0 0.0000 0.300 0.000 0.0 0 0 0
35.00 10.500 0.000 3.00 1.0000 0.0 0.0 0.0000 0.300 0.000 0.0 0 0 0
35.10 10.530 0.000 3.00 1.0000 0.0 0.0 0.0000 0.300 0.000 0.0 0 0 0
35.20 10.560 0.000 3.00 1.0000 0.0 0.0 0.0000 0.300 0.000 0.0 0 0 0
35.30 10.590 0.000 3.00 1.0000 0.0 0.0 0.0000 0.300 0.000 0.0 0 0 0
35.40 10.620 0.000 3.00 1.0000 0.0 0.0 0.0000 0.300 0.000 0.0 0 0 0
35.50 10.650 0.000 3.00 1.0000 0.0 0.0 0.0000 0.300 0.000 0.0 0 0 0
35.60 10.680 0.000 3.00 1.0000 0.0 0.0 0.0000 0.300 0.000 0.0 0 0 0
35.70 10.710 0.000 3.00 1.0000 0.0 0.0 0.0000 0.300 0.000 0.0 0 0 0
35.80 10.740 0.000 3.00 1.0000 0.0 0.0 0.0000 0.300 0.000 0.0 0 0 0
35.90 10.770 0.000 3.00 1.0000 0.0 0.0 0.0000 0.300 0.000 0.0 0 0 0
36.00 10.800 0.000 3.00 1.0000 0.0 0.0 0.0000 0.300 0.000 0.0 0 0 0
36.10 10.830 0.000 3.00 1.0000 0.0 0.0 0.0000 0.300 0.000 0.0 0 0 0
36.20 10.860 0.000 3.00 1.0000 0.0 0.0 0.0000 0.300 0.000 0.0 0 0 0
36.30 10.890 0.000 3.00 1.0000 0.0 0.0 0.0000 0.300 0.000 0.0 0 0 0
36.40 10.920 0.000 3.00 1.0000 0.0 0.0 0.0000 0.300 0.000 0.0 0 0 0
36.50 10.950 0.000 3.00 1.0000 0.0 0.0 0.0000 0.300 0.000 0.0 0 0 0
36.60 10.980 0.000 3.00 1.0000 0.0 0.0 0.0000 0.300 0.000 0.0 0 0 0
36.70 11.010 0.000 3.00 1.0000 0.0 0.0 0.0000 0.300 0.000 0.0 0 0 0
36.80 11.040 0.000 3.00 1.0000 0.0 0.0 0.0000 0.300 0.000 0.0 0 0 0
36.90 11.070 0.000 3.00 1.0000 0.0 0.0 0.0000 0.300 0.000 0.0 0 0 0
37.00 11.100 0.000 3.00 1.0000 0.0 0.0 0.0000 0.300 0.000 0.0 0 0 0
37.10 11.130 0.000 3.00 1.0000 0.0 0.0 0.0000 0.300 0.000 0.0 0 0 0
37.20 11.160 0.000 3.00 1.0000 0.0 0.0 0.0000 0.300 0.000 0.0 0 0 0
37.30 11.190 0.000 3.00 1.0000 0.0 0.0 0.0000 0.300 0.000 0.0 0 0 0
37.40 11.220 0.000 3.00 1.0000 0.0 0.0 0.0000 0.300 0.000 0.0 0 0 0
37.50 11.250 0.000 3.00 1.0000 0.0 0.0 0.0000 0.300 0.000 0.0 0 0 0
37.60 11.280 0.000 3.00 1.0000 0.0 0.0 0.0000 0.300 0.000 0.0 0 0 0
37.70 11.310 0.000 3.00 1.0000 0.0 0.0 0.0000 0.300 0.000 0.0 0 0 0
37.80 11.340 0.000 3.00 1.0000 0.0 0.0 0.0000 0.300 0.000 0.0 0 0 0
37.90 11.370 0.000 3.00 1.0000 0.0 0.0 0.0000 0.300 0.000 0.0 0 0 0
38.00 11.400 0.000 3.00 1.0000 0.0 0.0 0.0000 0.300 0.000 0.0 0 0 0
38.10 11.430 0.000 3.00 1.0000 0.0 0.0 0.0000 0.300 0.000 0.0 0 0 0
38.20 11.460 0.000 3.00 1.0000 0.0 0.0 0.0000 0.300 0.000 0.0 0 0 0
38.30 11.490 0.000 3.00 1.0000 0.0 0.0 0.0000 0.300 0.000 0.0 0 0 0
38.40 11.520 0.000 3.00 1.0000 0.0 0.0 0.0000 0.300 0.000 0.0 0 0 0
38.50 11.550 0.000 3.00 1.0000 0.0 0.0 0.0000 0.300 0.000 0.0 0 0 0
38.60 11.580 0.000 3.00 1.0000 0.0 0.0 0.0000 0.300 0.000 0.0 0 0 0
38.70 11.610 0.000 3.00 1.0000 0.0 0.0 0.0000 0.300 0.000 0.0 0 0 0
38.80 11.640 0.000 3.00 1.0000 0.0 0.0 0.0000 0.300 0.000 0.0 0 0 0
38.90 11.670 0.000 3.00 1.0000 0.0 0.0 0.0000 0.300 0.000 0.0 0 0 0
39.00 11.700 0.000 3.00 1.0000 0.0 0.0 0.0000 0.300 0.000 0.0 0 0 0
39.10 11.730 0.000 3.00 1.0000 0.0 0.0 0.0000 0.300 0.000 0.0 0 0 0
39.20 11.760 0.000 3.00 1.0000 0.0 0.0 0.0000 0.300 0.000 0.0 0 0 0
39.30 11.790 0.000 3.00 1.0000 0.0 0.0 0.0000 0.300 0.000 0.0 0 0 0
39.40 11.820 0.000 3.00 1.0000 0.0 0.0 0.0000 0.300 0.000 0.0 0 0 0
39.50 11.850 0.000 3.00 1.0000 0.0 0.0 0.0000 0.300 0.000 0.0 0 0 0
39.60 11.880 0.000 3.00 1.0000 0.0 0.0 0.0000 0.300 0.000 0.0 0 0 0
39.70 11.910 0.000 3.00 1.0000 0.0 0.0 0.0000 0.300 0.000 0.0 0 0 0
39.80 11.940 0.000 3.00 1.0000 0.0 0.0 0.0000 0.300 0.000 0.0 0 0 0
39.90 11.970 0.000 3.00 1.0000 0.0 0.0 0.0000 0.300 0.000 0.0 0 0 0
40.00 8.000 0.000 3.00 0.7071 0.0 0.0 0.7071 0.000 0.300 0.0 0 0 0
40.10 8.000 0.030 3.00 0.7071 0.0 0.0 0.7071 0.000 0.300 0.0 0 0 0
40.20 8.000 0.060 3.00 0.7071 0.0 0.0 0.7071 0.000 0.300 0.0 0 0 0
40.30 8.000 0.090 3.00 0.7071 0.0 0.0 0.7071 0.000 0.300 0.0 0 0 0
40.40 8.000 0.120 3.00 0.7071 0.0 0.0 0.7071 0.000 0.300 0.0 0 0 0
40.50 8.000 0.150 3.00 0.7071 0.0 0.0 0.7071 0.000 0.300 0.0 0 0 0
40.60 8.000 0.180 3.00 0.7071 0.0 0.0 0.7071 0.000 0.300 0.0 0 0 0
40.70 8.000 0.210 3.00 0.7071 0.0 0.0 0.7071 0.000 0.300 0.0 0 0 0
40.80 8.000 0.240 3.00 0.7071 0.0 0.0 0.7071 0.000 0.300 0.0 0 0 0
40.90 8.000 0.270 3.00 0.7071 0.0 0.0 0.7071 0.000 0.300 0.0 0 0 0
41.00 8.000 0.300 3.00 0.7071 0.0 0.0 0.7071 0.000 0.300 0.0 0 0 0
41.10 8.000 0.330 3.00 0.7071 0.0 0.0 0.7071 0.000 0.300 0.0 0 0 0
41.20 8.000 0.360 3.00 0.7071 0.0 0.0 0.7071 0.000 0.300 0.0 0 0 0
41.30 8.000 0.390 3.00 0.7071 0.0 0.0 0.7071 0.000 0.300 0.0 0 0 0
41.40 8.000 0.420 3.00 0.7071 0.0 0.0 0.7071 0.000 0.300 0.0 0 0 0
41.50 8.000 0.450 3.00 0.7071 0.0 0.0 0.7071 0.000 0.300 0.0 0 0 0
41.60 8.000 0.480 3.00 0.7071 0.0 0.0 0.7071 0.000 0.300 0.0 0 0 0
41.70 8.000 0.510 3.00 0.7071 0.0 0.0 0.7071 0.000 0.300 0.0 0 0 0
41.80 8.000 0.540 3.00 0.7071 0.0 0.0 0.7071 0.000 0.300 0.0 0 0 0
41.90 8.000 0.570 3.00 0.7071 0.0 0.0 0.7071 0.000 0.300 0.0 0 0 0
42.00 8.000 0.600 3.00 0.7071 0.0 0.0 0.7071 0.000 0.300 0.0 0 0 0
42.10 8.000 0.630 3.00 0.7071 0.0 0.0 0.7071 0.000 0.300 0.0 0 0 0
42.20 8.000 0.660 3.00 0.7071 0.0 0.0 0.7071 0.000 0.300 0.0 0 0 0
42.30 8.000 0.690 3.00 0.7071 0.0 0.0 0.7071 0.000 0.300 0.0 0 0 0
42.40 8.000 0.720 3.00 0.7071 0.0 0.0 0.7071 0.000 0.300 0.0 0 0 0
42.50 8.000 0.750 3.00 0.7071 0.0 0.0 0.7071 0.000 0.300 0.0 0 0 0
42.60 8.000 0.780 3.00 0.7071 0.0 0.0 0.7071 0.000 0.300 0.0 0 0 0
42.70 8.000 0.810 3.00 0.7071 0.0 0.0 0.7071 0.000 0.300 0.0 0 0 0
42.80 8.000 0.840 3.00 0.7071 0.0 0.0 0.7071 0.000 0.300 0.0 0 0 0
42.90 8.000 0.870 3.00 0.7071 0.0 0.0 0.7071 0.000 0.300 0.0 0 0 0
43.00 8.000 0.900 3.00 0.7071 0.0 0.0 0.7071 0.000 0.300 0.0 0 0 0
43.10 8.000 0.930 3.00 0.7071 0.0 0.0 0.7071 0.000 0.300 0.0 0 0 0
43.20 8.000 0.960 3.00 0.7071 0.0 0.0 0.7071 0.000 0.300 0.0 0 0 0
43.30 8.000 0.990 3.00 0.7071 0.0 0.0 0.7071 0.000 0.300 0.0 0 0 0
43.40 8.000 1.020 3.00 0.7071 0.0 0.0 0.7071 0.000 0.300 0.0 0 0 0
43.50 8.000 1.050 3.00 0.7071 0.0 0.0 0.7071 0.000 0.300 0.0 0 0 0
43.60 8.000 1.080 3.00 0.7071 0.0 0.0 0.7071 0.000 0.300 0.0 0 0 0
43.70 8.000 1.110 3.00 0.7071 0.0 0.0 0.7071 0.000 0.300 0.0 0 0 0
43.80 8.000 1.140 3.00 0.7071 0.0 0.0 0.7071 0.000 0.300 0.0 0 0 0
43.90 8.000 1.170 3.00 0.7071 0.0 0.0 0.7071 0.000 0.300 0.0 0 0 0
44.00 8.000 1.200 3.00 0.7071 0.0 0.0 0.7071 0.000 0.300 0.0 0 0 0
44.10 8.000 1.230 3.00 0.7071 0.0 0.0 0.7071 0.000 0.300 0.0 0 0 0
44.20 8.000 1.260 3.00 0.7071 0.0 0.0 0.7071 0.000 0.300 0.0 0 0 0
44.30 8.000 1.290 3.00 0.7071 0.0 0.0 0.7071 0.000 0.300 0.0 0 0 0
44.40 8.000 1.320 3.00 0.7071 0.0 0.0 0.7071 0.000 0.300 0.0 0 0 0
44.50 8.000 1.350 3.00 0.7071 0.0 0.0 0.7071 0.000 0.300 0.0 0 0 0
44.60 8.000 1.380 3.00 0.7071 0.0 0.0 0.7071 0.000 0.300 0.0 0 0 0
44.70 8.000 1.410 3.00 0.7071 0.0 0.0 0.7071 0.000 0.300 0.0 0 0 0
44.80 8.000 1.440 3.00 0.7071 0.0 0.0 0.7071 0.000 0.300 0.0 0 0 0
44.90 8.000 1.470 3.00 0.7071 0.0 0.0 0.7071 0.000 0.300 0.0 0 0 0
45.00 8.000 1.500 3.00 0.7071 0.0 0.0 0.7071 0.000 0.300 0.0 0 0 0
45.10 8.000 1.530 3.00 0.7071 0.0 0.0 0.7071 0.000 0.300 0.0 0 0 0
45.20 8.000 1.560 3.00 0.7071 0.0 0.0 0.7071 0.000 0.300 0.0 0 0 0
45.30 8.000 1.590 3.00 0.7071 0.0 0.0 0.7071 0.000 0.300 0.0 0 0 0
45.40 8.000 1.620 3.00 0.7071 0.0 0.0 0.7071 0.000 0.300 0.0 0 0 0
45.50 8.000 1.650 3.00 0.7071 0.0 0.0 0.7071 0.000 0.300 0.0 0 0 0
45.60 8.000 1.680 3.00 0.7071 0.0 0.0 0.7071 0.000 0.300 0.0 0 0 0
45.70 8.000 1.710 3.00 0.7071 0.0 0.0 0.7071 0.000 0.300 0.0 0 0 0
45.80 8.000 1.740 3.00 0.7071 0.0 0.0 0.7071 0.000 0.300 0.0 0 0 0
45.90 8.000 1.770 3.00 0.7071 0.0 0.0 0.7071 0.000 0.300 0.0 0 0 0
46.00 8.000 1.800 3.00 0.7071 0.0 0.0 0.7071 0.000 0.300 0.0 0 0 0
46.10 8.000 1.830 3.00 0.7071 0.0 0.0 0.7071 0.000 0.300 0.0 0 0 0
46.20 8.000 1.860 3.00 0.7071 0.0 0.0 0.7071 0.000 0.300 0.0 0 0 0
46.30 8.000 1.890 3.00 0.7071 0.0 0.0 0.7071 0.000 0.300 0.0 0 0 0
46.40 8.000 1.920 3.00 0.7071 0.0 0.0 0.7071 0.000 0.300 0.0 0 0 0
46.50 8.000 1.950 3.00 0.7071 0.0 0.0 0.7071 0.000 0.300 0.0 0 0 0
46.60 8.000 1.980 3.00 0.7071 0.0 0.0 0.7071 0.000 0.300 0.0 0 0 0
46.70 8.000 2.010 3.00 0.7071 0.0 0.0 0.7071 0.000 0.300 0.0 0 0 0
46.80 8.000 2.040 3.00 0.7071 0.0 0.0 0.7071 0.000 0.300 0.0 0 0 0
46.90 8.000 2.070 3.00 0.7071 0.0 0.0 0.7071 0.000 0.300 0.0 0 0 0
47.00 8.000 2.100 3.00 0.7071 0.0 0.0 0.7071 0.000 0.300 0.0 0 0 0
47.10 8.000 2.130 3.00 0.7071 0.0 0.0 0.7071 0.000 0.300 0.0 0 0 0
47.20 8.000 2.160 3.00 0.7071 0.0 0.0 0.7071 0.000 0.300 0.0 0 0 0
47.30 8.000 2.190 3.00 0.7071 0.0 0.0 0.7071 0.000 0.300 0.0 0 0 0
47.40 8.000 2.220 3.00 0.7071 0.0 0.0 0.7071 0.000 0.300 0.0 0 0 0
47.50 8.000 2.250 3.00 0.7071 0.0 0.0 0.7071 0.000 0.300 0.0 0 0 0
47.60 8.000 2.280 3.00 0.7071 0.0 0.0 0.7071 0.000 0.300 0.0 0 0 0
47.70 8.000 2.310 3.00 0.7071 0.0 0.0 0.7071 0.000 0.300 0.0 0 0 0
47.80 8.000 2.340 3.00 0.7071 0.0 0.0 0.7071 0.000 0.300 0.0 0 0 0
47.90 8.000 2.370 3.00 0.7071 0.0 0.0 0.7071 0.000 0.300 0.0 0 0 0
48.00 8.000 2.400 3.00 0.7071 0.0 0.0 0.7071 0.000 0.300 0.0 0 0 0
48.10 8.000 2.430 3.00 0.7071 0.0 0.0 0.7071 0.000 0.300 0.0 0 0 0
48.20 8.000 2.460 3.00 0.7071 0.0 0.0 0.7071 0.000 0.300 0.0 0 0 0
48.30 8.000 2.490 3.00 0.7071 0.0 0.0 0.7071 0.000 0.300 0.0 0 0 0
48.40 8.000 2.520 3.00 0.7071 0.0 0.0 0.7071 0.000 0.300 0.0 0 0 0
48.50 8.000 2.550 3.00 0.7071 0.0 0.0 0.7071 0.000 0.300 0.0 0 0 0
48.60 8.000 2.580 3.00 0.7071 0.0 0.0 0.7071 0.000 0.300 0.0 0 0 0
48.70 8.000 2.610 3.00 0.7071 0.0 0.0 0.7071 0.000 0.300 0.0 0 0 0
48.80 8.000 2.640 3.00 0.7071 0.0 0.0 0.7071 0.000 0.300 0.0 0 0 0
48.90 8.000 2.670 3.00 0.7071 0.0 0.0 0.7071 0.000 0.300 0.0 0 0 0
49.00 8.000 2.700 3.00 0.7071 0.0 0.0 0.7071 0.000 0.300 0.0 0 0 0
49.10 8.000 2.730 3.00 0.7071 0.0 0.0 0.7071 0.000 0.300 0.0 0 0 0
49.20 8.000 2.760 3.00 0.7071 0.0 0.0 0.7071 0.000 0.300 0.0 0 0 0
49.30 8.000 2.790 3.00 0.7071 0.0 0.0 0.7071 0.000 0.300 0.0 0 0 0
49.40 8.000 2.820 3.00 0.7071 0.0 0.0 0.7071 0.000 0.300 0.0 0 0 0
49.50 8.000 2.850 3.00 0.7071 0.0 0.0 0.7071 0.000 0.300 0.0 0 0 0
49.60 8.000 2.880 3.00 0.7071 0.0 0.0 0.7071 0.000 0.300 0.0 0 0 0
49.70 8.000 2.910 3.00 0.7071 0.0 0.0 0.7071 0.000 0.300 0.0 0 0 0
49.80 8.000 2.940 3.00 0.7071 0.0 0.0 0.7071 0.000 0.300 0.0 0 0 0
49.90 8.000 2.970 3.00 0.7071 0.0 0.0 0.7071 0.000 0.300 0.0 0 0 0
50.00 8.000 3.000 3.00 0.7071 0.0 0.0 0.7071 0.000 0.300 0.0 0 0 0
50.10 8.000 3.030 3.00 0.7071 0.0 0.0 0.7071 0.000 0.300 0.0 0 0 0
50.20 8.000 3.060 3.00 0.7071 0.0 0.0 0.7071 0.000 0.300 0.0 0 0 0
50.30 8.000 3.090 3.00 0.7071 0.0 0.0 0.7071 0.000 0.300 0.0 0 0 0
50.40 8.000 3.120 3.00 0.7071 0.0 0.0 0.7071 0.000 0.300 0.0 0 0 0
50.50 8.000 3.150 3.00 0.7071 0.0 0.0 0.7071 0.000 0.300 0.0 0 0 0
50.60 8.000 3.180 3.00 0.7071 0.0 0.0 0.7071 0.000 0.300 0.0 0 0 0
50.70 8.000 3.210 3.00 0.7071 0.0 0.0 0.7071 0.000 0.300 0.0 0 0 0
50.80 8.000 3.240 3.00 0.7071 0.0 0.0 0.7071 0.000 0.300 0.0 0 0 0
50.90 8.000 3.270 3.00 0.7071 0.0 0.0 0.7071 0.000 0.300 0.0 0 0 0
51.00 8.000 3.300 3.00 0.7071 0.0 0.0 0.7071 0.000 0.300 0.0 0 0 0
51.10 8.000 3.330 3.00 0.7071 0.0 0.0 0.7071 0.000 0.300 0.0 0 0 0
51.20 8.000 3.360 3.00 0.7071 0.0 0.0 0.7071 0.000 0.300 0.0 0 0 0
51.30 8.000 3.390 3.00 0.7071 0.0 0.0 0.7071 0.000 0.300 0.0 0 0 0
51.40 8.000 3.420 3.00 0.7071 0.0 0.0 0.7071 0.000 0.300 0.0 0 0 0
51.50 8.000 3.450 3.00 0.7071 0.0 0.0 0.7071 0.000 0.300 0.0 0 0 0
51.60 8.000 3.480 3.00 0.7071 0.0 0.0 0.7071 0.000 0.300 0.0 0 0 0
51.70 8.000 3.510 3.00 0.7071 0.0 0.0 0.7071 0.000 0.300 0.0 0 0 0
51.80 8.000 3.540 3.00 0.7071 0.0 0.0 0.7071 0.000 0.300 0.0 0 0 0
51.90 8.000 3.570 3.00 0.7071 0.0 0.0 0.7071 0.000 0.300 0.0 0 0 0
52.00 8.000 3.600 3.00 0.7071 0.0 0.0 0.7071 0.000 0.300 0.0 0 0 0
52.10 8.000 3.630 3.00 0.7071 0.0 0.0 0.7071 0.000 0.300 0.0 0 0 0
52.20 8.000 3.660 3.00 0.7071 0.0 0.0 0.7071 0.000 0.300 0.0 0 0 0
52.30 8.000 3.690 3.00 0.7071 0.0 0.0 0.7071 0.000 0.300 0.0 0 0 0
52.40 8.000 3.720 3.00 0.7071 0.0 0.0 0.7071 0.000 0.300 0.0 0 0 0
52.50 8.000 3.750 3.00 0.7071 0.0 0.0 0.7071 0.000 0.300 0.0 0 0 0
52.60 8.000 3.780 3.00 0.7071 0.0 0.0 0.7071 0.000 0.300 0.0 0 0 0
52.70 8.000 3.810 3.00 0.7071 0.0 0.0 0.7071 0.000 0.300 0.0 0 0 0
52.80 8.000 3.840 3.00 0.7071 0.0 0.0 0.7071 0.000 0.300 0.0 0 0 0
52.90 8.000 3.870 3.00 0.7071 0.0 0.0 0.7071 0.000 0.300 0.0 0 0 0
53.00 8.000 3.900 3.00 0.7071 0.0 0.0 0.7071 0.000 0.300 0.0 0 0 0
53.10 8.000 3.930 3.00 0.7071 0.0 0.0 0.7071 0.000 0.300 0.0 0 0 0
53.20 8.000 3.960 3.00 0.7071 0.0 0.0 0.7071 0.000 0.300 0.0 0 0 0
53.30 8.000 3.990 3.00 0.7071 0.0 0.0 0.7071 0.000 0.300 0.0 0 0 0
53.40 8.000 4.020 3.00 0.7071 0.0 0.0 0.7071 0.000 0.300 0.0 0 0 0
53.50 8.000 4.050 3.00 0.7071 0.0 0.0 0.7071 0.000 0.300 0.0 0 0 0
53.60 8.000 4.080 3.00 0.7071 0.0 0.0 0.7071 0.000 0.300 0.0 0 0 0
53.70 8.000 4.110 3.00 0.7071 0.0 0.0 0.7071 0.000 0.300 0.0 0 0 0
53.80 8.000 4.140 3.00 0.7071 0.0 0.0 0.7071 0.000 0.300 0.0 0 0 0
53.90 8.000 4.170 3.00 0.7071 0.0 0.0 0.7071 0.000 0.300 0.0 0 0 0
54.00 8.000 4.200 3.00 0.7071 0.0 0.0 0.7071 0.000 0.300 0.0 0 0 0
54.10 8.000 4.230 3.00 0.7071 0.0 0.0 0.7071 0.000 0.300 0.0 0 0 0
54.20 8.000 4.260 3.00 0.7071 0.0 0.0 0.7071 0.000 0.300 0.0 0 0 0
54.30 8.000 4.290 3.00 0.7071 0.0 0.0 0.7071 0.000 0.300 0.0 0 0 0
54.40 8.000 4.320 3.00 0.7071 0.0 0.0 0.7071 0.000 0.300 0.0 0 0 0
54.50 8.000 4.350 3.00 0.7071 0.0 0.0 0.7071 0.000 0.300 0.0 0 0 0
54.60 8.000 4.380 3.00 0.7071 0.0 0.0 0.7071 0.000 0.300 0.0 0 0 0
54.70 8.000 4.410 3.00 0.7071 0.0 0.0 0.7071 0.000 0.300 0.0 0 0 0
54.80 8.000 4.440 3.00 0.7071 0.0 0.0 0.7071 0.000 0.300 0.0 0 0 0
54.90 8.000 4.470 3.00 0.7071 0.0 0.0 0.7071 0.000 0.300 0.0 0 0 0
55.00 8.000 4.500 3.00 0.7071 0.0 0.0 0.7071 0.000 0.300 0.0 0 0 0
55.10 8.000 4.530 3.00 0.7071 0.0 0.0 0.7071 0.000 0.300 0.0 0 0 0
55.20 8.000 4.560 3.00 0.7071 0.0 0.0 0.7071 0.000 0.300 0.0 0 0 0
55.30 8.000 4.590 3.00 0.7071 0.0 0.0 0.7071 0.000 0.300 0.0 0 0 0
55.40 8.000 4.620 3.00 0.7071 0.0 0.0 0.7071 0.000 0.300 0.0 0 0 0
55.50 8.000 4.650 3.00 0.7071 0.0 0.0 0.7071 0.000 0.300 0.0 0 0 0
55.60 8.000 4.680 3.00 0.7071 0.0 0.0 0.7071 0.000 0.300 0.0 0 0 0
55.70 8.000 4.710 3.00 0.7071 0.0 0.0 0.7071 0.000 0.300 0.0 0 0 0
55.80 8.000 4.740 3.00 0.7071 0.0 0.0 0.7071 0.000 0.300 0.0 0 0 0
55.90 8.000 4.770 3.00 0.7071 0.0 0.0 0.7071 0.000 0.300 0.0 0 0 0
56.00 8.000 4.800 3.00 0.7071 0.0 0.0 0.7071 0.000 0.300 0.0 0 0 0
56.10 8.000 4.830 3.00 0.7071 0.0 0.0 0.7071 0.000 0.300 0.0 0 0 0
56.20 8.000 4.860 3.00 0.7071 0.0 0.0 0.7071 0.000 0.300 0.0 0 0 0
56.30 8.000 4.890 3.00 0.7071 0.0 0.0 0.7071 0.000 0.300 0.0 0 0 0
56.40 8.000 4.920 3.00 0.7071 0.0 0.0 0.7071 0.000 0.300 0.0 0 0 0
56.50 8.000 4.950 3.00 0.7071 0.0 0.0 0.7071 0.000 0.300 0.0 0 0 0
56.60 8.000 4.980 3.00 0.7071 0.0 0.0 0.7071 0.000 0.300 0.0 0 0 0
56.70 8.000 5.010 3.00 0.7071 0.0 0.0 0.7071 0.000 0.300 0.0 0 0 0
56.80 8.000 5.040 3.00 0.7071 0.0 0.0 0.7071 0.000 0.300 0.0 0 0 0
56.90 8.000 5.070 3.00 0.7071 0.0 0.0 0.7071 0.000 0.300 0.0 0 0 0
57.00 8.000 5.100 3.00 0.7071 0.0 0.0 0.7071 0.000 0.300 0.0 0 0 0
57.10 8.000 5.130 3.00 0.7071 0.0 0.0 0.7071 0.000 0.300 0.0 0 0 0
57.20 8.000 5.160 3.00 0.7071 0.0 0.0 0.7071 0.000 0.300 0.0 0 0 0
57.30 8.000 5.190 3.00 0.7071 0.0 0.0 0.7071 0.000 0.300 0.0 0 0 0
57.40 8.000 5.220 3.00 0.7071 0.0 0.0 0.7071 0.000 0.300 0.0 0 0 0
57.50 8.000 5.250 3.00 0.7071 0.0 0.0 0.7071 0.000 0.300 0.0 0 0 0
57.60 8.000 5.280 3.00 0.7071 0.0 0.0 0.7071 0.000 0.300 0.0 0 0 0
57.70 8.000 5.310 3.00 0.7071 0.0 0.0 0.7071 0.000 0.300 0.0 0 0 0
57.80 8.000 5.340 3.00 0.7071 0.0 0.0 0.7071 0.000 0.300 0.0 0 0 0
57.90 8.000 5.370 3.00 0.7071 0.0 0.0 0.7071 0.000 0.300 0.0 0 0 0
58.00 8.000 5.400 3.00 0.7071 0.0 0.0 0.7071 0.000 0.300 0.0 0 0 0
58.10 8.000 5.430 3.00 0.7071 0.0 0.0 0.7071 0.000 0.300 0.0 0 0 0
58.20 8.000 5.460 3.00 0.7071 0.0 0.0 0.7071 0.000 0.300 0.0 0 0 0
58.30 8.000 5.490 3.00 0.7071 0.0 0.0 0.7071 0.000 0.300 0.0 0 0 0
58.40 8.000 5.520 3.00 0.7071 0.0 0.0 0.7071 0.000 0.300 0.0 0 0 0
58.50 8.000 5.550 3.00 0.7071 0.0 0.0 0.7071 0.000 0.300 0.0 0 0 0
58.60 8.000 5.580 3.00 0.7071 0.0 0.0 0.7071 0.000 0.300 0.0 0 0 0
58.70 8.000 5.610 3.00 0.7071 0.0 0.0 0.7071 0.000 0.300 0.0 0 0 0
58.80 8.000 5.640 3.00 0.7071 0.0 0.0 0.7071 0.000 0.300 0.0 0 0 0
58.90 8.000 5.670 3.00 0.7071 0.0 0.0 0.7071 0.000 0.300 0.0 0 0 0
59.00 8.000 5.700 3.00 0.7071 0.0 0.0 0.7071 0.000 0.300 0.0 0 0 0
59.10 8.000 5.730 3.00 0.7071 0.0 0.0 0.7071 0.000 0.300 0.0 0 0 0
59.20 8.000 5.760 3.00 0.7071 0.0 0.0 0.7071 0.000 0.300 0.0 0 0 0
59.30 8.000 5.790 3.00 0.7071 0.0 0.0 0.7071 0.000 0.300 0.0 0 0 0
59.40 8.000 5.820 3.00 0.7071 0.0 0.0 0.7071 0.000 0.300 0.0 0 0 0
59.50 8.000 5.850 3.00 0.7071 0.0 0.0 0.7071 0.000 0.300 0.0 0 0 0
59.60 8.000 5.880 3.00 0.7071 0.0 0.0 0.7071 0.000 0.300 0.0 0 0 0
59.70 8.000 5.910 3.00 0.7071 0.0 0.0 0.7071 0.000 0.300 0.0 0 0 0
59.80 8.000 5.940 3.00 0.7071 0.0 0.0 0.7071 0.000 0.300 0.0 0 0 0
59.90 8.000 5.970 3.00 0.7071 0.0 0.0 0.7071 0.000 0.300 0.0 0 0 0
60.00 8.000 6.000 3.00 0.7071 0.0 0.0 0.7071 0.000 0.300 0.0 0 0 0
60.10 8.000 6.030 3.00 0.7071 0.0 0.0 0.7071 0.000 0.300 0.0 0 0 0
60.20 8.000 6.060 3.00 0.7071 0.0 0.0 0.7071 0.000 0.300 0.0 0 0 0
60.30 8.000 6.090 3.00 0.7071 0.0 0.0 0.7071 0.000 0.300 0.0 0 0 0
60.40 8.000 6.120 3.00 0.7071 0.0 0.0 0.7071 0.000 0.300 0.0 0 0 0
60.50 8.000 6.150 3.00 0.7071 0.0 0.0 0.7071 0.000 0.300 0.0 0 0 0
60.60 8.000 6.180 3.00 0.7071 0.0 0.0 0.7071 0.000 0.300 0.0 0 0 0
60.70 8.000 6.210 3.00 0.7071 0.0 0.0 0.7071 0.000 0.300 0.0 0 0 0
60.80 8.000 6.240 3.00 0.7071 0.0 0.0 0.7071 0.000 0.300 0.0 0 0 0
60.90 8.000 6.270 3.00 0.7071 0.0 0.0 0.7071 0.000 0.300 0.0 0 0 0
61.00 8.000 6.300 3.00 0.7071 0.0 0.0 0.7071 0.000 0.300 0.0 0 0 0
61.10 8.000 6.330 3.00 0.7071 0.0 0.0 0.7071 0.000 0.300 0.0 0 0 0
61.20 8.000 6.360 3.00 0.7071 0.0 0.0 0.7071 0.000 0.300 0.0 0 0 0
61.30 8.000 6.390 3.00 0.7071 0.0 0.0 0.7071 0.000 0.300 0.0 0 0 0
61.40 8.000 6.420 3.00 0.7071 0.0 0.0 0.7071 0.000 0.300 0.0 0 0 0
61.50 8.000 6.450 3.00 0.7071 0.0 0.0 0.7071 0.000 0.300 0.0 0 0 0
61.60 8.000 6.480 3.00 0.7071 0.0 0.0 0.7071 0.000 0.300 0.0 0 0 0
61.70 8.000 6.510 3.00 0.7071 0.0 0.0 0.7071 0.000 0.300 0.0 0 0 0
61.80 8.000 6.540 3.00 0.7071 0.0 0.0 0.7071 0.000 0.300 0.0 0 0 0
61.90 8.000 6.570 3.00 0.7071 0.0 0.0 0.7071 0.000 0.300 0.0 0 0 0
62.00 8.000 6.600 3.00 0.7071 0.0 0.0 0.7071 0.000 0.300 0.0 0 0 0
62.10 8.000 6.630 3.00 0.7071 0.0 0.0 0.7071 0.000 0.300 0.0 0 0 0
62.20 8.000 6.660 3.00 0.7071 0.0 0.0 0.7071 0.000 0.300 0.0 0 0 0
62.30 8.000 6.690 3.00 0.7071 0.0 0.0 0.7071 0.000 0.300 0.0 0 0 0
62.40 8.000 6.720 3.00 0.7071 0.0 0.0 0.7071 0.000 0.300 0.0 0 0 0
62.50 8.000 6.750 3.00 0.7071 0.0 0.0 0.7071 0.000 0.300 0.0 0 0 0
62.60 8.000 6.780 3.00 0.7071 0.0 0.0 0.7071 0.000 0.300 0.0 0 0 0
62.70 8.000 6.810 3.00 0.7071 0.0 0.0 0.7071 0.000 0.300 0.0 0 0 0
62.80 8.000 6.840 3.00 0.7071 0.0 0.0 0.7071 0.000 0.300 0.0 0 0 0
62.90 8.000 6.870 3.00 0.7071 0.0 0.0 0.7071 0.000 0.300 0.0 0 0 0
63.00 8.000 6.900 3.00 0.7071 0.0 0.0 0.7071 0.000 0.300 0.0 0 0 0
63.10 8.000 6.930 3.00 0.7071 0.0 0.0 0.7071 0.000 0.300 0.0 0 0 0
63.20 8.000 6.960 3.00 0.7071 0.0 0.0 0.7071 0.000 0.300 0.0 0 0 0
63.30 8.000 6.990 3.00 0.7071 0.0 0.0 0.7071 0.000 0.300 0.0 0 0 0
63.40 8.000 7.020 3.00 0.7071 0.0 0.0 0.7071 0.000 0.300 0.0 0 0 0
63.50 8.000 7.050 3.00 0.7071 0.0 0.0 0.7071 0.000 0.300 0.0 0 0 0
63.60 8.000 7.080 3.00 0.7071 0.0 0.0 0.7071 0.000 0.300 0.0 0 0 0
63.70 8.000 7.110 3.00 0.7071 0.0 0.0 0.7071 0.000 0.300 0.0 0 0 0
63.80 8.000 7.140 3.00 0.7071 0.0 0.0 0.7071 0.000 0.300 0.0 0 0 0
63.90 8.000 7.170 3.00 0.7071 0.0 0.0 0.7071 0.000 0.300 0.0 0 0 0
64.00 8.000 7.200 3.00 0.7071 0.0 0.0 0.7071 0.000 0.300 0.0 0 0 0
64.10 8.000 7.230 3.00 0.7071 0.0 0.0 0.7071 0.000 0.300 0.0 0 0 0
64.20 8.000 7.260 3.00 0.7071 0.0 0.0 0.7071 0.000 0.300 0.0 0 0 0
64.30 8.000 7.290 3.00 0.7071 0.0 0.0 0.7071 0.000 0.300 0.0 0 0 0
64.40 8.000 7.320 3.00 0.7071 0.0 0.0 0.7071 0.000 0.300 0.0 0 0 0
64.50 8.000 7.350 3.00 0.7071 0.0 0.0 0.7071 0.000 0.300 0.0 0 0 0
64.60 8.000 7.380 3.00 0.7071 0.0 0.0 0.7071 0.000 0.300 0.0 0 0 0
64.70 8.000 7.410 3.00 0.7071 0.0 0.0 0.7071 0.000 0.300 0.0 0 0 0
64.80 8.000 7.440 3.00 0.7071 0.0 0.0 0.7071 0.000 0.300 0.0 0 0 0
64.90 8.000 7.470 3.00 0.7071 0.0 0.0 0.7071 0.000 0.300 0.0 0 0 0
65.00 8.000 7.500 3.00 0.7071 0.0 0.0 0.7071 0.000 0.300 0.0 0 0 0
65.10 8.000 7.530 3.00 0.7071 0.0 0.0 0.7071 0.000 0.300 0.0 0 0 0
65.20 8.000 7.560 3.00 0.7071 0.0 0.0 0.7071 0.000 0.300 0.0 0 0 0
65.30 8.000 7.590 3.00 0.7071 0.0 0.0 0.7071 0.000 0.300 0.0 0 0 0
65.40 8.000 7.620 3.00 0.7071 0.0 0.0 0.7071 0.000 0.300 0.0 0 0 0
65.50 8.000 7.650 3.00 0.7071 0.0 0.0 0.7071 0.000 0.300 0.0 0 0 0
65.60 8.000 7.680 3.00 0.7071 0.0 0.0 0.7071 0.000 0.300 0.0 0 0 0
65.70 8.000 7.710 3.00 0.7071 0.0 0.0 0.7071 0.000 0.300 0.0 0 0 0
65.80 8.000 7.740 3.00 0.7071 0.0 0.0 0.7071 0.000 0.300 0.0 0 0 0
65.90 8.000 7.770 3.00 0.7071 0.0 0.0 0.7071 0.000 0.300 0.0 0 0 0
66.00 8.000 7.800 3.00 0.7071 0.0 0.0 0.7071 0.000 0.300 0.0 0 0 0
66.10 8.000 7.830 3.00 0.7071 0.0 0.0 0.7071 0.000 0.300 0.0 0 0 0
66.20 8.000 7.860 3.00 0.7071 0.0 0.0 0.7071 0.000 0.300 0.0 0 0 0
66.30 8.000 7.890 3.00 0.7071 0.0 0.0 0.7071 0.000 0.300 0.0 0 0 0
66.40 8.000 7.920 3.00 0.7071 0.0 0.0 0.7071 0.000 0.300 0.0 0 0 0
66.50 8.000 7.950 3.00 0.7071 0.0 0.0 0.7071 0.000 0.300 0.0 0 0 0
66.60 8.000 7.980 3.00 0.7071 0.0 0.0 0.7071 0.000 0.300 0.0 0 0 0
66.70 8.000 8.010 3.00 0.7071 0.0 0.0 0.7071 0.000 0.300 0.0 0 0 0
66.80 8.000 8.040 3.00 0.7071 0.0 0.0 0.7071 0.000 0.300 0.0 0 0 0
66.90 8.000 8.070 3.00 0.7071 0.0 0.0 0.7071 0.000 0.300 0.0 0 0 0
67.00 8.000 8.100 3.00 0.7071 0.0 0.0 0.7071 0.000 0.300 0.0 0 0 0
67.10 8.000 8.130 3.00 0.7071 0.0 0.0 0.7071 0.000 0.300 0.0 0 0 0
67.20 8.000 8.160 3.00 0.7071 0.0 0.0 0.7071 0.000 0.300 0.0 0 0 0
67.30 8.000 8.190 3.00 0.7071 0.0 0.0 0.7071 0.000 0.300 0.0 0 0 0
67.40 8.000 8.220 3.00 0.7071 0.0 0.0 0.7071 0.000 0.300 0.0 0 0 0
67.50 8.000 8.250 3.00 0.7071 0.0 0.0 0.7071 0.000 0.300 0.0 0 0 0
67.60 8.000 8.280 3.00 0.7071 0.0 0.0 0.7071 0.000 0.300 0.0 0 0 0
67.70 8.000 8.310 3.00 0.7071 0.0 0.0 0.7071 0.000 0.300 0.0 0 0 0
67.80 8.000 8.340 3.00 0.7071 0.0 0.0 0.7071 0.000 0.300 0.0 0 0 0
67.90 8.000 8.370 3.00 0.7071 0.0 0.0 0.7071 0.000 0.300 0.0 0 0 0
68.00 8.000 8.400 3.00 0.7071 0.0 0.0 0.7071 0.000 0.300 0.0 0 0 0
68.10 8.000 8.430 3.00 0.7071 0.0 0.0 0.7071 0.000 0.300 0.0 0 0 0
68.20 8.000 8.460 3.00 0.7071 0.0 0.0 0.7071 0.000 0.300 0.0 0 0 0
68.30 8.000 8.490 3.00 0.7071 0.0 0.0 0.7071 0.000 0.300 0.0 0 0 0
68.40 8.000 8.520 3.00 0.7071 0.0 0.0 0.7071 0.000 0.300 0.0 0 0 0
68.50 8.000 8.550 3.00 0.7071 0.0 0.0 0.7071 0.000 0.300 0.0 0 0 0
68.60 8.000 8.580 3.00 0.7071 0.0 0.0 0.7071 0.000 0.300 0.0 0 0 0
68.70 8.000 8.610 3.00 0.7071 0.0 0.0 0.7071 0.000 0.300 0.0 0 0 0
68.80 8.000 8.640 3.00 0.7071 0.0 0.0 0.7071 0.000 0.300 0.0 0 0 0
68.90 8.000 8.670 3.00 0.7071 0.0 0.0 0.7071 0.000 0.300 0.0 0 0 0
69.00 8.000 8.700 3.00 0.7071 0.0 0.0 0.7071 0.000 0.300 0.0 0 0 0
69.10 8.000 8.730 3.00 0.7071 0.0 0.0 0.7071 0.000 0.300 0.0 0 0 0
69.20 8.000 8.760 3.00 0.7071 0.0 0.0 0.7071 0.000 0.300 0.0 0 0 0
69.30 8.000 8.790 3.00 0.7071 0.0 0.0 0.7071 0.000 0.300 0.0 0 0 0
69.40 8.000 8.820 3.00 0.7071 0.0 0.0 0.7071 0.000 0.300 0.0 0 0 0
69.50 8.000 8.850 3.00 0.7071 0.0 0.0 0.7071 0.000 0.300 0.0 0 0 0
69.60 8.000 8.880 3.00 0.7071 0.0 0.0 0.7071 0.000 0.300 0.0 0 0 0
69.70 8.000 8.910 3.00 0.7071 0.0 0.0 0.7071 0.000 0.300 0.0 0 0 0
69.80 8.000 8.940 3.00 0.7071 0.0 0.0 0.7071 0.000 0.300 0.0 0 0 0
69.90 8.000 8.970 3.00 0.7071 0.0 0.0 0.7071 0.000 0.300 0.0 0 0 0
70.00 8.000 9.000 3.00 0.7071 0.0 0.0 0.7071 0.000 0.300 0.0 0 0 0
70.10 8.000 9.030 3.00 0.7071 0.0 0.0 0.7071 0.000 0.300 0.0 0 0 0
70.20 8.000 9.060 3.00 0.7071 0.0 0.0 0.7071 0.000 0.300 0.0 0 0 0
70.30 8.000 9.090 3.00 0.7071 0.0 0.0 0.7071 0.000 0.300 0.0 0 0 0
70.40 8.000 9.120 3.00 0.7071 0.0 0.0 0.7071 0.000 0.300 0.0 0 0 0
70.50 8.000 9.150 3.00 0.7071 0.0 0.0 0.7071 0.000 0.300 0.0 0 0 0
70.60 8.000 9.180 3.00 0.7071 0.0 0.0 0.7071 0.000 0.300 0.0 0 0 0
70.70 8.000 9.210 3.00 0.7071 0.0 0.0 0.7071 0.000 0.300 0.0 0 0 0
70.80 8.000 9.240 3.00 0.7071 0.0 0.0 0.7071 0.000 0.300 0.0 0 0 0
70.90 8.000 9.270 3.00 0.7071 0.0 0.0 0.7071 0.000 0.300 0.0 0 0 0
71.00 8.000 9.300 3.00 0.7071 0.0 0.0 0.7071 0.000 0.300 0.0 0 0 0
71.10 8.000 9.330 3.00 0.7071 0.0 0.0 0.7071 0.000 0.300 0.0 0 0 0
71.20 8.000 9.360 3.00 0.7071 0.0 0.0 0.7071 0.000 0.300 0.0 0 0 0
71.30 8.000 9.390 3.00 0.7071 0.0 0.0 0.7071 0.000 0.300 0.0 0 0 0
71.40 8.000 9.420 3.00 0.7071 0.0 0.0 0.7071 0.000 0.300 0.0 0 0 0
71.50 8.000 9.450 3.00 0.7071 0.0 0.0 0.7071 0.000 0.300 0.0 0 0 0
71.60 8.000 9.480 3.00 0.7071 0.0 0.0 0.7071 0.000 0.300 0.0 0 0 0
71.70 8.000 9.510 3.00 0.7071 0.0 0.0 0.7071 0.000 0.300 0.0 0 0 0
71.80 8.000 9.540 3.00 0.7071 0.0 0.0 0.7071 0.000 0.300 0.0 0 0 0
71.90 8.000 9.570 3.00 0.7071 0.0 0.0 0.7071 0.000 0.300 0.0 0 0 0
72.00 8.000 9.600 3.00 0.7071 0.0 0.0 0.7071 0.000 0.300 0.0 0 0 0
72.10 8.000 9.630 3.00 0.7071 0.0 0.0 0.7071 0.000 0.300 0.0 0 0 0
72.20 8.000 9.660 3.00 0.7071 0.0 0.0 0.7071 0.000 0.300 0.0 0 0 0
72.30 8.000 9.690 3.00 0.7071 0.0 0.0 0.7071 0.000 0.300 0.0 0 0 0
72.40 8.000 9.720 3.00 0.7071 0.0 0.0 0.7071 0.000 0.300 0.0 0 0 0
72.50 8.000 9.750 3.00 0.7071 0.0 0.0 0.7071 0.000 0.300 0.0 0 0 0
72.60 8.000 9.780 3.00 0.7071 0.0 0.0 0.7071 0.000 0.300 0.0 0 0 0
72.70 8.000 9.810 3.00 0.7071 0.0 0.0 0.7071 0.000 0.300 0.0 0 0 0
72.80 8.000 9.840 3.00 0.7071 0.0 0.0 0.7071 0.000 0.300 0.0 0 0 0
72.90 8.000 9.870 3.00 0.7071 0.0 0.0 0.7071 0.000 0.300 0.0 0 0 0
73.00 8.000 9.900 3.00 0.7071 0.0 0.0 0.7071 0.000 0.300 0.0 0 0 0
73.10 8.000 9.930 3.00 0.7071 0.0 0.0 0.7071 0.000 0.300 0.0 0 0 0
73.20 8.000 9.960 3.00 0.7071 0.0 0.0 0.7071 0.000 0.300 0.0 0 0 0
73.30 8.000 9.990 3.00 0.7071 0.0 0.0 0.7071 0.000 0.300 0.0 0 0 0
73.40 8.000 10.020 3.00 0.7071 0.0 0.0 0.7071 0.000 0.300 0.0 0 0 0
73.50 8.000 10.050 3.00 0.7071 0.0 0.0 0.7071 0.000 0.300 0.0 0 0 0
73.60 8.000 10.080 3.00 0.7071 0.0 0.0 0.7071 0.000 0.300 0.0 0 0 0
73.70 8.000 10.110 3.00 0.7071 0.0 0.0 0.7071 0.000 0.300 0.0 0 0 0
73.80 8.000 10.140 3.00 0.7071 0.0 0.0 0.7071 0.000 0.300 0.0 0 0 0
73.90 8.000 10.170 3.00 0.7071 0.0 0.0 0.7071 0.000 0.300 0.0 0 0 0
74.00 8.000 10.200 3.00 0.7071 0.0 0.0 0.7071 0.000 0.300 0.0 0 0 0
74.10 8.000 10.230 3.00 0.7071 0.0 0.0 0.7071 0.000 0.300 0.0 0 0 0
74.20 8.000 10.260 3.00 0.7071 0.0 0.0 0.7071 0.000 0.300 0.0 0 0 0
74.30 8.000 10.290 3.00 0.7071 0.0 0.0 0.7071 0.000 0.300 0.0 0 0 0
74.40 8.000 10.320 3.00 0.7071 0.0 0.0 0.7071 0.000 0.300 0.0 0 0 0
74.50 8.000 10.350 3.00 0.7071 0.0 0.0 0.7071 0.000 0.300 0.0 0 0 0
74.60 8.000 10.380 3.00 0.7071 0.0 0.0 0.7071 0.000 0.300 0.0 0 0 0
74.70 8.000 10.410 3.00 0.7071 0.0 0.0 0.7071 0.000 0.300 0.0 0 0 0
74.80 8.000 10.440 3.00 0.7071 0.0 0.0 0.7071 0.000 0.300 0.0 0 0 0
74.90 8.000 10.470 3.00 0.7071 0.0 0.0 0.7071 0.000 0.300 0.0 0 0 0
75.00 8.000 10.500 3.00 0.7071 0.0 0.0 0.7071 0.000 0.300 0.0 0 0 0
75.10 8.000 10.530 3.00 0.7071 0.0 0.0 0.7071 0.000 0.300 0.0 0 0 0
75.20 8.000 10.560 3.00 0.7071 0.0 0.0 0.7071 0.000 0.300 0.0 0 0 0
75.30 8.000 10.590 3.00 0.7071 0.0 0.0 0.7071 0.000 0.300 0.0 0 0 0
75.40 8.000 10.620 3.00 0.7071 0.0 0.0 0.7071 0.000 0.300 0.0 0 0 0
75.50 8.000 10.650 3.00 0.7071 0.0 0.0 0.7071 0.000 0.300 0.0 0 0 0
75.60 8.000 10.680 3.00 0.7071 0.0 0.0 0.7071 0.000 0.300 0.0 0 0 0
75.70 8.000 10.710 3.00 0.7071 0.0 0.0 0.7071 0.000 0.300 0.0 0 0 0
75.80 8.000 10.740 3.00 0.7071 0.0 0.0 0.7071 0.000 0.300 0.0 0 0 0
75.90 8.000 10.770 3.00 0.7071 0.0 0.0 0.7071 0.000 0.300 0.0 0 0 0
76.00 8.000 10.800 3.00 0.7071 0.0 0.0 0.7071 0.000 0.300 0.0 0 0 0
76.10 8.000 10.830 3.00 0.7071 0.0 0.0 0.7071 0.000 0.300 0.0 0 0 0
76.20 8.000 10.860 3.00 0.7071 0.0 0.0 0.7071 0.000 0.300 0.0 0 0 0
76.30 8.000 10.890 3.00 0.7071 0.0 0.0 0.7071 0.000 0.300 0.0 0 0 0
76.40 8.000 10.920 3.00 0.7071 0.0 0.0 0.7071 0.000 0.300 0.0 0 0 0
76.50 8.000 10.950 3.00 0.7071 0.0 0.0 0.7071 0.000 0.300 0.0 0 0 0
76.60 8.000 10.980 3.00 0.7071 0.0 0.0 0.7071 0.000 0.300 0.0 0 0 0
76.70 8.000 11.010 3.00 0.7071 0.0 0.0 0.7071 0.000 0.300 0.0 0 0 0
76.80 8.000 11.040 3.00 0.7071 0.0 0.0 0.7071 0.000 0.300 0.0 0 0 0
76.90 8.000 11.070 3.00 0.7071 0.0 0.0 0.7071 0.000 0.300 0.0 0 0 0
77.00 8.000 11.100 3.00 0.7071 0.0 0.0 0.7071 0.000 0.300 0.0 0 0 0
77.10 8.000 11.130 3.00 0.7071 0.0 0.0 0.7071 0.000 0.300 0.0 0 0 0
77.20 8.000 11.160 3.00 0.7071 0.0 0.0 0.7071 0.000 0.300 0.0 0 0 0
77.30 8.000 11.190 3.00 0.7071 0.0 0.0 0.7071 0.000 0.300 0.0 0 0 0
77.40 8.000 11.220 3.00 0.7071 0.0 0.0 0.7071 0.000 0.300 0.0 0 0 0
77.50 8.000 11.250 3.00 0.7071 0.0 0.0 0.7071 0.000 0.300 0.0 0 0 0
77.60 8.000 11.280 3.00 0.7071 0.0 0.0 0.7071 0.000 0.300 0.0 0 0 0
77.70 8.000 11.310 3.00 0.7071 0.0 0.0 0.7071 0.000 0.300 0.0 0 0 0
77.80 8.000 11.340 3.00 0.7071 0.0 0.0 0.7071 0.000 0.300 0.0 0 0 0
77.90 8.000 11.370 3.00 0.7071 0.0 0.0 0.7071 0.000 0.300 0.0 0 0 0
78.00 8.000 11.400 3.00 0.7071 0.0 0.0 0.7071 0.000 0.300 0.0 0 0 0
78.10 8.000 11.430 3.00 0.7071 0.0 0.0 0.7071 0.000 0.300 0.0 0 0 0
78.20 8.000 11.460 3.00 0.7071 0.0 0.0 0.7071 0.000 0.300 0.0 0 0 0
78.30 8.000 11.490 3.00 0.7071 0.0 0.0 0.7071 0.000 0.300 0.0 0 0 0
78.40 8.000 11.520 3.00 0.7071 0.0 0.0 0.7071 0.000 0.300 0.0 0 0 0
78.50 8.000 11.550 3.00 0.7071 0.0 0.0 0.7071 0.000 0.300 0.0 0 0 0
78.60 8.000 11.580 3.00 0.7071 0.0 0.0 0.7071 0.000 0.300 0.0 0 0 0
78.70 8.000 11.610 3.00 0.7071 0.0 0.0 0.7071 0.000 0.300 0.0 0 0 0
78.80 8.000 11.640 3.00 0.7071 0.0 0.0 0.7071 0.000 0.300 0.0 0 0 0
78.90 8.000 11.670 3.00 0.7071 0.0 0.0 0.7071 0.000 0.300 0.0 0 0 0
79.00 8.000 11.700 3.00 0.7071 0.0 0.0 0.7071 0.000 0.300 0.0 0 0 0
79.10 8.000 11.730 3.00 0.7071 0.0 0.0 0.7071 0.000 0.300 0.0 0 0 0
79.20 8.000 11.760 3.00 0.7071 0.0 0.0 0.7071 0.000 0.300 0.0 0 0 0
79.30 8.000 11.790 3.00 0.7071 0.0 0.0 0.7071 0.000 0.300 0.0 0 0 0
79.40 8.000 11.820 3.00 0.7071 0.0 0.0 0.7071 0.000 0.300 0.0 0 0 0
79.50 8.000 11.850 3.00 0.7071 0.0 0.0 0.7071 0.000 0.300 0.0 0 0 0
79.60 8.000 11.880 3.00 0.7071 0.0 0.0 0.7071 0.000 0.300 0.0 0 0 0
79.70 8.000 11.910 3.00 0.7071 0.0 0.0 0.7071 0.000 0.300 0.0 0 0 0
79.80 8.000 11.940 3.00 0.7071 0.0 0.0 0.7071 0.000 0.300 0.0 0 0 0
79.90 8.000 11.970 3.00 0.7071 0.0 0.0 0.7071 0.000 0.300 0.0 0 0 0
80.00 8.000 8.000 3.00 0.0000 0.0 0.0 1.0000 -0.300 0.000 0.0 0 0 0
80.10 7.970 8.000 3.00 0.0000 0.0 0.0 1.0000 -0.300 0.000 0.0 0 0 0
80.20 7.940 8.000 3.00 0.0000 0.0 0.0 1.0000 -0.300 0.000 0.0 0 0 0
80.30 7.910 8.000 3.00 0.0000 0.0 0.0 1.0000 -0.300 0.000 0.0 0 0 0
80.40 7.880 8.000 3.00 0.0000 0.0 0.0 1.0000 -0.300 0.000 0.0 0 0 0
80.50 7.850 8.000 3.00 0.0000 0.0 0.0 1.0000 -0.300 0.000 0.0 0 0 0
80.60 7.820 8.000 3.00 0.0000 0.0 0.0 1.0000 -0.300 0.000 0.0 0 0 0
80.70 7.790 8.000 3.00 0.0000 0.0 0.0 1.0000 -0.300 0.000 0.0 0 0 0
80.80 7.760 8.000 3.00 0.0000 0.0 0.0 1.0000 -0.300 0.000 0.0 0 0 0
80.90 7.730 8.000 3.00 0.0000 0.0 0.0 1.0000 -0.300 0.000 0.0 0 0 0
81.00 7.700 8.000 3.00 0.0000 0.0 0.0 1.0000 -0.300 0.000 0.0 0 0 0
81.10 7.670 8.000 3.00 0.0000 0.0 0.0 1.0000 -0.300 0.000 0.0 0 0 0
81.20 7.640 8.000 3.00 0.0000 0.0 0.0 1.0000 -0.300 0.000 0.0 0 0 0
81.30 7.610 8.000 3.00 0.0000 0.0 0.0 1.0000 -0.300 0.000 0.0 0 0 0
81.40 7.580 8.000 3.00 0.0000 0.0 0.0 1.0000 -0.300 0.000 0.0 0 0 0
81.50 7.550 8.000 3.00 0.0000 0.0 0.0 1.0000 -0.300 0.000 0.0 0 0 0
81.60 7.520 8.000 3.00 0.0000 0.0 0.0 1.0000 -0.300 0.000 0.0 0 0 0
81.70 7.490 8.000 3.00 0.0000 0.0 0.0 1.0000 -0.300 0.000 0.0 0 0 0
81.80 7.460 8.000 3.00 0.0000 0.0 0.0 1.0000 -0.300 0.000 0.0 0 0 0
81.90 7.430 8.000 3.00 0.0000 0.0 0.0 1.0000 -0.300 0.000 0.0 0 0 0
82.00 7.400 8.000 3.00 0.0000 0.0 0.0 1.0000 -0.300 0.000 0.0 0 0 0
82.10 7.370 8.000 3.00 0.0000 0.0 0.0 1.0000 -0.300 0.000 0.0 0 0 0
82.20 7.340 8.000 3.00 0.0000 0.0 0.0 1.0000 -0.300 0.000 0.0 0 0 0
82.30 7.310 8.000 3.00 0.0000 0.0 0.0 1.0000 -0.300 0.000 0.0 0 0 0
82.40 7.280 8.000 3.00 0.0000 0.0 0.0 1.0000 -0.300 0.000 0.0 0 0 0
82.50 7.250 8.000 3.00 0.0000 0.0 0.0 1.0000 -0.300 0.000 0.0 0 0 0
82.60 7.220 8.000 3.00 0.0000 0.0 0.0 1.0000 -0.300 0.000 0.0 0 0 0
82.70 7.190 8.000 3.00 0.0000 0.0 0.0 1.0000 -0.300 0.000 0.0 0 0 0
82.80 7.160 8.000 3.00 0.0000 0.0 0.0 1.0000 -0.300 0.000 0.0 0 0 0
82.90 7.130 8.000 3.00 0.0000 0.0 0.0 1.0000 -0.300 0.000 0.0 0 0 0
83.00 7.100 8.000 3.00 0.0000 0.0 0.0 1.0000 -0.300 0.000 0.0 0 0 0
83.10 7.070 8.000 3.00 0.0000 0.0 0.0 1.0000 -0.300 0.000 0.0 0 0 0
83.20 7.040 8.000 3.00 0.0000 0.0 0.0 1.0000 -0.300 0.000 0.0 0 0 0
83.30 7.010 8.000 3.00 0.0000 0.0 0.0 1.0000 -0.300 0.000 0.0 0 0 0
83.40 6.980 8.000 3.00 0.0000 0.0 0.0 1.0000 -0.300 0.000 0.0 0 0 0
83.50 6.950 8.000 3.00 0.0000 0.0 0.0 1.0000 -0.300 0.000 0.0 0 0 0
83.60 6.920 8.000 3.00 0.0000 0.0 0.0 1.0000 -0.300 0.000 0.0 0 0 0
83.70 6.890 8.000 3.00 0.0000 0.0 0.0 1.0000 -0.300 0.000 0.0 0 0 0
83.80 6.860 8.000 3.00 0.0000 0.0 0.0 1.0000 -0.300 0.000 0.0 0 0 0
83.90 6.830 8.000 3.00 0.0000 0.0 0.0 1.0000 -0.300 0.000 0.0 0 0 0
84.00 6.800 8.000 3.00 0.0000 0.0 0.0 1.0000 -0.300 0.000 0.0 0 0 0
84.10 6.770 8.000 3.00 0.0000 0.0 0.0 1.0000 -0.300 0.000 0.0 0 0 0
84.20 6.740 8.000 3.00 0.0000 0.0 0.0 1.0000 -0.300 0.000 0.0 0 0 0
84.30 6.710 8.000 3.00 0.0000 0.0 0.0 1.0000 -0.300 0.000 0.0 0 0 0
84.40 6.680 8.000 3.00 0.0000 0.0 0.0 1.0000 -0.300 0.000 0.0 0 0 0
84.50 6.650 8.000 3.00 0.0000 0.0 0.0 1.0000 -0.300 0.000 0.0 0 0 0
84.60 6.620 8.000 3.00 0.0000 0.0 0.0 1.0000 -0.300 0.000 0.0 0 0 0
84.70 6.590 8.000 3.00 0.0000 0.0 0.0 1.0000 -0.300 0.000 0.0 0 0 0
84.80 6.560 8.000 3.00 0.0000 0.0 0.0 1.0000 -0.300 0.000 0.0 0 0 0
84.90 6.530 8.000 3.00 0.0000 0.0 0.0 1.0000 -0.300 0.000 0.0 0 0 0
85.00 6.500 8.000 3.00 0.0000 0.0 0.0 1.0000 -0.300 0.000 0.0 0 0 0
85.10 6.470 8.000 3.00 0.0000 0.0 0.0 1.0000 -0.300 0.000 0.0 0 0 0
85.20 6.440 8.000 3.00 0.0000 0.0 0.0 1.0000 -0.300 0.000 0.0 0 0 0
85.30 6.410 8.000 3.00 0.0000 0.0 0.0 1.0000 -0.300 0.000 0.0 0 0 0
85.40 6.380 8.000 3.00 0.0000 0.0 0.0 1.0000 -0.300 0.000 0.0 0 0 0
85.50 6.350 8.000 3.00 0.0000 0.0 0.0 1.0000 -0.300 0.000 0.0 0 0 0
85.60 6.320 8.000 3.00 0.0000 0.0 0.0 1.0000 -0.300 0.000 0.0 0 0 0
85.70 6.290 8.000 3.00 0.0000 0.0 0.0 1.0000 -0.300 0.000 0.0 0 0 0
85.80 6.260 8.000 3.00 0.0000 0.0 0.0 1.0000 -0.300 0.000 0.0 0 0 0
85.90 6.230 8.000 3.00 0.0000 0.0 0.0 1.0000 -0.300 0.000 0.0 0 0 0
86.00 6.200 8.000 3.00 0.0000 0.0 0.0 1.0000 -0.300 0.000 0.0 0 0 0
86.10 6.170 8.000 3.00 0.0000 0.0 0.0 1.0000 -0.300 0.000 0.0 0 0 0
86.20 6.140 8.000 3.00 0.0000 0.0 0.0 1.0000 -0.300 0.000 0.0 0 0 0
86.30 6.110 8.000 3.00 0.0000 0.0 0.0 1.0000 -0.300 0.000 0.0 0 0 0
86.40 6.080 8.000 3.00 0.0000 0.0 0.0 1.0000 -0.300 0.000 0.0 0 0 0
86.50 6.050 8.000 3.00 0.0000 0.0 0.0 1.0000 -0.300 0.000 0.0 0 0 0
86.60 6.020 8.000 3.00 0.0000 0.0 0.0 1.0000 -0.300 0.000 0.0 0 0 0
86.70 5.990 8.000 3.00 0.0000 0.0 0.0 1.0000 -0.300 0.000 0.0 0 0 0
86.80 5.960 8.000 3.00 0.0000 0.0 0.0 1.0000 -0.300 0.000 0.0 0 0 0
86.90 5.930 8.000 3.00 0.0000 0.0 0.0 1.0000 -0.300 0.000 0.0 0 0 0
87.00 5.900 8.000 3.00 0.0000 0.0 0.0 1.0000 -0.300 0.000 0.0 0 0 0
87.10 5.870 8.000 3.00 0.0000 0.0 0.0 1.0000 -0.300 0.000 0.0 0 0 0
87.20 5.840 8.000 3.00 0.0000 0.0 0.0 1.0000 -0.300 0.000 0.0 0 0 0
87.30 5.810 8.000 3.00 0.0000 0.0 0.0 1.0000 -0.300 0.000 0.0 0 0 0
87.40 5.780 8.000 3.00 0.0000 0.0 0.0 1.0000 -0.300 0.000 0.0 0 0 0
87.50 5.750 8.000 3.00 0.0000 0.0 0.0 1.0000 -0.300 0.000 0.0 0 0 0
87.60 5.720 8.000 3.00 0.0000 0.0 0.0 1.0000 -0.300 0.000 0.0 0 0 0
87.70 5.690 8.000 3.00 0.0000 0.0 0.0 1.0000 -0.300 0.000 0.0 0 0 0
87.80 5.660 8.000 3.00 0.0000 0.0 0.0 1.0000 -0.300 0.000 0.0 0 0 0
87.90 5.630 8.000 3.00 0.0000 0.0 0.0 1.0000 -0.300 0.000 0.0 0 0 0
88.00 5.600 8.000 3.00 0.0000 0.0 0.0 1.0000 -0.300 0.000 0.0 0 0 0
88.10 5.570 8.000 3.00 0.0000 0.0 0.0 1.0000 -0.300 0.000 0.0 0 0 0
88.20 5.540 8.000 3.00 0.0000 0.0 0.0 1.0000 -0.300 0.000 0.0 0 0 0
88.30 5.510 8.000 3.00 0.0000 0.0 0.0 1.0000 -0.300 0.000 0.0 0 0 0
88.40 5.480 8.000 3.00 0.0000 0.0 0.0 1.0000 -0.300 0.000 0.0 0 0 0
88.50 5.450 8.000 3.00 0.0000 0.0 0.0 1.0000 -0.300 0.000 0.0 0 0 0
88.60 5.420 8.000 3.00 0.0000 0.0 0.0 1.0000 -0.300 0.000 0.0 0 0 0
88.70 5.390 8.000 3.00 0.0000 0.0 0.0 1.0000 -0.300 0.000 0.0 0 0 0
88.80 5.360 8.000 3.00 0.0000 0.0 0.0 1.0000 -0.300 0.000 0.0 0 0 0
88.90 5.330 8.000 3.00 0.0000 0.0 0.0 1.0000 -0.300 0.000 0.0 0 0 0
89.00 5.300 8.000 3.00 0.0000 0.0 0.0 1.0000 -0.300 0.000 0.0 0 0 0
89.10 5.270 8.000 3.00 0.0000 0.0 0.0 1.0000 -0.300 0.000 0.0 0 0 0
89.20 5.240 8.000 3.00 0.0000 0.0 0.0 1.0000 -0.300 0.000 0.0 0 0 0
89.30 5.210 8.000 3.00 0.0000 0.0 0.0 1.0000 -0.300 0.000 0.0 0 0 0
89.40 5.180 8.000 3.00 0.0000 0.0 0.0 1.0000 -0.300 0.000 0.0 0 0 0
89.50 5.150 8.000 3.00 0.0000 0.0 0.0 1.0000 -0.300 0.000 0.0 0 0 0
89.60 5.120 8.000 3.00 0.0000 0.0 0.0 1.0000 -0.300 0.000 0.0 0 0 0
89.70 5.090 8.000 3.00 0.0000 0.0 0.0 1.0000 -0.300 0.000 0.0 0 0 0
89.80 5.060 8.000 3.00 0.0000 0.0 0.0 1.0000 -0.300 0.000 0.0 0 0 0
89.90 5.030 8.000 3.00 0.0000 0.0 0.0 1.0000 -0.300 0.000 0.0 0 0 0
90.00 5.000 8.000 3.00 0.0000 0.0 0.0 1.0000 -0.300 0.000 0.0 0 0 0
90.10 4.970 8.000 3.00 0.0000 0.0 0.0 1.0000 -0.300 0.000 0.0 0 0 0
90.20 4.940 8.000 3.00 0.0000 0.0 0.0 1.0000 -0.300 0.000 0.0 0 0 0
90.30 4.910 8.000 3.00 0.0000 0.0 0.0 1.0000 -0.300 0.000 0.0 0 0 0
90.40 4.880 8.000 3.00 0.0000 0.0 0.0 1.0000 -0.300 0.000 0.0 0 0 0
90.50 4.850 8.000 3.00 0.0000 0.0 0.0 1.0000 -0.300 0.000 0.0 0 0 0
90.60 4.820 8.000 3.00 0.0000 0.0 0.0 1.0000 -0.300 0.000 0.0 0 0 0
90.70 4.790 8.000 3.00 0.0000 0.0 0.0 1.0000 -0.300 0.000 0.0 0 0 0
90.80 4.760 8.000 3.00 0.0000 0.0 0.0 1.0000 -0.300 0.000 0.0 0 0 0
90.90 4.730 8.000 3.00 0.0000 0.0 0.0 1.0000 -0.300 0.000 0.0 0 0 0
91.00 4.700 8.000 3.00 0.0000 0.0 0.0 1.0000 -0.300 0.000 0.0 0 0 0
91.10 4.670 8.000 3.00 0.0000 0.0 0.0 1.0000 -0.300 0.000 0.0 0 0 0
91.20 4.640 8.000 3.00 0.0000 0.0 0.0 1.0000 -0.300 0.000 0.0 0 0 0
91.30 4.610 8.000 3.00 0.0000 0.0 0.0 1.0000 -0.300 0.000 0.0 0 0 0
91.40 4.580 8.000 3.00 0.0000 0.0 0.0 1.0000 -0.300 0.000 0.0 0 0 0
91.50 4.550 8.000 3.00 0.0000 0.0 0.0 1.0000 -0.300 0.000 0.0 0 0 0
91.60 4.520 8.000 3.00 0.0000 0.0 0.0 1.0000 -0.300 0.000 0.0 0 0 0
91.70 4.490 8.000 3.00 0.0000 0.0 0.0 1.0000 -0.300 0.000 0.0 0 0 0
91.80 4.460 8.000 3.00 0.0000 0.0 0.0 1.0000 -0.300 0.000 0.0 0 0 0
91.90 4.430 8.000 3.00 0.0000 0.0 0.0 1.0000 -0.300 0.000 0.0 0 0 0
92.00 4.400 8.000 3.00 0.0000 0.0 0.0 1.0000 -0.300 0.000 0.0 0 0 0
92.10 4.370 8.000 3.00 0.0000 0.0 0.0 1.0000 -0.300 0.000 0.0 0 0 0
92.20 4.340 8.000 3.00 0.0000 0.0 0.0 1.0000 -0.300 0.000 0.0 0 0 0
92.30 4.310 8.000 3.00 0.0000 0.0 0.0 1.0000 -0.300 0.000 0.0 0 0 0
92.40 4.280 8.000 3.00 0.0000 0.0 0.0 1.0000 -0.300 0.000 0.0 0 0 0
92.50 4.250 8.000 3.00 0.0000 0.0 0.0 1.0000 -0.300 0.000 0.0 0 0 0
92.60 4.220 8.000 3.00 0.0000 0.0 0.0 1.0000 -0.300 0.000 0.0 0 0 0
92.70 4.190 8.000 3.00 0.0000 0.0 0.0 1.0000 -0.300 0.000 0.0 0 0 0
92.80 4.160 8.000 3.00 0.0000 0.0 0.0 1.0000 -0.300 0.000 0.0 0 0 0
92.90 4.130 8.000 3.00 0.0000 0.0 0.0 1.0000 -0.300 0.000 0.0 0 0 0
93.00 4.100 8.000 3.00 0.0000 0.0 0.0 1.0000 -0.300 0.000 0.0 0 0 0
93.10 4.070 8.000 3.00 0.0000 0.0 0.0 1.0000 -0.300 0.000 0.0 0 0 0
93.20 4.040 8.000 3.00 0.0000 0.0 0.0 1.0000 -0.300 0.000 0.0 0 0 0
93.30 4.010 8.000 3.00 0.0000 0.0 0.0 1.0000 -0.300 0.000 0.0 0 0 0
93.40 3.980 8.000 3.00 0.0000 0.0 0.0 1.0000 -0.300 0.000 0.0 0 0 0
93.50 3.950 8.000 3.00 0.0000 0.0 0.0 1.0000 -0.300 0.000 0.0 0 0 0
93.60 3.920 8.000 3.00 0.0000 0.0 0.0 1.0000 -0.300 0.000 0.0 0 0 0
93.70 3.890 8.000 3.00 0.0000 0.0 0.0 1.0000 -0.300 0.000 0.0 0 0 0
93.80 3.860 8.000 3.00 0.0000 0.0 0.0 1.0000 -0.300 0.000 0.0 0 0 0
93.90 3.830 8.000 3.00 0.0000 0.0 0.0 1.0000 -0.300 0.000 0.0 0 0 0
94.00 3.800 8.000 3.00 0.0000 0.0 0.0 1.0000 -0.300 0.000 0.0 0 0 0
94.10 3.770 8.000 3.00 0.0000 0.0 0.0 1.0000 -0.300 0.000 0.0 0 0 0
94.20 3.740 8.000 3.00 0.0000 0.0 0.0 1.0000 -0.300 0.000 0.0 0 0 0
94.30 3.710 8.000 3.00 0.0000 0.0 0.0 1.0000 -0.300 0.000 0.0 0 0 0
94.40 3.680 8.000 3.00 0.0000 0.0 0.0 1.0000 -0.300 0.000 0.0 0 0 0
94.50 3.650 8.000 3.00 0.0000 0.0 0.0 1.0000 -0.300 0.000 0.0 0 0 0
94.60 3.620 8.000 3.00 0.0000 0.0 0.0 1.0000 -0.300 0.000 0.0 0 0 0
94.70 3.590 8.000 3.00 0.0000 0.0 0.0 1.0000 -0.300 0.000 0.0 0 0 0
94.80 3.560 8.000 3.00 0.0000 0.0 0.0 1.0000 -0.300 0.000 0.0 0 0 0
94.90 3.530 8.000 3.00 0.0000 0.0 0.0 1.0000 -0.300 0.000 0.0 0 0 0
95.00 3.500 8.000 3.00 0.0000 0.0 0.0 1.0000 -0.300 0.000 0.0 0 0 0
95.10 3.470 8.000 3.00 0.0000 0.0 0.0 1.0000 -0.300 0.000 0.0 0 0 0
95.20 3.440 8.000 3.00 0.0000 0.0 0.0 1.0000 -0.300 0.000 0.0 0 0 0
95.30 3.410 8.000 3.00 0.0000 0.0 0.0 1.0000 -0.300 0.000 0.0 0 0 0
95.40 3.380 8.000 3.00 0.0000 0.0 0.0 1.0000 -0.300 0.000 0.0 0 0 0
95.50 3.350 8.000 3.00 0.0000 0.0 0.0 1.0000 -0.300 0.000 0.0 0 0 0
95.60 3.320 8.000 3.00 0.0000 0.0 0.0 1.0000 -0.300 0.000 0.0 0 0 0
95.70 3.290 8.000 3.00 0.0000 0.0 0.0 1.0000 -0.300 0.000 0.0 0 0 0
95.80 3.260 8.000 3.00 0.0000 0.0 0.0 1.0000 -0.300 0.000 0.0 0 0 0
95.90 3.230 8.000 3.00 0.0000 0.0 0.0 1.0000 -0.300 0.000 0.0 0 0 0
96.00 3.200 8.000 3.00 0.0000 0.0 0.0 1.0000 -0.300 0.000 0.0 0 0 0
96.10 3.170 8.000 3.00 0.0000 0.0 0.0 1.0000 -0.300 0.000 0.0 0 0 0
96.20 3.140 8.000 3.00 0.0000 0.0 0.0 1.0000 -0.300 0.000 0.0 0 0 0
96.30 3.110 8.000 3.00 0.0000 0.0 0.0 1.0000 -0.300 0.000 0.0 0 0 0
96.40 3.080 8.000 3.00 0.0000 0.0 0.0 1.0000 -0.300 0.000 0.0 0 0 0
96.50 3.050 8.000 3.00 0.0000 0.0 0.0 1.0000 -0.300 0.000 0.0 0 0 0
96.60 3.020 8.000 3.00 0.0000 0.0 0.0 1.0000 -0.300 0.000 0.0 0 0 0
96.70 2.990 8.000 3.00 0.0000 0.0 0.0 1.0000 -0.300 0.000 0.0 0 0 0
96.80 2.960 8.000 3.00 0.0000 0.0 0.0 1.0000 -0.300 0.000 0.0 0 0 0
96.90 2.930 8.000 3.00 0.0000 0.0 0.0 1.0000 -0.300 0.000 0.0 0 0 0
97.00 2.900 8.000 3.00 0.0000 0.0 0.0 1.0000 -0.300 0.000 0.0 0 0 0
97.10 2.870 8.000 3.00 0.0000 0.0 0.0 1.0000 -0.300 0.000 0.0 0 0 0
97.20 2.840 8.000 3.00 0.0000 0.0 0.0 1.0000 -0.300 0.000 0.0 0 0 0
97.30 2.810 8.000 3.00 0.0000 0.0 0.0 1.0000 -0.300 0.000 0.0 0 0 0
97.40 2.780 8.000 3.00 0.0000 0.0 0.0 1.0000 -0.300 0.000 0.0 0 0 0
97.50 2.750 8.000 3.00 0.0000 0.0 0.0 1.0000 -0.300 0.000 0.0 0 0 0
97.60 2.720 8.000 3.00 0.0000 0.0 0.0 1.0000 -0.300 0.000 0.0 0 0 0
97.70 2.690 8.000 3.00 0.0000 0.0 0.0 1.0000 -0.300 0.000 0.0 0 0 0
97.80 2.660 8.000 3.00 0.0000 0.0 0.0 1.0000 -0.300 0.000 0.0 0 0 0
97.90 2.630 8.000 3.00 0.0000 0.0 0.0 1.0000 -0.300 0.000 0.0 0 0 0
98.00 2.600 8.000 3.00 0.0000 0.0 0.0 1.0000 -0.300 0.000 0.0 0 0 0
98.10 2.570 8.000 3.00 0.0000 0.0 0.0 1.0000 -0.300 0.000 0.0 0 0 0
98.20 2.540 8.000 3.00 0.0000 0.0 0.0 1.0000 -0.300 0.000 0.0 0 0 0
98.30 2.510 8.000 3.00 0.0000 0.0 0.0 1.0000 -0.300 0.000 0.0 0 0 0
98.40 2.480 8.000 3.00 0.0000 0.0 0.0 1.0000 -0.300 0.000 0.0 0 0 0
98.50 2.450 8.000 3.00 0.0000 0.0 0.0 1.0000 -0.300 0.000 0.0 0 0 0
98.60 2.420 8.000 3.00 0.0000 0.0 0.0 1.0000 -0.300 0.000 0.0 0 0 0
98.70 2.390 8.000 3.00 0.0000 0.0 0.0 1.0000 -0.300 0.000 0.0 0 0 0
98.80 2.360 8.000 3.00 0.0000 0.0 0.0 1.0000 -0.300 0.000 0.0 0 0 0
98.90 2.330 8.000 3.00 0.0000 0.0 0.0 1.0000 -0.300 0.000 0.0 0 0 0
99.00 2.300 8.000 3.00 0.0000 0.0 0.0 1.0000 -0.300 0.000 0.0 0 0 0
99.10 2.270 8.000 3.00 0.0000 0.0 0.0 1.0000 -0.300 0.000 0.0 0 0 0
99.20 2.240 8.000 3.00 0.0000 0.0 0.0 1.0000 -0.300 0.000 0.0 0 0 0
99.30 2.210 8.000 3.00 0.0000 0.0 0.0 1.0000 -0.300 0.000 0.0 0 0 0
99.40 2.180 8.000 3.00 0.0000 0.0 0.0 1.0000 -0.300 0.000 0.0 0 0 0
99.50 2.150 8.000 3.00 0.0000 0.0 0.0 1.0000 -0.300 0.000 0.0 0 0 0
99.60 2.120 8.000 3.00 0.0000 0.0 0.0 1.0000 -0.300 0.000 0.0 0 0 0
99.70 2.090 8.000 3.00 0.0000 0.0 0.0 1.0000 -0.300 0.000 0.0 0 0 0
99.80 2.060 8.000 3.00 0.0000 0.0 0.0 1.0000 -0.300 0.000 0.0 0 0 0
99.90 2.030 8.000 3.00 0.0000 0.0 0.0 1.0000 -0.300 0.000 0.0 0 0 0
100.00 2.000 8.000 3.00 0.0000 0.0 0.0 1.0000 -0.300 0.000 0.0 0 0 0
100.10 1.970 8.000 3.00 0.0000 0.0 0.0 1.0000 -0.300 0.000 0.0 0 0 0
100.20 1.940 8.000 3.00 0.0000 0.0 0.0 1.0000 -0.300 0.000 0.0 0 0 0
100.30 1.910 8.000 3.00 0.0000 0.0 0.0 1.0000 -0.300 0.000 0.0 0 0 0
100.40 1.880 8.000 3.00 0.0000 0.0 0.0 1.0000 -0.300 0.000 0.0 0 0 0
100.50 1.850 8.000 3.00 0.0000 0.0 0.0 1.0000 -0.300 0.000 0.0 0 0 0
100.60 1.820 8.000 3.00 0.0000 0.0 0.0 1.0000 -0.300 0.000 0.0 0 0 0
100.70 1.790 8.000 3.00 0.0000 0.0 0.0 1.0000 -0.300 0.000 0.0 0 0 0
100.80 1.760 8.000 3.00 0.0000 0.0 0.0 1.0000 -0.300 0.000 0.0 0 0 0
100.90 1.730 8.000 3.00 0.0000 0.0 0.0 1.0000 -0.300 0.000 0.0 0 0 0
101.00 1.700 8.000 3.00 0.0000 0.0 0.0 1.0000 -0.300 0.000 0.0 0 0 0
101.10 1.670 8.000 3.00 0.0000 0.0 0.0 1.0000 -0.300 0.000 0.0 0 0 0
101.20 1.640 8.000 3.00 0.0000 0.0 0.0 1.0000 -0.300 0.000 0.0 0 0 0
101.30 1.610 8.000 3.00 0.0000 0.0 0.0 1.0000 -0.300 0.000 0.0 0 0 0
101.40 1.580 8.000 3.00 0.0000 0.0 0.0 1.0000 -0.300 0.000 0.0 0 0 0
101.50 1.550 8.000 3.00 0.0000 0.0 0.0 1.0000 -0.300 0.000 0.0 0 0 0
101.60 1.520 8.000 3.00 0.0000 0.0 0.0 1.0000 -0.300 0.000 0.0 0 0 0
101.70 1.490 8.000 3.00 0.0000 0.0 0.0 1.0000 -0.300 0.000 0.0 0 0 0
101.80 1.460 8.000 3.00 0.0000 0.0 0.0 1.0000 -0.300 0.000 0.0 0 0 0
101.90 1.430 8.000 3.00 0.0000 0.0 0.0 1.0000 -0.300 0.000 0.0 0 0 0
102.00 1.400 8.000 3.00 0.0000 0.0 0.0 1.0000 -0.300 0.000 0.0 0 0 0
102.10 1.370 8.000 3.00 0.0000 0.0 0.0 1.0000 -0.300 0.000 0.0 0 0 0
102.20 1.340 8.000 3.00 0.0000 0.0 0.0 1.0000 -0.300 0.000 0.0 0 0 0
102.30 1.310 8.000 3.00 0.0000 0.0 0.0 1.0000 -0.300 0.000 0.0 0 0 0
102.40 1.280 8.000 3.00 0.0000 0.0 0.0 1.0000 -0.300 0.000 0.0 0 0 0
102.50 1.250 8.000 3.00 0.0000 0.0 0.0 1.0000 -0.300 0.000 0.0 0 0 0
102.60 1.220 8.000 3.00 0.0000 0.0 0.0 1.0000 -0.300 0.000 0.0 0 0 0
102.70 1.190 8.000 3.00 0.0000 0.0 0.0 1.0000 -0.300 0.000 0.0 0 0 0
102.80 1.160 8.000 3.00 0.0000 0.0 0.0 1.0000 -0.300 0.000 0.0 0 0 0
102.90 1.130 8.000 3.00 0.0000 0.0 0.0 1.0000 -0.300 0.000 0.0 0 0 0
103.00 1.100 8.000 3.00 0.0000 0.0 0.0 1.0000 -0.300 0.000 0.0 0 0 0
103.10 1.070 8.000 3.00 0.0000 0.0 0.0 1.0000 -0.300 0.000 0.0 0 0 0
103.20 1.040 8.000 3.00 0.0000 0.0 0.0 1.0000 -0.300 0.000 0.0 0 0 0
103.30 1.010 8.000 3.00 0.0000 0.0 0.0 1.0000 -0.300 0.000 0.0 0 0 0
103.40 0.980 8.000 3.00 0.0000 0.0 0.0 1.0000 -0.300 0.000 0.0 0 0 0
103.50 0.950 8.000 3.00 0.0000 0.0 0.0 1.0000 -0.300 0.000 0.0 0 0 0
103.60 0.920 8.000 3.00 0.0000 0.0 0.0 1.0000 -0.300 0.000 0.0 0 0 0
103.70 0.890 8.000 3.00 0.0000 0.0 0.0 1.0000 -0.300 0.000 0.0 0 0 0
103.80 0.860 8.000 3.00 0.0000 0.0 0.0 1.0000 -0.300 0.000 0.0 0 0 0
103.90 0.830 8.000 3.00 0.0000 0.0 0.0 1.0000 -0.300 0.000 0.0 0 0 0
104.00 0.800 8.000 3.00 0.0000 0.0 0.0 1.0000 -0.300 0.000 0.0 0 0 0
104.10 0.770 8.000 3.00 0.0000 0.0 0.0 1.0000 -0.300 0.000 0.0 0 0 0
104.20 0.740 8.000 3.00 0.0000 0.0 0.0 1.0000 -0.300 0.000 0.0 0 0 0
104.30 0.710 8.000 3.00 0.0000 0.0 0.0 1.0000 -0.300 0.000 0.0 0 0 0
104.40 0.680 8.000 3.00 0.0000 0.0 0.0 1.0000 -0.300 0.000 0.0 0 0 0
104.50 0.650 8.000 3.00 0.0000 0.0 0.0 1.0000 -0.300 0.000 0.0 0 0 0
104.60 0.620 8.000 3.00 0.0000 0.0 0.0 1.0000 -0.300 0.000 0.0 0 0 0
104.70 0.590 8.000 3.00 0.0000 0.0 0.0 1.0000 -0.300 0.000 0.0 0 0 0
104.80 0.560 8.000 3.00 0.0000 0.0 0.0 1.0000 -0.300 0.000 0.0 0 0 0
104.90 0.530 8.000 3.00 0.0000 0.0 0.0 1.0000 -0.300 0.000 0.0 0 0 0
105.00 0.500 8.000 3.00 0.0000 0.0 0.0 1.0000 -0.300 0.000 0.0 0 0 0
105.10 0.470 8.000 3.00 0.0000 0.0 0.0 1.0000 -0.300 0.000 0.0 0 0 0
105.20 0.440 8.000 3.00 0.0000 0.0 0.0 1.0000 -0.300 0.000 0.0 0 0 0
105.30 0.410 8.000 3.00 0.0000 0.0 0.0 1.0000 -0.300 0.000 0.0 0 0 0
105.40 0.380 8.000 3.00 0.0000 0.0 0.0 1.0000 -0.300 0.000 0.0 0 0 0
105.50 0.350 8.000 3.00 0.0000 0.0 0.0 1.0000 -0.300 0.000 0.0 0 0 0
105.60 0.320 8.000 3.00 0.0000 0.0 0.0 1.0000 -0.300 0.000 0.0 0 0 0
105.70 0.290 8.000 3.00 0.0000 0.0 0.0 1.0000 -0.300 0.000 0.0 0 0 0
105.80 0.260 8.000 3.00 0.0000 0.0 0.0 1.0000 -0.300 0.000 0.0 0 0 0
105.90 0.230 8.000 3.00 0.0000 0.0 0.0 1.0000 -0.300 0.000 0.0 0 0 0
106.00 0.200 8.000 3.00 0.0000 0.0 0.0 1.0000 -0.300 0.000 0.0 0 0 0
106.10 0.170 8.000 3.00 0.0000 0.0 0.0 1.0000 -0.300 0.000 0.0 0 0 0
106.20 0.140 8.000 3.00 0.0000 0.0 0.0 1.0000 -0.300 0.000 0.0 0 0 0
106.30 0.110 8.000 3.00 0.0000 0.0 0.0 1.0000 -0.300 0.000 0.0 0 0 0
106.40 0.080 8.000 3.00 0.0000 0.0 0.0 1.0000 -0.300 0.000 0.0 0 0 0
106.50 0.050 8.000 3.00 0.0000 0.0 0.0 1.0000 -0.300 0.000 0.0 0 0 0
106.60 0.020 8.000 3.00 0.0000 0.0 0.0 1.0000 -0.300 0.000 0.0 0 0 0
106.70 -0.010 8.000 3.00 0.0000 0.0 0.0 1.0000 -0.300 0.000 0.0 0 0 0
106.80 -0.040 8.000 3.00 0.0000 0.0 0.0 1.0000 -0.300 0.000 0.0 0 0 0
106.90 -0.070 8.000 3.00 0.0000 0.0 0.0 1.0000 -0.300 0.000 0.0 0 0 0
107.00 -0.100 8.000 3.00 0.0000 0.0 0.0 1.0000 -0.300 0.000 0.0 0 0 0
107.10 -0.130 8.000 3.00 0.0000 0.0 0.0 1.0000 -0.300 0.000 0.0 0 0 0
107.20 -0.160 8.000 3.00 0.0000 0.0 0.0 1.0000 -0.300 0.000 0.0 0 0 0
107.30 -0.190 8.000 3.00 0.0000 0.0 0.0 1.0000 -0.300 0.000 0.0 0 0 0
107.40 -0.220 8.000 3.00 0.0000 0.0 0.0 1.0000 -0.300 0.000 0.0 0 0 0
107.50 -0.250 8.000 3.00 0.0000 0.0 0.0 1.0000 -0.300 0.000 0.0 0 0 0
107.60 -0.280 8.000 3.00 0.0000 0.0 0.0 1.0000 -0.300 0.000 0.0 0 0 0
107.70 -0.310 8.000 3.00 0.0000 0.0 0.0 1.0000 -0.300 0.000 0.0 0 0 0
107.80 -0.340 8.000 3.00 0.0000 0.0 0.0 1.0000 -0.300 0.000 0.0 0 0 0
107.90 -0.370 8.000 3.00 0.0000 0.0 0.0 1.0000 -0.300 0.000 0.0 0 0 0
108.00 -0.400 8.000 3.00 0.0000 0.0 0.0 1.0000 -0.300 0.000 0.0 0 0 0
108.10 -0.430 8.000 3.00 0.0000 0.0 0.0 1.0000 -0.300 0.000 0.0 0 0 0
108.20 -0.460 8.000 3.00 0.0000 0.0 0.0 1.0000 -0.300 0.000 0.0 0 0 0
108.30 -0.490 8.000 3.00 0.0000 0.0 0.0 1.0000 -0.300 0.000 0.0 0 0 0
108.40 -0.520 8.000 3.00 0.0000 0.0 0.0 1.0000 -0.300 0.000 0.0 0 0 0
108.50 -0.550 8.000 3.00 0.0000 0.0 0.0 1.0000 -0.300 0.000 0.0 0 0 0
108.60 -0.580 8.000 3.00 0.0000 0.0 0.0 1.0000 -0.300 0.000 0.0 0 0 0
108.70 -0.610 8.000 3.00 0.0000 0.0 0.0 1.0000 -0.300 0.000 0.0 0 0 0
108.80 -0.640 8.000 3.00 0.0000 0.0 0.0 1.0000 -0.300 0.000 0.0 0 0 0
108.90 -0.670 8.000 3.00 0.0000 0.0 0.0 1.0000 -0.300 0.000 0.0 0 0 0
109.00 -0.700 8.000 3.00 0.0000 0.0 0.0 1.0000 -0.300 0.000 0.0 0 0 0
109.10 -0.730 8.000 3.00 0.0000 0.0 0.0 1.0000 -0.300 0.000 0.0 0 0 0
109.20 -0.760 8.000 3.00 0.0000 0.0 0.0 1.0000 -0.300 0.000 0.0 0 0 0
109.30 -0.790 8.000 3.00 0.0000 0.0 0.0 1.0000 -0.300 0.000 0.0 0 0 0
109.40 -0.820 8.000 3.00 0.0000 0.0 0.0 1.0000 -0.300 0.000 0.0 0 0 0
109.50 -0.850 8.000 3.00 0.0000 0.0 0.0 1.0000 -0.300 0.000 0.0 0 0 0
109.60 -0.880 8.000 3.00 0.0000 0.0 0.0 1.0000 -0.300 0.000 0.0 0 0 0
109.70 -0.910 8.000 3.00 0.0000 0.0 0.0 1.0000 -0.300 0.000 0.0 0 0 0
109.80 -0.940 8.000 3.00 0.0000 0.0 0.0 1.0000 -0.300 0.000 0.0 0 0 0
109.90 -0.970 8.000 3.00 0.0000 0.0 0.0 1.0000 -0.300 0.000 0.0 0 0 0
110.00 -1.000 8.000 3.00 0.0000 0.0 0.0 1.0000 -0.300 0.000 0.0 0 0 0
110.10 -1.030 8.000 3.00 0.0000 0.0 0.0 1.0000 -0.300 0.000 0.0 0 0 0
110.20 -1.060 8.000 3.00 0.0000 0.0 0.0 1.0000 -0.300 0.000 0.0 0 0 0
110.30 -1.090 8.000 3.00 0.0000 0.0 0.0 1.0000 -0.300 0.000 0.0 0 0 0
110.40 -1.120 8.000 3.00 0.0000 0.0 0.0 1.0000 -0.300 0.000 0.0 0 0 0
110.50 -1.150 8.000 3.00 0.0000 0.0 0.0 1.0000 -0.300 0.000 0.0 0 0 0
110.60 -1.180 8.000 3.00 0.0000 0.0 0.0 1.0000 -0.300 0.000 0.0 0 0 0
110.70 -1.210 8.000 3.00 0.0000 0.0 0.0 1.0000 -0.300 0.000 0.0 0 0 0
110.80 -1.240 8.000 3.00 0.0000 0.0 0.0 1.0000 -0.300 0.000 0.0 0 0 0
110.90 -1.270 8.000 3.00 0.0000 0.0 0.0 1.0000 -0.300 0.000 0.0 0 0 0
111.00 -1.300 8.000 3.00 0.0000 0.0 0.0 1.0000 -0.300 0.000 0.0 0 0 0
111.10 -1.330 8.000 3.00 0.0000 0.0 0.0 1.0000 -0.300 0.000 0.0 0 0 0
111.20 -1.360 8.000 3.00 0.0000 0.0 0.0 1.0000 -0.300 0.000 0.0 0 0 0
111.30 -1.390 8.000 3.00 0.0000 0.0 0.0 1.0000 -0.300 0.000 0.0 0 0 0
111.40 -1.420 8.000 3.00 0.0000 0.0 0.0 1.0000 -0.300 0.000 0.0 0 0 0
111.50 -1.450 8.000 3.00 0.0000 0.0 0.0 1.0000 -0.300 0.000 0.0 0 0 0
111.60 -1.480 8.000 3.00 0.0000 0.0 0.0 1.0000 -0.300 0.000 0.0 0 0 0
111.70 -1.510 8.000 3.00 0.0000 0.0 0.0 1.0000 -0.300 0.000 0.0 0 0 0
111.80 -1.540 8.000 3.00 0.0000 0.0 0.0 1.0000 -0.300 0.000 0.0 0 0 0
111.90 -1.570 8.000 3.00 0.0000 0.0 0.0 1.0000 -0.300 0.000 0.0 0 0 0
112.00 -1.600 8.000 3.00 0.0000 0.0 0.0 1.0000 -0.300 0.000 0.0 0 0 0
112.10 -1.630 8.000 3.00 0.0000 0.0 0.0 1.0000 -0.300 0.000 0.0 0 0 0
112.20 -1.660 8.000 3.00 0.0000 0.0 0.0 1.0000 -0.300 0.000 0.0 0 0 0
112.30 -1.690 8.000 3.00 0.0000 0.0 0.0 1.0000 -0.300 0.000 0.0 0 0 0
112.40 -1.720 8.000 3.00 0.0000 0.0 0.0 1.0000 -0.300 0.000 0.0 0 0 0
112.50 -1.750 8.000 3.00 0.0000 0.0 0.0 1.0000 -0.300 0.000 0.0 0 0 0
112.60 -1.780 8.000 3.00 0.0000 0.0 0.0 1.0000 -0.300 0.000 0.0 0 0 0
112.70 -1.810 8.000 3.00 0.0000 0.0 0.0 1.0000 -0.300 0.000 0.0 0 0 0
112.80 -1.840 8.000 3.00 0.0000 0.0 0.0 1.0000 -0.300 0.000 0.0 0 0 0
112.90 -1.870 8.000 3.00 0.0000 0.0 0.0 1.0000 -0.300 0.000 0.0 0 0 0
113.00 -1.900 8.000 3.00 0.0000 0.0 0.0 1.0000 -0.300 0.000 0.0 0 0 0
113.10 -1.930 8.000 3.00 0.0000 0.0 0.0 1.0000 -0.300 0.000 0.0 0 0 0
113.20 -1.960 8.000 3.00 0.0000 0.0 0.0 1.0000 -0.300 0.000 0.0 0 0 0
113.30 -1.990 8.000 3.00 0.0000 0.0 0.0 1.0000 -0.300 0.000 0.0 0 0 0
113.40 -2.020 8.000 3.00 0.0000 0.0 0.0 1.0000 -0.300 0.000 0.0 0 0 0
113.50 -2.050 8.000 3.00 0.0000 0.0 0.0 1.0000 -0.300 0.000 0.0 0 0 0
113.60 -2.080 8.000 3.00 0.0000 0.0 0.0 1.0000 -0.300 0.000 0.0 0 0 0
113.70 -2.110 8.000 3.00 0.0000 0.0 0.0 1.0000 -0.300 0.000 0.0 0 0 0
113.80 -2.140 8.000 3.00 0.0000 0.0 0.0 1.0000 -0.300 0.000 0.0 0 0 0
113.90 -2.170 8.000 3.00 0.0000 0.0 0.0 1.0000 -0.300 0.000 0.0 0 0 0
114.00 -2.200 8.000 3.00 0.0000 0.0 0.0 1.0000 -0.300 0.000 0.0 0 0 0
114.10 -2.230 8.000 3.00 0.0000 0.0 0.0 1.0000 -0.300 0.000 0.0 0 0 0
114.20 -2.260 8.000 3.00 0.0000 0.0 0.0 1.0000 -0.300 0.000 0.0 0 0 0
114.30 -2.290 8.000 3.00 0.0000 0.0 0.0 1.0000 -0.300 0.000 0.0 0 0 0
114.40 -2.320 8.000 3.00 0.0000 0.0 0.0 1.0000 -0.300 0.000 0.0 0 0 0
114.50 -2.350 8.000 3.00 0.0000 0.0 0.0 1.0000 -0.300 0.000 0.0 0 0 0
114.60 -2.380 8.000 3.00 0.0000 0.0 0.0 1.0000 -0.300 0.000 0.0 0 0 0
114.70 -2.410 8.000 3.00 0.0000 0.0 0.0 1.0000 -0.300 0.000 0.0 0 0 0
114.80 -2.440 8.000 3.00 0.0000 0.0 0.0 1.0000 -0.300 0.000 0.0 0 0 0
114.90 -2.470 8.000 3.00 0.0000 0.0 0.0 1.0000 -0.300 0.000 0.0 0 0 0
115.00 -2.500 8.000 3.00 0.0000 0.0 0.0 1.0000 -0.300 0.000 0.0 0 0 0
115.10 -2.530 8.000 3.00 0.0000 0.0 0.0 1.0000 -0.300 0.000 0.0 0 0 0
115.20 -2.560 8.000 3.00 0.0000 0.0 0.0 1.0000 -0.300 0.000 0.0 0 0 0
115.30 -2.590 8.000 3.00 0.0000 0.0 0.0 1.0000 -0.300 0.000 0.0 0 0 0
115.40 -2.620 8.000 3.00 0.0000 0.0 0.0 1.0000 -0.300 0.000 0.0 0 0 0
115.50 -2.650 8.000 3.00 0.0000 0.0 0.0 1.0000 -0.300 0.000 0.0 0 0 0
115.60 -2.680 8.000 3.00 0.0000 0.0 0.0 1.0000 -0.300 0.000 0.0 0 0 0
115.70 -2.710 8.000 3.00 0.0000 0.0 0.0 1.0000 -0.300 0.000 0.0 0 0 0
115.80 -2.740 8.000 3.00 0.0000 0.0 0.0 1.0000 -0.300 0.000 0.0 0 0 0
115.90 -2.770 8.000 3.00 0.0000 0.0 0.0 1.0000 -0.300 0.000 0.0 0 0 0
116.00 -2.800 8.000 3.00 0.0000 0.0 0.0 1.0000 -0.300 0.000 0.0 0 0 0
116.10 -2.830 8.000 3.00 0.0000 0.0 0.0 1.0000 -0.300 0.000 0.0 0 0 0
116.20 -2.860 8.000 3.00 0.0000 0.0 0.0 1.0000 -0.300 0.000 0.0 0 0 0
116.30 -2.890 8.000 3.00 0.0000 0.0 0.0 1.0000 -0.300 0.000 0.0 0 0 0
116.40 -2.920 8.000 3.00 0.0000 0.0 0.0 1.0000 -0.300 0.000 0.0 0 0 0
116.50 -2.950 8.000 3.00 0.0000 0.0 0.0 1.0000 -0.300 0.000 0.0 0 0 0
116.60 -2.980 8.000 3.00 0.0000 0.0 0.0 1.0000 -0.300 0.000 0.0 0 0 0
116.70 -3.010 8.000 3.00 0.0000 0.0 0.0 1.0000 -0.300 0.000 0.0 0 0 0
116.80 -3.040 8.000 3.00 0.0000 0.0 0.0 1.0000 -0.300 0.000 0.0 0 0 0
116.90 -3.070 8.000 3.00 0.0000 0.0 0.0 1.0000 -0.300 0.000 0.0 0 0 0
117.00 -3.100 8.000 3.00 0.0000 0.0 0.0 1.0000 -0.300 0.000 0.0 0 0 0
117.10 -3.130 8.000 3.00 0.0000 0.0 0.0 1.0000 -0.300 0.000 0.0 0 0 0
117.20 -3.160 8.000 3.00 0.0000 0.0 0.0 1.0000 -0.300 0.000 0.0 0 0 0
117.30 -3.190 8.000 3.00 0.0000 0.0 0.0 1.0000 -0.300 0.000 0.0 0 0 0
117.40 -3.220 8.000 3.00 0.0000 0.0 0.0 1.0000 -0.300 0.000 0.0 0 0 0
117.50 -3.250 8.000 3.00 0.0000 0.0 0.0 1.0000 -0.300 0.000 0.0 0 0 0
117.60 -3.280 8.000 3.00 0.0000 0.0 0.0 1.0000 -0.300 0.000 0.0 0 0 0
117.70 -3.310 8.000 3.00 0.0000 0.0 0.0 1.0000 -0.300 0.000 0.0 0 0 0
117.80 -3.340 8.000 3.00 0.0000 0.0 0.0 1.0000 -0.300 0.000 0.0 0 0 0
117.90 -3.370 8.000 3.00 0.0000 0.0 0.0 1.0000 -0.300 0.000 0.0 0 0 0
118.00 -3.400 8.000 3.00 0.0000 0.0 0.0 1.0000 -0.300 0.000 0.0 0 0 0
118.10 -3.430 8.000 3.00 0.0000 0.0 0.0 1.0000 -0.300 0.000 0.0 0 0 0
118.20 -3.460 8.000 3.00 0.0000 0.0 0.0 1.0000 -0.300 0.000 0.0 0 0 0
118.30 -3.490 8.000 3.00 0.0000 0.0 0.0 1.0000 -0.300 0.000 0.0 0 0 0
118.40 -3.520 8.000 3.00 0.0000 0.0 0.0 1.0000 -0.300 0.000 0.0 0 0 0
118.50 -3.550 8.000 3.00 0.0000 0.0 0.0 1.0000 -0.300 0.000 0.0 0 0 0
118.60 -3.580 8.000 3.00 0.0000 0.0 0.0 1.0000 -0.300 0.000 0.0 0 0 0
118.70 -3.610 8.000 3.00 0.0000 0.0 0.0 1.0000 -0.300 0.000 0.0 0 0 0
118.80 -3.640 8.000 3.00 0.0000 0.0 0.0 1.0000 -0.300 0.000 0.0 0 0 0
118.90 -3.670 8.000 3.00 0.0000 0.0 0.0 1.0000 -0.300 0.000 0.0 0 0 0
119.00 -3.700 8.000 3.00 0.0000 0.0 0.0 1.0000 -0.300 0.000 0.0 0 0 0
119.10 -3.730 8.000 3.00 0.0000 0.0 0.0 1.0000 -0.300 0.000 0.0 0 0 0
119.20 -3.760 8.000 3.00 0.0000 0.0 0.0 1.0000 -0.300 0.000 0.0 0 0 0
119.30 -3.790 8.000 3.00 0.0000 0.0 0.0 1.0000 -0.300 0.000 0.0 0 0 0
119.40 -3.820 8.000 3.00 0.0000 0.0 0.0 1.0000 -0.300 0.000 0.0 0 0 0
119.50 -3.850 8.000 3.00 0.0000 0.0 0.0 1.0000 -0.300 0.000 0.0 0 0 0
119.60 -3.880 8.000 3.00 0.0000 0.0 0.0 1.0000 -0.300 0.000 0.0 0 0 0
119.70 -3.910 8.000 3.00 0.0000 0.0 0.0 1.0000 -0.300 0.000 0.0 0 0 0
119.80 -3.940 8.000 3.00 0.0000 0.0 0.0 1.0000 -0.300 0.000 0.0 0 0 0
119.90 -3.970 8.000 3.00 0.0000 0.0 0.0 1.0000 -0.300 0.000 0.0 0 0 0
120.00 0.000 8.000 3.00 0.7071 0.0 0.0 -0.7071 0.000 -0.300 0.0 0 0 0
120.10 0.000 7.970 3.00 0.7071 0.0 0.0 -0.7071 0.000 -0.300 0.0 0 0 0
120.20 0.000 7.940 3.00 0.7071 0.0 0.0 -0.7071 0.000 -0.300 0.0 0 0 0
120.30 0.000 7.910 3.00 0.7071 0.0 0.0 -0.7071 0.000 -0.300 0.0 0 0 0
120.40 0.000 7.880 3.00 0.7071 0.0 0.0 -0.7071 0.000 -0.300 0.0 0 0 0
120.50 0.000 7.850 3.00 0.7071 0.0 0.0 -0.7071 0.000 -0.300 0.0 0 0 0
120.60 0.000 7.820 3.00 0.7071 0.0 0.0 -0.7071 0.000 -0.300 0.0 0 0 0
120.70 0.000 7.790 3.00 0.7071 0.0 0.0 -0.7071 0.000 -0.300 0.0 0 0 0
120.80 0.000 7.760 3.00 0.7071 0.0 0.0 -0.7071 0.000 -0.300 0.0 0 0 0
120.90 0.000 7.730 3.00 0.7071 0.0 0.0 -0.7071 0.000 -0.300 0.0 0 0 0
121.00 0.000 7.700 3.00 0.7071 0.0 0.0 -0.7071 0.000 -0.300 0.0 0 0 0
121.10 0.000 7.670 3.00 0.7071 0.0 0.0 -0.7071 0.000 -0.300 0.0 0 0 0
121.20 0.000 7.640 3.00 0.7071 0.0 0.0 -0.7071 0.000 -0.300 0.0 0 0 0
121.30 0.000 7.610 3.00 0.7071 0.0 0.0 -0.7071 0.000 -0.300 0.0 0 0 0
121.40 0.000 7.580 3.00 0.7071 0.0 0.0 -0.7071 0.000 -0.300 0.0 0 0 0
121.50 0.000 7.550 3.00 0.7071 0.0 0.0 -0.7071 0.000 -0.300 0.0 0 0 0
121.60 0.000 7.520 3.00 0.7071 0.0 0.0 -0.7071 0.000 -0.300 0.0 0 0 0
121.70 0.000 7.490 3.00 0.7071 0.0 0.0 -0.7071 0.000 -0.300 0.0 0 0 0
121.80 0.000 7.460 3.00 0.7071 0.0 0.0 -0.7071 0.000 -0.300 0.0 0 0 0
121.90 0.000 7.430 3.00 0.7071 0.0 0.0 -0.7071 0.000 -0.300 0.0 0 0 0
122.00 0.000 7.400 3.00 0.7071 0.0 0.0 -0.7071 0.000 -0.300 0.0 0 0 0
122.10 0.000 7.370 3.00 0.7071 0.0 0.0 -0.7071 0.000 -0.300 0.0 0 0 0
122.20 0.000 7.340 3.00 0.7071 0.0 0.0 -0.7071 0.000 -0.300 0.0 0 0 0
122.30 0.000 7.310 3.00 0.7071 0.0 0.0 -0.7071 0.000 -0.300 0.0 0 0 0
122.40 0.000 7.280 3.00 0.7071 0.0 0.0 -0.7071 0.000 -0.300 0.0 0 0 0
122.50 0.000 7.250 3.00 0.7071 0.0 0.0 -0.7071 0.000 -0.300 0.0 0 0 0
122.60 0.000 7.220 3.00 0.7071 0.0 0.0 -0.7071 0.000 -0.300 0.0 0 0 0
122.70 0.000 7.190 3.00 0.7071 0.0 0.0 -0.7071 0.000 -0.300 0.0 0 0 0
122.80 0.000 7.160 3.00 0.7071 0.0 0.0 -0.7071 0.000 -0.300 0.0 0 0 0
122.90 0.000 7.130 3.00 0.7071 0.0 0.0 -0.7071 0.000 -0.300 0.0 0 0 0
123.00 0.000 7.100 3.00 0.7071 0.0 0.0 -0.7071 0.000 -0.300 0.0 0 0 0
123.10 0.000 7.070 3.00 0.7071 0.0 0.0 -0.7071 0.000 -0.300 0.0 0 0 0
123.20 0.000 7.040 3.00 0.7071 0.0 0.0 -0.7071 0.000 -0.300 0.0 0 0 0
123.30 0.000 7.010 3.00 0.7071 0.0 0.0 -0.7071 0.000 -0.300 0.0 0 0 0
123.40 0.000 6.980 3.00 0.7071 0.0 0.0 -0.7071 0.000 -0.300 0.0 0 0 0
123.50 0.000 6.950 3.00 0.7071 0.0 0.0 -0.7071 0.000 -0.300 0.0 0 0 0
123.60 0.000 6.920 3.00 0.7071 0.0 0.0 -0.7071 0.000 -0.300 0.0 0 0 0
123.70 0.000 6.890 3.00 0.7071 0.0 0.0 -0.7071 0.000 -0.300 0.0 0 0 0
123.80 0.000 6.860 3.00 0.7071 0.0 0.0 -0.7071 0.000 -0.300 0.0 0 0 0
123.90 0.000 6.830 3.00 0.7071 0.0 0.0 -0.7071 0.000 -0.300 0.0 0 0 0
124.00 0.000 6.800 3.00 0.7071 0.0 0.0 -0.7071 0.000 -0.300 0.0 0 0 0
124.10 0.000 6.770 3.00 0.7071 0.0 0.0 -0.7071 0.000 -0.300 0.0 0 0 0
124.20 0.000 6.740 3.00 0.7071 0.0 0.0 -0.7071 0.000 -0.300 0.0 0 0 0
124.30 0.000 6.710 3.00 0.7071 0.0 0.0 -0.7071 0.000 -0.300 0.0 0 0 0
124.40 0.000 6.680 3.00 0.7071 0.0 0.0 -0.7071 0.000 -0.300 0.0 0 0 0
124.50 0.000 6.650 3.00 0.7071 0.0 0.0 -0.7071 0.000 -0.300 0.0 0 0 0
124.60 0.000 6.620 3.00 0.7071 0.0 0.0 -0.7071 0.000 -0.300 0.0 0 0 0
124.70 0.000 6.590 3.00 0.7071 0.0 0.0 -0.7071 0.000 -0.300 0.0 0 0 0
124.80 0.000 6.560 3.00 0.7071 0.0 0.0 -0.7071 0.000 -0.300 0.0 0 0 0
124.90 0.000 6.530 3.00 0.7071 0.0 0.0 -0.7071 0.000 -0.300 0.0 0 0 0
125.00 0.000 6.500 3.00 0.7071 0.0 0.0 -0.7071 0.000 -0.300 0.0 0 0 0
125.10 0.000 6.470 3.00 0.7071 0.0 0.0 -0.7071 0.000 -0.300 0.0 0 0 0
125.20 0.000 6.440 3.00 0.7071 0.0 0.0 -0.7071 0.000 -0.300 0.0 0 0 0
125.30 0.000 6.410 3.00 0.7071 0.0 0.0 -0.7071 0.000 -0.300 0.0 0 0 0
125.40 0.000 6.380 3.00 0.7071 0.0 0.0 -0.7071 0.000 -0.300 0.0 0 0 0
125.50 0.000 6.350 3.00 0.7071 0.0 0.0 -0.7071 0.000 -0.300 0.0 0 0 0
125.60 0.000 6.320 3.00 0.7071 0.0 0.0 -0.7071 0.000 -0.300 0.0 0 0 0
125.70 0.000 6.290 3.00 0.7071 0.0 0.0 -0.7071 0.000 -0.300 0.0 0 0 0
125.80 0.000 6.260 3.00 0.7071 0.0 0.0 -0.7071 0.000 -0.300 0.0 0 0 0
125.90 0.000 6.230 3.00 0.7071 0.0 0.0 -0.7071 0.000 -0.300 0.0 0 0 0
126.00 0.000 6.200 3.00 0.7071 0.0 0.0 -0.7071 0.000 -0.300 0.0 0 0 0
126.10 0.000 6.170 3.00 0.7071 0.0 0.0 -0.7071 0.000 -0.300 0.0 0 0 0
126.20 0.000 6.140 3.00 0.7071 0.0 0.0 -0.7071 0.000 -0.300 0.0 0 0 0
126.30 0.000 6.110 3.00 0.7071 0.0 0.0 -0.7071 0.000 -0.300 0.0 0 0 0
126.40 0.000 6.080 3.00 0.7071 0.0 0.0 -0.7071 0.000 -0.300 0.0 0 0 0
126.50 0.000 6.050 3.00 0.7071 0.0 0.0 -0.7071 0.000 -0.300 0.0 0 0 0
126.60 0.000 6.020 3.00 0.7071 0.0 0.0 -0.7071 0.000 -0.300 0.0 0 0 0
126.70 0.000 5.990 3.00 0.7071 0.0 0.0 -0.7071 0.000 -0.300 0.0 0 0 0
126.80 0.000 5.960 3.00 0.7071 0.0 0.0 -0.7071 0.000 -0.300 0.0 0 0 0
126.90 0.000 5.930 3.00 0.7071 0.0 0.0 -0.7071 0.000 -0.300 0.0 0 0 0
127.00 0.000 5.900 3.00 0.7071 0.0 0.0 -0.7071 0.000 -0.300 0.0 0 0 0
127.10 0.000 5.870 3.00 0.7071 0.0 0.0 -0.7071 0.000 -0.300 0.0 0 0 0
127.20 0.000 5.840 3.00 0.7071 0.0 0.0 -0.7071 0.000 -0.300 0.0 0 0 0
127.30 0.000 5.810 3.00 0.7071 0.0 0.0 -0.7071 0.000 -0.300 0.0 0 0 0
127.40 0.000 5.780 3.00 0.7071 0.0 0.0 -0.7071 0.000 -0.300 0.0 0 0 0
127.50 0.000 5.750 3.00 0.7071 0.0 0.0 -0.7071 0.000 -0.300 0.0 0 0 0
127.60 0.000 5.720 3.00 0.7071 0.0 0.0 -0.7071 0.000 -0.300 0.0 0 0 0
127.70 0.000 5.690 3.00 0.7071 0.0 0.0 -0.7071 0.000 -0.300 0.0 0 0 0
127.80 0.000 5.660 3.00 0.7071 0.0 0.0 -0.7071 0.000 -0.300 0.0 0 0 0
127.90 0.000 5.630 3.00 0.7071 0.0 0.0 -0.7071 0.000 -0.300 0.0 0 0 0
128.00 0.000 5.600 3.00 0.7071 0.0 0.0 -0.7071 0.000 -0.300 0.0 0 0 0
128.10 0.000 5.570 3.00 0.7071 0.0 0.0 -0.7071 0.000 -0.300 0.0 0 0 0
128.20 0.000 5.540 3.00 0.7071 0.0 0.0 -0.7071 0.000 -0.300 0.0 0 0 0
128.30 0.000 5.510 3.00 0.7071 0.0 0.0 -0.7071 0.000 -0.300 0.0 0 0 0
128.40 0.000 5.480 3.00 0.7071 0.0 0.0 -0.7071 0.000 -0.300 0.0 0 0 0
128.50 0.000 5.450 3.00 0.7071 0.0 0.0 -0.7071 0.000 -0.300 0.0 0 0 0
128.60 0.000 5.420 3.00 0.7071 0.0 0.0 -0.7071 0.000 -0.300 0.0 0 0 0
128.70 0.000 5.390 3.00 0.7071 0.0 0.0 -0.7071 0.000 -0.300 0.0 0 0 0
128.80 0.000 5.360 3.00 0.7071 0.0 0.0 -0.7071 0.000 -0.300 0.0 0 0 0
128.90 0.000 5.330 3.00 0.7071 0.0 0.0 -0.7071 0.000 -0.300 0.0 0 0 0
129.00 0.000 5.300 3.00 0.7071 0.0 0.0 -0.7071 0.000 -0.300 0.0 0 0 0
129.10 0.000 5.270 3.00 0.7071 0.0 0.0 -0.7071 0.000 -0.300 0.0 0 0 0
129.20 0.000 5.240 3.00 0.7071 0.0 0.0 -0.7071 0.000 -0.300 0.0 0 0 0
129.30 0.000 5.210 3.00 0.7071 0.0 0.0 -0.7071 0.000 -0.300 0.0 0 0 0
129.40 0.000 5.180 3.00 0.7071 0.0 0.0 -0.7071 0.000 -0.300 0.0 0 0 0
129.50 0.000 5.150 3.00 0.7071 0.0 0.0 -0.7071 0.000 -0.300 0.0 0 0 0
129.60 0.000 5.120 3.00 0.7071 0.0 0.0 -0.7071 0.000 -0.300 0.0 0 0 0
129.70 0.000 5.090 3.00 0.7071 0.0 0.0 -0.7071 0.000 -0.300 0.0 0 0 0
129.80 0.000 5.060 3.00 0.7071 0.0 0.0 -0.7071 0.000 -0.300 0.0 0 0 0
129.90 0.000 5.030 3.00 0.7071 0.0 0.0 -0.7071 0.000 -0.300 0.0 0 0 0
130.00 0.000 5.000 3.00 0.7071 0.0 0.0 -0.7071 0.000 -0.300 0.0 0 0 0
130.10 0.000 4.970 3.00 0.7071 0.0 0.0 -0.7071 0.000 -0.300 0.0 0 0 0
130.20 0.000 4.940 3.00 0.7071 0.0 0.0 -0.7071 0.000 -0.300 0.0 0 0 0
130.30 0.000 4.910 3.00 0.7071 0.0 0.0 -0.7071 0.000 -0.300 0.0 0 0 0
130.40 0.000 4.880 3.00 0.7071 0.0 0.0 -0.7071 0.000 -0.300 0.0 0 0 0
130.50 0.000 4.850 3.00 0.7071 0.0 0.0 -0.7071 0.000 -0.300 0.0 0 0 0
130.60 0.000 4.820 3.00 0.7071 0.0 0.0 -0.7071 0.000 -0.300 0.0 0 0 0
130.70 0.000 4.790 3.00 0.7071 0.0 0.0 -0.7071 0.000 -0.300 0.0 0 0 0
130.80 0.000 4.760 3.00 0.7071 0.0 0.0 -0.7071 0.000 -0.300 0.0 0 0 0
130.90 0.000 4.730 3.00 0.7071 0.0 0.0 -0.7071 0.000 -0.300 0.0 0 0 0
131.00 0.000 4.700 3.00 0.7071 0.0 0.0 -0.7071 0.000 -0.300 0.0 0 0 0
131.10 0.000 4.670 3.00 0.7071 0.0 0.0 -0.7071 0.000 -0.300 0.0 0 0 0
131.20 0.000 4.640 3.00 0.7071 0.0 0.0 -0.7071 0.000 -0.300 0.0 0 0 0
131.30 0.000 4.610 3.00 0.7071 0.0 0.0 -0.7071 0.000 -0.300 0.0 0 0 0
131.40 0.000 4.580 3.00 0.7071 0.0 0.0 -0.7071 0.000 -0.300 0.0 0 0 0
131.50 0.000 4.550 3.00 0.7071 0.0 0.0 -0.7071 0.000 -0.300 0.0 0 0 0
131.60 0.000 4.520 3.00 0.7071 0.0 0.0 -0.7071 0.000 -0.300 0.0 0 0 0
131.70 0.000 4.490 3.00 0.7071 0.0 0.0 -0.7071 0.000 -0.300 0.0 0 0 0
131.80 0.000 4.460 3.00 0.7071 0.0 0.0 -0.7071 0.000 -0.300 0.0 0 0 0
131.90 0.000 4.430 3.00 0.7071 0.0 0.0 -0.7071 0.000 -0.300 0.0 0 0 0
132.00 0.000 4.400 3.00 0.7071 0.0 0.0 -0.7071 0.000 -0.300 0.0 0 0 0
132.10 0.000 4.370 3.00 0.7071 0.0 0.0 -0.7071 0.000 -0.300 0.0 0 0 0
132.20 0.000 4.340 3.00 0.7071 0.0 0.0 -0.7071 0.000 -0.300 0.0 0 0 0
132.30 0.000 4.310 3.00 0.7071 0.0 0.0 -0.7071 0.000 -0.300 0.0 0 0 0
132.40 0.000 4.280 3.00 0.7071 0.0 0.0 -0.7071 0.000 -0.300 0.0 0 0 0
132.50 0.000 4.250 3.00 0.7071 0.0 0.0 -0.7071 0.000 -0.300 0.0 0 0 0
132.60 0.000 4.220 3.00 0.7071 0.0 0.0 -0.7071 0.000 -0.300 0.0 0 0 0
132.70 0.000 4.190 3.00 0.7071 0.0 0.0 -0.7071 0.000 -0.300 0.0 0 0 0
132.80 0.000 4.160 3.00 0.7071 0.0 0.0 -0.7071 0.000 -0.300 0.0 0 0 0
132.90 0.000 4.130 3.00 0.7071 0.0 0.0 -0.7071 0.000 -0.300 0.0 0 0 0
133.00 0.000 4.100 3.00 0.7071 0.0 0.0 -0.7071 0.000 -0.300 0.0 0 0 0
133.10 0.000 4.070 3.00 0.7071 0.0 0.0 -0.7071 0.000 -0.300 0.0 0 0 0
133.20 0.000 4.040 3.00 0.7071 0.0 0.0 -0.7071 0.000 -0.300 0.0 0 0 0
133.30 0.000 4.010 3.00 0.7071 0.0 0.0 -0.7071 0.000 -0.300 0.0 0 0 0
133.40 0.000 3.980 3.00 0.7071 0.0 0.0 -0.7071 0.000 -0.300 0.0 0 0 0
133.50 0.000 3.950 3.00 0.7071 0.0 0.0 -0.7071 0.000 -0.300 0.0 0 0 0
133.60 0.000 3.920 3.00 0.7071 0.0 0.0 -0.7071 0.000 -0.300 0.0 0 0 0
133.70 0.000 3.890 3.00 0.7071 0.0 0.0 -0.7071 0.000 -0.300 0.0 0 0 0
133.80 0.000 3.860 3.00 0.7071 0.0 0.0 -0.7071 0.000 -0.300 0.0 0 0 0
133.90 0.000 3.830 3.00 0.7071 0.0 0.0 -0.7071 0.000 -0.300 0.0 0 0 0
134.00 0.000 3.800 3.00 0.7071 0.0 0.0 -0.7071 0.000 -0.300 0.0 0 0 0
134.10 0.000 3.770 3.00 0.7071 0.0 0.0 -0.7071 0.000 -0.300 0.0 0 0 0
134.20 0.000 3.740 3.00 0.7071 0.0 0.0 -0.7071 0.000 -0.300 0.0 0 0 0
134.30 0.000 3.710 3.00 0.7071 0.0 0.0 -0.7071 0.000 -0.300 0.0 0 0 0
134.40 0.000 3.680 3.00 0.7071 0.0 0.0 -0.7071 0.000 -0.300 0.0 0 0 0
134.50 0.000 3.650 3.00 0.7071 0.0 0.0 -0.7071 0.000 -0.300 0.0 0 0 0
134.60 0.000 3.620 3.00 0.7071 0.0 0.0 -0.7071 0.000 -0.300 0.0 0 0 0
134.70 0.000 3.590 3.00 0.7071 0.0 0.0 -0.7071 0.000 -0.300 0.0 0 0 0
134.80 0.000 3.560 3.00 0.7071 0.0 0.0 -0.7071 0.000 -0.300 0.0 0 0 0
134.90 0.000 3.530 3.00 0.7071 0.0 0.0 -0.7071 0.000 -0.300 0.0 0 0 0
135.00 0.000 3.500 3.00 0.7071 0.0 0.0 -0.7071 0.000 -0.300 0.0 0 0 0
135.10 0.000 3.470 3.00 0.7071 0.0 0.0 -0.7071 0.000 -0.300 0.0 0 0 0
135.20 0.000 3.440 3.00 0.7071 0.0 0.0 -0.7071 0.000 -0.300 0.0 0 0 0
135.30 0.000 3.410 3.00 0.7071 0.0 0.0 -0.7071 0.000 -0.300 0.0 0 0 0
135.40 0.000 3.380 3.00 0.7071 0.0 0.0 -0.7071 0.000 -0.300 0.0 0 0 0
135.50 0.000 3.350 3.00 0.7071 0.0 0.0 -0.7071 0.000 -0.300 0.0 0 0 0
135.60 0.000 3.320 3.00 0.7071 0.0 0.0 -0.7071 0.000 -0.300 0.0 0 0 0
135.70 0.000 3.290 3.00 0.7071 0.0 0.0 -0.7071 0.000 -0.300 0.0 0 0 0
135.80 0.000 3.260 3.00 0.7071 0.0 0.0 -0.7071 0.000 -0.300 0.0 0 0 0
135.90 0.000 3.230 3.00 0.7071 0.0 0.0 -0.7071 0.000 -0.300 0.0 0 0 0
136.00 0.000 3.200 3.00 0.7071 0.0 0.0 -0.7071 0.000 -0.300 0.0 0 0 0
136.10 0.000 3.170 3.00 0.7071 0.0 0.0 -0.7071 0.000 -0.300 0.0 0 0 0
136.20 0.000 3.140 3.00 0.7071 0.0 0.0 -0.7071 0.000 -0.300 0.0 0 0 0
136.30 0.000 3.110 3.00 0.7071 0.0 0.0 -0.7071 0.000 -0.300 0.0 0 0 0
136.40 0.000 3.080 3.00 0.7071 0.0 0.0 -0.7071 0.000 -0.300 0.0 0 0 0
136.50 0.000 3.050 3.00 0.7071 0.0 0.0 -0.7071 0.000 -0.300 0.0 0 0 0
136.60 0.000 3.020 3.00 0.7071 0.0 0.0 -0.7071 0.000 -0.300 0.0 0 0 0
136.70 0.000 2.990 3.00 0.7071 0.0 0.0 -0.7071 0.000 -0.300 0.0 0 0 0
136.80 0.000 2.960 3.00 0.7071 0.0 0.0 -0.7071 0.000 -0.300 0.0 0 0 0
136.90 0.000 2.930 3.00 0.7071 0.0 0.0 -0.7071 0.000 -0.300 0.0 0 0 0
137.00 0.000 2.900 3.00 0.7071 0.0 0.0 -0.7071 0.000 -0.300 0.0 0 0 0
137.10 0.000 2.870 3.00 0.7071 0.0 0.0 -0.7071 0.000 -0.300 0.0 0 0 0
137.20 0.000 2.840 3.00 0.7071 0.0 0.0 -0.7071 0.000 -0.300 0.0 0 0 0
137.30 0.000 2.810 3.00 0.7071 0.0 0.0 -0.7071 0.000 -0.300 0.0 0 0 0
137.40 0.000 2.780 3.00 0.7071 0.0 0.0 -0.7071 0.000 -0.300 0.0 0 0 0
137.50 0.000 2.750 3.00 0.7071 0.0 0.0 -0.7071 0.000 -0.300 0.0 0 0 0
137.60 0.000 2.720 3.00 0.7071 0.0 0.0 -0.7071 0.000 -0.300 0.0 0 0 0
137.70 0.000 2.690 3.00 0.7071 0.0 0.0 -0.7071 0.000 -0.300 0.0 0 0 0
137.80 0.000 2.660 3.00 0.7071 0.0 0.0 -0.7071 0.000 -0.300 0.0 0 0 0
137.90 0.000 2.630 3.00 0.7071 0.0 0.0 -0.7071 0.000 -0.300 0.0 0 0 0
138.00 0.000 2.600 3.00 0.7071 0.0 0.0 -0.7071 0.000 -0.300 0.0 0 0 0
138.10 0.000 2.570 3.00 0.7071 0.0 0.0 -0.7071 0.000 -0.300 0.0 0 0 0
138.20 0.000 2.540 3.00 0.7071 0.0 0.0 -0.7071 0.000 -0.300 0.0 0 0 0
138.30 0.000 2.510 3.00 0.7071 0.0 0.0 -0.7071 0.000 -0.300 0.0 0 0 0
138.40 0.000 2.480 3.00 0.7071 0.0 0.0 -0.7071 0.000 -0.300 0.0 0 0 0
138.50 0.000 2.450 3.00 0.7071 0.0 0.0 -0.7071 0.000 -0.300 0.0 0 0 0
138.60 0.000 2.420 3.00 0.7071 0.0 0.0 -0.7071 0.000 -0.300 0.0 0 0 0
138.70 0.000 2.390 3.00 0.7071 0.0 0.0 -0.7071 0.000 -0.300 0.0 0 0 0
138.80 0.000 2.360 3.00 0.7071 0.0 0.0 -0.7071 0.000 -0.300 0.0 0 0 0
138.90 0.000 2.330 3.00 0.7071 0.0 0.0 -0.7071 0.000 -0.300 0.0 0 0 0
139.00 0.000 2.300 3.00 0.7071 0.0 0.0 -0.7071 0.000 -0.300 0.0 0 0 0
139.10 0.000 2.270 3.00 0.7071 0.0 0.0 -0.7071 0.000 -0.300 0.0 0 0 0
139.20 0.000 2.240 3.00 0.7071 0.0 0.0 -0.7071 0.000 -0.300 0.0 0 0 0
139.30 0.000 2.210 3.00 0.7071 0.0 0.0 -0.7071 0.000 -0.300 0.0 0 0 0
139.40 0.000 2.180 3.00 0.7071 0.0 0.0 -0.7071 0.000 -0.300 0.0 0 0 0
139.50 0.000 2.150 3.00 0.7071 0.0 0.0 -0.7071 0.000 -0.300 0.0 0 0 0
139.60 0.000 2.120 3.00 0.7071 0.0 0.0 -0.7071 0.000 -0.300 0.0 0 0 0
139.70 0.000 2.090 3.00 0.7071 0.0 0.0 -0.7071 0.000 -0.300 0.0 0 0 0
139.80 0.000 2.060 3.00 0.7071 0.0 0.0 -0.7071 0.000 -0.300 0.0 0 0 0
139.90 0.000 2.030 3.00 0.7071 0.0 0.0 -0.7071 0.000 -0.300 0.0 0 0 0
140.00 0.000 2.000 3.00 0.7071 0.0 0.0 -0.7071 0.000 -0.300 0.0 0 0 0
140.10 0.000 1.970 3.00 0.7071 0.0 0.0 -0.7071 0.000 -0.300 0.0 0 0 0
140.20 0.000 1.940 3.00 0.7071 0.0 0.0 -0.7071 0.000 -0.300 0.0 0 0 0
140.30 0.000 1.910 3.00 0.7071 0.0 0.0 -0.7071 0.000 -0.300 0.0 0 0 0
140.40 0.000 1.880 3.00 0.7071 0.0 0.0 -0.7071 0.000 -0.300 0.0 0 0 0
140.50 0.000 1.850 3.00 0.7071 0.0 0.0 -0.7071 0.000 -0.300 0.0 0 0 0
140.60 0.000 1.820 3.00 0.7071 0.0 0.0 -0.7071 0.000 -0.300 0.0 0 0 0
140.70 0.000 1.790 3.00 0.7071 0.0 0.0 -0.7071 0.000 -0.300 0.0 0 0 0
140.80 0.000 1.760 3.00 0.7071 0.0 0.0 -0.7071 0.000 -0.300 0.0 0 0 0
140.90 0.000 1.730 3.00 0.7071 0.0 0.0 -0.7071 0.000 -0.300 0.0 0 0 0
141.00 0.000 1.700 3.00 0.7071 0.0 0.0 -0.7071 0.000 -0.300 0.0 0 0 0
141.10 0.000 1.670 3.00 0.7071 0.0 0.0 -0.7071 0.000 -0.300 0.0 0 0 0
141.20 0.000 1.640 3.00 0.7071 0.0 0.0 -0.7071 0.000 -0.300 0.0 0 0 0
141.30 0.000 1.610 3.00 0.7071 0.0 0.0 -0.7071 0.000 -0.300 0.0 0 0 0
141.40 0.000 1.580 3.00 0.7071 0.0 0.0 -0.7071 0.000 -0.300 0.0 0 0 0
141.50 0.000 1.550 3.00 0.7071 0.0 0.0 -0.7071 0.000 -0.300 0.0 0 0 0
141.60 0.000 1.520 3.00 0.7071 0.0 0.0 -0.7071 0.000 -0.300 0.0 0 0 0
141.70 0.000 1.490 3.00 0.7071 0.0 0.0 -0.7071 0.000 -0.300 0.0 0 0 0
141.80 0.000 1.460 3.00 0.7071 0.0 0.0 -0.7071 0.000 -0.300 0.0 0 0 0
141.90 0.000 1.430 3.00 0.7071 0.0 0.0 -0.7071 0.000 -0.300 0.0 0 0 0
142.00 0.000 1.400 3.00 0.7071 0.0 0.0 -0.7071 0.000 -0.300 0.0 0 0 0
142.10 0.000 1.370 3.00 0.7071 0.0 0.0 -0.7071 0.000 -0.300 0.0 0 0 0
142.20 0.000 1.340 3.00 0.7071 0.0 0.0 -0.7071 0.000 -0.300 0.0 0 0 0
142.30 0.000 1.310 3.00 0.7071 0.0 0.0 -0.7071 0.000 -0.300 0.0 0 0 0
142.40 0.000 1.280 3.00 0.7071 0.0 0.0 -0.7071 0.000 -0.300 0.0 0 0 0
142.50 0.000 1.250 3.00 0.7071 0.0 0.0 -0.7071 0.000 -0.300 0.0 0 0 0
142.60 0.000 1.220 3.00 0.7071 0.0 0.0 -0.7071 0.000 -0.300 0.0 0 0 0
142.70 0.000 1.190 3.00 0.7071 0.0 0.0 -0.7071 0.000 -0.300 0.0 0 0 0
142.80 0.000 1.160 3.00 0.7071 0.0 0.0 -0.7071 0.000 -0.300 0.0 0 0 0
142.90 0.000 1.130 3.00 0.7071 0.0 0.0 -0.7071 0.000 -0.300 0.0 0 0 0
143.00 0.000 1.100 3.00 0.7071 0.0 0.0 -0.7071 0.000 -0.300 0.0 0 0 0
143.10 0.000 1.070 3.00 0.7071 0.0 0.0 -0.7071 0.000 -0.300 0.0 0 0 0
143.20 0.000 1.040 3.00 0.7071 0.0 0.0 -0.7071 0.000 -0.300 0.0 0 0 0
143.30 0.000 1.010 3.00 0.7071 0.0 0.0 -0.7071 0.000 -0.300 0.0 0 0 0
143.40 0.000 0.980 3.00 0.7071 0.0 0.0 -0.7071 0.000 -0.300 0.0 0 0 0
143.50 0.000 0.950 3.00 0.7071 0.0 0.0 -0.7071 0.000 -0.300 0.0 0 0 0
143.60 0.000 0.920 3.00 0.7071 0.0 0.0 -0.7071 0.000 -0.300 0.0 0 0 0
143.70 0.000 0.890 3.00 0.7071 0.0 0.0 -0.7071 0.000 -0.300 0.0 0 0 0
143.80 0.000 0.860 3.00 0.7071 0.0 0.0 -0.7071 0.000 -0.300 0.0 0 0 0
143.90 0.000 0.830 3.00 0.7071 0.0 0.0 -0.7071 0.000 -0.300 0.0 0 0 0
144.00 0.000 0.800 3.00 0.7071 0.0 0.0 -0.7071 0.000 -0.300 0.0 0 0 0
144.10 0.000 0.770 3.00 0.7071 0.0 0.0 -0.7071 0.000 -0.300 0.0 0 0 0
144.20 0.000 0.740 3.00 0.7071 0.0 0.0 -0.7071 0.000 -0.300 0.0 0 0 0
144.30 0.000 0.710 3.00 0.7071 0.0 0.0 -0.7071 0.000 -0.300 0.0 0 0 0
144.40 0.000 0.680 3.00 0.7071 0.0 0.0 -0.7071 0.000 -0.300 0.0 0 0 0
144.50 0.000 0.650 3.00 0.7071 0.0 0.0 -0.7071 0.000 -0.300 0.0 0 0 0
144.60 0.000 0.620 3.00 0.7071 0.0 0.0 -0.7071 0.000 -0.300 0.0 0 0 0
144.70 0.000 0.590 3.00 0.7071 0.0 0.0 -0.7071 0.000 -0.300 0.0 0 0 0
144.80 0.000 0.560 3.00 0.7071 0.0 0.0 -0.7071 0.000 -0.300 0.0 0 0 0
144.90 0.000 0.530 3.00 0.7071 0.0 0.0 -0.7071 0.000 -0.300 0.0 0 0 0
145.00 0.000 0.500 3.00 0.7071 0.0 0.0 -0.7071 0.000 -0.300 0.0 0 0 0
145.10 0.000 0.470 3.00 0.7071 0.0 0.0 -0.7071 0.000 -0.300 0.0 0 0 0
145.20 0.000 0.440 3.00 0.7071 0.0 0.0 -0.7071 0.000 -0.300 0.0 0 0 0
145.30 0.000 0.410 3.00 0.7071 0.0 0.0 -0.7071 0.000 -0.300 0.0 0 0 0
145.40 0.000 0.380 3.00 0.7071 0.0 0.0 -0.7071 0.000 -0.300 0.0 0 0 0
145.50 0.000 0.350 3.00 0.7071 0.0 0.0 -0.7071 0.000 -0.300 0.0 0 0 0
145.60 0.000 0.320 3.00 0.7071 0.0 0.0 -0.7071 0.000 -0.300 0.0 0 0 0
145.70 0.000 0.290 3.00 0.7071 0.0 0.0 -0.7071 0.000 -0.300 0.0 0 0 0
145.80 0.000 0.260 3.00 0.7071 0.0 0.0 -0.7071 0.000 -0.300 0.0 0 0 0
145.90 0.000 0.230 3.00 0.7071 0.0 0.0 -0.7071 0.000 -0.300 0.0 0 0 0
146.00 0.000 0.200 3.00 0.7071 0.0 0.0 -0.7071 0.000 -0.300 0.0 0 0 0
146.10 0.000 0.170 3.00 0.7071 0.0 0.0 -0.7071 0.000 -0.300 0.0 0 0 0
146.20 0.000 0.140 3.00 0.7071 0.0 0.0 -0.7071 0.000 -0.300 0.0 0 0 0
146.30 0.000 0.110 3.00 0.7071 0.0 0.0 -0.7071 0.000 -0.300 0.0 0 0 0
146.40 0.000 0.080 3.00 0.7071 0.0 0.0 -0.7071 0.000 -0.300 0.0 0 0 0
146.50 0.000 0.050 3.00 0.7071 0.0 0.0 -0.7071 0.000 -0.300 0.0 0 0 0
146.60 0.000 0.020 3.00 0.7071 0.0 0.0 -0.7071 0.000 -0.300 0.0 0 0 0
146.70 0.000 -0.010 3.00 0.7071 0.0 0.0 -0.7071 0.000 -0.300 0.0 0 0 0
146.80 0.000 -0.040 3.00 0.7071 0.0 0.0 -0.7071 0.000 -0.300 0.0 0 0 0
146.90 0.000 -0.070 3.00 0.7071 0.0 0.0 -0.7071 0.000 -0.300 0.0 0 0 0
147.00 0.000 -0.100 3.00 0.7071 0.0 0.0 -0.7071 0.000 -0.300 0.0 0 0 0
147.10 0.000 -0.130 3.00 0.7071 0.0 0.0 -0.7071 0.000 -0.300 0.0 0 0 0
147.20 0.000 -0.160 3.00 0.7071 0.0 0.0 -0.7071 0.000 -0.300 0.0 0 0 0
147.30 0.000 -0.190 3.00 0.7071 0.0 0.0 -0.7071 0.000 -0.300 0.0 0 0 0
147.40 0.000 -0.220 3.00 0.7071 0.0 0.0 -0.7071 0.000 -0.300 0.0 0 0 0
147.50 0.000 -0.250 3.00 0.7071 0.0 0.0 -0.7071 0.000 -0.300 0.0 0 0 0
147.60 0.000 -0.280 3.00 0.7071 0.0 0.0 -0.7071 0.000 -0.300 0.0 0 0 0
147.70 0.000 -0.310 3.00 0.7071 0.0 0.0 -0.7071 0.000 -0.300 0.0 0 0 0
147.80 0.000 -0.340 3.00 0.7071 0.0 0.0 -0.7071 0.000 -0.300 0.0 0 0 0
147.90 0.000 -0.370 3.00 0.7071 0.0 0.0 -0.7071 0.000 -0.300 0.0 0 0 0
148.00 0.000 -0.400 3.00 0.7071 0.0 0.0 -0.7071 0.000 -0.300 0.0 0 0 0
148.10 0.000 -0.430 3.00 0.7071 0.0 0.0 -0.7071 0.000 -0.300 0.0 0 0 0
148.20 0.000 -0.460 3.00 0.7071 0.0 0.0 -0.7071 0.000 -0.300 0.0 0 0 0
148.30 0.000 -0.490 3.00 0.7071 0.0 0.0 -0.7071 0.000 -0.300 0.0 0 0 0
148.40 0.000 -0.520 3.00 0.7071 0.0 0.0 -0.7071 0.000 -0.300 0.0 0 0 0
148.50 0.000 -0.550 3.00 0.7071 0.0 0.0 -0.7071 0.000 -0.300 0.0 0 0 0
148.60 0.000 -0.580 3.00 0.7071 0.0 0.0 -0.7071 0.000 -0.300 0.0 0 0 0
148.70 0.000 -0.610 3.00 0.7071 0.0 0.0 -0.7071 0.000 -0.300 0.0 0 0 0
148.80 0.000 -0.640 3.00 0.7071 0.0 0.0 -0.7071 0.000 -0.300 0.0 0 0 0
148.90 0.000 -0.670 3.00 0.7071 0.0 0.0 -0.7071 0.000 -0.300 0.0 0 0 0
149.00 0.000 -0.700 3.00 0.7071 0.0 0.0 -0.7071 0.000 -0.300 0.0 0 0 0
149.10 0.000 -0.730 3.00 0.7071 0.0 0.0 -0.7071 0.000 -0.300 0.0 0 0 0
149.20 0.000 -0.760 3.00 0.7071 0.0 0.0 -0.7071 0.000 -0.300 0.0 0 0 0
149.30 0.000 -0.790 3.00 0.7071 0.0 0.0 -0.7071 0.000 -0.300 0.0 0 0 0
149.40 0.000 -0.820 3.00 0.7071 0.0 0.0 -0.7071 0.000 -0.300 0.0 0 0 0
149.50 0.000 -0.850 3.00 0.7071 0.0 0.0 -0.7071 0.000 -0.300 0.0 0 0 0
149.60 0.000 -0.880 3.00 0.7071 0.0 0.0 -0.7071 0.000 -0.300 0.0 0 0 0
149.70 0.000 -0.910 3.00 0.7071 0.0 0.0 -0.7071 0.000 -0.300 0.0 0 0 0
149.80 0.000 -0.940 3.00 0.7071 0.0 0.0 -0.7071 0.000 -0.300 0.0 0 0 0
149.90 0.000 -0.970 3.00 0.7071 0.0 0.0 -0.7071 0.000 -0.300 0.0 0 0 0
150.00 0.000 -1.000 3.00 0.7071 0.0 0.0 -0.7071 0.000 -0.300 0.0 0 0 0
150.10 0.000 -1.030 3.00 0.7071 0.0 0.0 -0.7071 0.000 -0.300 0.0 0 0 0
150.20 0.000 -1.060 3.00 0.7071 0.0 0.0 -0.7071 0.000 -0.300 0.0 0 0 0
150.30 0.000 -1.090 3.00 0.7071 0.0 0.0 -0.7071 0.000 -0.300 0.0 0 0 0
150.40 0.000 -1.120 3.00 0.7071 0.0 0.0 -0.7071 0.000 -0.300 0.0 0 0 0
150.50 0.000 -1.150 3.00 0.7071 0.0 0.0 -0.7071 0.000 -0.300 0.0 0 0 0
150.60 0.000 -1.180 3.00 0.7071 0.0 0.0 -0.7071 0.000 -0.300 0.0 0 0 0
150.70 0.000 -1.210 3.00 0.7071 0.0 0.0 -0.7071 0.000 -0.300 0.0 0 0 0
150.80 0.000 -1.240 3.00 0.7071 0.0 0.0 -0.7071 0.000 -0.300 0.0 0 0 0
150.90 0.000 -1.270 3.00 0.7071 0.0 0.0 -0.7071 0.000 -0.300 0.0 0 0 0
151.00 0.000 -1.300 3.00 0.7071 0.0 0.0 -0.7071 0.000 -0.300 0.0 0 0 0
151.10 0.000 -1.330 3.00 0.7071 0.0 0.0 -0.7071 0.000 -0.300 0.0 0 0 0
151.20 0.000 -1.360 3.00 0.7071 0.0 0.0 -0.7071 0.000 -0.300 0.0 0 0 0
151.30 0.000 -1.390 3.00 0.7071 0.0 0.0 -0.7071 0.000 -0.300 0.0 0 0 0
151.40 0.000 -1.420 3.00 0.7071 0.0 0.0 -0.7071 0.000 -0.300 0.0 0 0 0
151.50 0.000 -1.450 3.00 0.7071 0.0 0.0 -0.7071 0.000 -0.300 0.0 0 0 0
151.60 0.000 -1.480 3.00 0.7071 0.0 0.0 -0.7071 0.000 -0.300 0.0 0 0 0
151.70 0.000 -1.510 3.00 0.7071 0.0 0.0 -0.7071 0.000 -0.300 0.0 0 0 0
151.80 0.000 -1.540 3.00 0.7071 0.0 0.0 -0.7071 0.000 -0.300 0.0 0 0 0
151.90 0.000 -1.570 3.00 0.7071 0.0 0.0 -0.7071 0.000 -0.300 0.0 0 0 0
152.00 0.000 -1.600 3.00 0.7071 0.0 0.0 -0.7071 0.000 -0.300 0.0 0 0 0
152.10 0.000 -1.630 3.00 0.7071 0.0 0.0 -0.7071 0.000 -0.300 0.0 0 0 0
152.20 0.000 -1.660 3.00 0.7071 0.0 0.0 -0.7071 0.000 -0.300 0.0 0 0 0
152.30 0.000 -1.690 3.00 0.7071 0.0 0.0 -0.7071 0.000 -0.300 0.0 0 0 0
152.40 0.000 -1.720 3.00 0.7071 0.0 0.0 -0.7071 0.000 -0.300 0.0 0 0 0
152.50 0.000 -1.750 3.00 0.7071 0.0 0.0 -0.7071 0.000 -0.300 0.0 0 0 0
152.60 0.000 -1.780 3.00 0.7071 0.0 0.0 -0.7071 0.000 -0.300 0.0 0 0 0
152.70 0.000 -1.810 3.00 0.7071 0.0 0.0 -0.7071 0.000 -0.300 0.0 0 0 0
152.80 0.000 -1.840 3.00 0.7071 0.0 0.0 -0.7071 0.000 -0.300 0.0 0 0 0
152.90 0.000 -1.870 3.00 0.7071 0.0 0.0 -0.7071 0.000 -0.300 0.0 0 0 0
153.00 0.000 -1.900 3.00 0.7071 0.0 0.0 -0.7071 0.000 -0.300 0.0 0 0 0
153.10 0.000 -1.930 3.00 0.7071 0.0 0.0 -0.7071 0.000 -0.300 0.0 0 0 0
153.20 0.000 -1.960 3.00 0.7071 0.0 0.0 -0.7071 0.000 -0.300 0.0 0 0 0
153.30 0.000 -1.990 3.00 0.7071 0.0 0.0 -0.7071 0.000 -0.300 0.0 0 0 0
153.40 0.000 -2.020 3.00 0.7071 0.0 0.0 -0.7071 0.000 -0.300 0.0 0 0 0
153.50 0.000 -2.050 3.00 0.7071 0.0 0.0 -0.7071 0.000 -0.300 0.0 0 0 0
153.60 0.000 -2.080 3.00 0.7071 0.0 0.0 -0.7071 0.000 -0.300 0.0 0 0 0
153.70 0.000 -2.110 3.00 0.7071 0.0 0.0 -0.7071 0.000 -0.300 0.0 0 0 0
153.80 0.000 -2.140 3.00 0.7071 0.0 0.0 -0.7071 0.000 -0.300 0.0 0 0 0
153.90 0.000 -2.170 3.00 0.7071 0.0 0.0 -0.7071 0.000 -0.300 0.0 0 0 0
154.00 0.000 -2.200 3.00 0.7071 0.0 0.0 -0.7071 0.000 -0.300 0.0 0 0 0
154.10 0.000 -2.230 3.00 0.7071 0.0 0.0 -0.7071 0.000 -0.300 0.0 0 0 0
154.20 0.000 -2.260 3.00 0.7071 0.0 0.0 -0.7071 0.000 -0.300 0.0 0 0 0
154.30 0.000 -2.290 3.00 0.7071 0.0 0.0 -0.7071 0.000 -0.300 0.0 0 0 0
154.40 0.000 -2.320 3.00 0.7071 0.0 0.0 -0.7071 0.000 -0.300 0.0 0 0 0
154.50 0.000 -2.350 3.00 0.7071 0.0 0.0 -0.7071 0.000 -0.300 0.0 0 0 0
154.60 0.000 -2.380 3.00 0.7071 0.0 0.0 -0.7071 0.000 -0.300 0.0 0 0 0
154.70 0.000 -2.410 3.00 0.7071 0.0 0.0 -0.7071 0.000 -0.300 0.0 0 0 0
154.80 0.000 -2.440 3.00 0.7071 0.0 0.0 -0.7071 0.000 -0.300 0.0 0 0 0
154.90 0.000 -2.470 3.00 0.7071 0.0 0.0 -0.7071 0.000 -0.300 0.0 0 0 0
155.00 0.000 -2.500 3.00 0.7071 0.0 0.0 -0.7071 0.000 -0.300 0.0 0 0 0
155.10 0.000 -2.530 3.00 0.7071 0.0 0.0 -0.7071 0.000 -0.300 0.0 0 0 0
155.20 0.000 -2.560 3.00 0.7071 0.0 0.0 -0.7071 0.000 -0.300 0.0 0 0 0
155.30 0.000 -2.590 3.00 0.7071 0.0 0.0 -0.7071 0.000 -0.300 0.0 0 0 0
155.40 0.000 -2.620 3.00 0.7071 0.0 0.0 -0.7071 0.000 -0.300 0.0 0 0 0
155.50 0.000 -2.650 3.00 0.7071 0.0 0.0 -0.7071 0.000 -0.300 0.0 0 0 0
155.60 0.000 -2.680 3.00 0.7071 0.0 0.0 -0.7071 0.000 -0.300 0.0 0 0 0
155.70 0.000 -2.710 3.00 0.7071 0.0 0.0 -0.7071 0.000 -0.300 0.0 0 0 0
155.80 0.000 -2.740 3.00 0.7071 0.0 0.0 -0.7071 0.000 -0.300 0.0 0 0 0
155.90 0.000 -2.770 3.00 0.7071 0.0 0.0 -0.7071 0.000 -0.300 0.0 0 0 0
156.00 0.000 -2.800 3.00 0.7071 0.0 0.0 -0.7071 0.000 -0.300 0.0 0 0 0
156.10 0.000 -2.830 3.00 0.7071 0.0 0.0 -0.7071 0.000 -0.300 0.0 0 0 0
156.20 0.000 -2.860 3.00 0.7071 0.0 0.0 -0.7071 0.000 -0.300 0.0 0 0 0
156.30 0.000 -2.890 3.00 0.7071 0.0 0.0 -0.7071 0.000 -0.300 0.0 0 0 0
156.40 0.000 -2.920 3.00 0.7071 0.0 0.0 -0.7071 0.000 -0.300 0.0 0 0 0
156.50 0.000 -2.950 3.00 0.7071 0.0 0.0 -0.7071 0.000 -0.300 0.0 0 0 0
156.60 0.000 -2.980 3.00 0.7071 0.0 0.0 -0.7071 0.000 -0.300 0.0 0 0 0
156.70 0.000 -3.010 3.00 0.7071 0.0 0.0 -0.7071 0.000 -0.300 0.0 0 0 0
156.80 0.000 -3.040 3.00 0.7071 0.0 0.0 -0.7071 0.000 -0.300 0.0 0 0 0
156.90 0.000 -3.070 3.00 0.7071 0.0 0.0 -0.7071 0.000 -0.300 0.0 0 0 0
157.00 0.000 -3.100 3.00 0.7071 0.0 0.0 -0.7071 0.000 -0.300 0.0 0 0 0
157.10 0.000 -3.130 3.00 0.7071 0.0 0.0 -0.7071 0.000 -0.300 0.0 0 0 0
157.20 0.000 -3.160 3.00 0.7071 0.0 0.0 -0.7071 0.000 -0.300 0.0 0 0 0
157.30 0.000 -3.190 3.00 0.7071 0.0 0.0 -0.7071 0.000 -0.300 0.0 0 0 0
157.40 0.000 -3.220 3.00 0.7071 0.0 0.0 -0.7071 0.000 -0.300 0.0 0 0 0
157.50 0.000 -3.250 3.00 0.7071 0.0 0.0 -0.7071 0.000 -0.300 0.0 0 0 0
157.60 0.000 -3.280 3.00 0.7071 0.0 0.0 -0.7071 0.000 -0.300 0.0 0 0 0
157.70 0.000 -3.310 3.00 0.7071 0.0 0.0 -0.7071 0.000 -0.300 0.0 0 0 0
157.80 0.000 -3.340 3.00 0.7071 0.0 0.0 -0.7071 0.000 -0.300 0.0 0 0 0
157.90 0.000 -3.370 3.00 0.7071 0.0 0.0 -0.7071 0.000 -0.300 0.0 0 0 0
158.00 0.000 -3.400 3.00 0.7071 0.0 0.0 -0.7071 0.000 -0.300 0.0 0 0 0
158.10 0.000 -3.430 3.00 0.7071 0.0 0.0 -0.7071 0.000 -0.300 0.0 0 0 0
158.20 0.000 -3.460 3.00 0.7071 0.0 0.0 -0.7071 0.000 -0.300 0.0 0 0 0
158.30 0.000 -3.490 3.00 0.7071 0.0 0.0 -0.7071 0.000 -0.300 0.0 0 0 0
158.40 0.000 -3.520 3.00 0.7071 0.0 0.0 -0.7071 0.000 -0.300 0.0 0 0 0
158.50 0.000 -3.550 3.00 0.7071 0.0 0.0 -0.7071 0.000 -0.300 0.0 0 0 0
158.60 0.000 -3.580 3.00 0.7071 0.0 0.0 -0.7071 0.000 -0.300 0.0 0 0 0
158.70 0.000 -3.610 3.00 0.7071 0.0 0.0 -0.7071 0.000 -0.300 0.0 0 0 0
158.80 0.000 -3.640 3.00 0.7071 0.0 0.0 -0.7071 0.000 -0.300 0.0 0 0 0
158.90 0.000 -3.670 3.00 0.7071 0.0 0.0 -0.7071 0.000 -0.300 0.0 0 0 0
159.00 0.000 -3.700 3.00 0.7071 0.0 0.0 -0.7071 0.000 -0.300 0.0 0 0 0
159.10 0.000 -3.730 3.00 0.7071 0.0 0.0 -0.7071 0.000 -0.300 0.0 0 0 0
159.20 0.000 -3.760 3.00 0.7071 0.0 0.0 -0.7071 0.000 -0.300 0.0 0 0 0
159.30 0.000 -3.790 3.00 0.7071 0.0 0.0 -0.7071 0.000 -0.300 0.0 0 0 0
159.40 0.000 -3.820 3.00 0.7071 0.0 0.0 -0.7071 0.000 -0.300 0.0 0 0 0
159.50 0.000 -3.850 3.00 0.7071 0.0 0.0 -0.7071 0.000 -0.300 0.0 0 0 0
159.60 0.000 -3.880 3.00 0.7071 0.0 0.0 -0.7071 0.000 -0.300 0.0 0 0 0
159.70 0.000 -3.910 3.00 0.7071 0.0 0.0 -0.7071 0.000 -0.300 0.0 0 0 0
159.80 0.000 -3.940 3.00 0.7071 0.0 0.0 -0.7071 0.000 -0.300 0.0 0 0 0
159.90 0.000 -3.970 3.00 0.7071 0.0 0.0 -0.7071 0.000 -0.300 0.0 0 0 0
