0.00 0.030 1.000 3.00 1.0000 0.0 0.0 0.0000 0.300 0.000 0 0 0 0
0.10 0.060 1.000 3.00 1.0000 0.0 0.0 0.0000 0.300 0.000 0 0 0 0
0.20 0.090 1.000 3.00 1.0000 0.0 0.0 0.0000 0.300 0.000 0 0 0 0
0.30 0.120 1.000 3.00 1.0000 0.0 0.0 0.0000 0.300 0.000 0 0 0 0
0.40 0.150 1.000 3.00 1.0000 0.0 0.0 0.0000 0.300 0.000 0 0 0 0
0.50 0.180 1.000 3.00 1.0000 0.0 0.0 0.0000 0.300 0.000 0 0 0 0
0.60 0.210 1.000 3.00 1.0000 0.0 0.0 0.0000 0.300 0.000 0 0 0 0
0.70 0.240 1.000 3.00 1.0000 0.0 0.0 0.0000 0.300 0.000 0 0 0 0
0.80 0.270 1.000 3.00 1.0000 0.0 0.0 0.0000 0.300 0.000 0 0 0 0
0.90 0.300 1.000 3.00 1.0000 0.0 0.0 0.0000 0.300 0.000 0 0 0 0
1.00 0.330 1.000 3.00 1.0000 0.0 0.0 0.0000 0.300 0.000 0 0 0 0
1.10 0.360 1.000 3.00 1.0000 0.0 0.0 0.0000 0.300 0.000 0 0 0 0
1.20 0.390 1.000 3.00 1.0000 0.0 0.0 0.0000 0.300 0.000 0 0 0 0
1.30 0.420 1.000 3.00 1.0000 0.0 0.0 0.0000 0.300 0.000 0 0 0 0
1.40 0.450 1.000 3.00 1.0000 0.0 0.0 0.0000 0.300 0.000 0 0 0 0
1.50 0.480 1.000 3.00 1.0000 0.0 0.0 0.0000 0.300 0.000 0 0 0 0
1.60 0.510 1.000 3.00 1.0000 0.0 0.0 0.0000 0.300 0.000 0 0 0 0
1.70 0.540 1.000 3.00 1.0000 0.0 0.0 0.0000 0.300 0.000 0 0 0 0
1.80 0.570 1.000 3.00 1.0000 0.0 0.0 0.0000 0.300 0.000 0 0 0 0
1.90 0.600 1.000 3.00 1.0000 0.0 0.0 0.0000 0.300 0.000 0 0 0 0
2.00 0.630 1.000 3.00 1.0000 0.0 0.0 0.0000 0.300 0.000 0 0 0 0
2.10 0.660 1.000 3.00 1.0000 0.0 0.0 0.0000 0.300 0.000 0 0 0 0
2.20 0.690 1.000 3.00 1.0000 0.0 0.0 0.0000 0.300 0.000 0 0 0 0
2.30 0.720 1.000 3.00 1.0000 0.0 0.0 0.0000 0.300 0.000 0 0 0 0
2.40 0.750 1.000 3.00 1.0000 0.0 0.0 0.0000 0.300 0.000 0 0 0 0
2.50 0.780 1.000 3.00 1.0000 0.0 0.0 0.0000 0.300 0.000 0 0 0 0
2.60 0.810 1.000 3.00 1.0000 0.0 0.0 0.0000 0.300 0.000 0 0 0 0
2.70 0.840 1.000 3.00 1.0000 0.0 0.0 0.0000 0.300 0.000 0 0 0 0
2.80 0.870 1.000 3.00 1.0000 0.0 0.0 0.0000 0.300 0.000 0 0 0 0
2.90 0.900 1.000 3.00 1.0000 0.0 0.0 0.0000 0.300 0.000 0 0 0 0
3.00 0.930 1.000 3.00 1.0000 0.0 0.0 0.0000 0.300 0.000 0 0 0 0
3.10 0.960 1.000 3.00 1.0000 0.0 0.0 0.0000 0.300 0.000 0 0 0 0
3.20 0.990 1.000 3.00 1.0000 0.0 0.0 0.0000 0.300 0.000 0 0 0 0
3.30 1.020 1.000 3.00 1.0000 0.0 0.0 0.0000 0.300 0.000 0 0 0 0
3.40 1.050 1.000 3.00 1.0000 0.0 0.0 0.0000 0.300 0.000 0 0 0 0
3.50 1.080 1.000 3.00 1.0000 0.0 0.0 0.0000 0.300 0.000 0 0 0 0
3.60 1.110 1.000 3.00 1.0000 0.0 0.0 0.0000 0.300 0.000 0 0 0 0
3.70 1.140 1.000 3.00 1.0000 0.0 0.0 0.0000 0.300 0.000 0 0 0 0
3.80 1.170 1.000 3.00 1.0000 0.0 0.0 0.0000 0.300 0.000 0 0 0 0
3.90 1.200 1.000 3.00 1.0000 0.0 0.0 0.0000 0.300 0.000 0 0 0 0
4.00 1.230 1.000 3.00 1.0000 0.0 0.0 0.0000 0.300 0.000 0 0 0 0
4.10 1.260 1.000 3.00 1.0000 0.0 0.0 0.0000 0.300 0.000 0 0 0 0
4.20 1.290 1.000 3.00 1.0000 0.0 0.0 0.0000 0.300 0.000 0 0 0 0
4.30 1.320 1.000 3.00 1.0000 0.0 0.0 0.0000 0.300 0.000 0 0 0 0
4.40 1.350 1.000 3.00 1.0000 0.0 0.0 0.0000 0.300 0.000 0 0 0 0
4.50 1.380 1.000 3.00 1.0000 0.0 0.0 0.0000 0.300 0.000 0 0 0 0
4.60 1.410 1.000 3.00 1.0000 0.0 0.0 0.0000 0.300 0.000 0 0 0 0
4.70 1.440 1.000 3.00 1.0000 0.0 0.0 0.0000 0.300 0.000 0 0 0 0
4.80 1.470 1.000 3.00 1.0000 0.0 0.0 0.0000 0.300 0.000 0 0 0 0
4.90 1.500 1.000 3.00 1.0000 0.0 0.0 0.0000 0.300 0.000 0 0 0 0
5.00 1.530 1.000 3.00 1.0000 0.0 0.0 0.0000 0.300 0.000 0 0 0 0
5.10 1.560 1.000 3.00 1.0000 0.0 0.0 0.0000 0.300 0.000 0 0 0 0
5.20 1.590 1.000 3.00 1.0000 0.0 0.0 0.0000 0.300 0.000 0 0 0 0
5.30 1.620 1.000 3.00 1.0000 0.0 0.0 0.0000 0.300 0.000 0 0 0 0
5.40 1.650 1.000 3.00 1.0000 0.0 0.0 0.0000 0.300 0.000 0 0 0 0
5.50 1.680 1.000 3.00 1.0000 0.0 0.0 0.0000 0.300 0.000 0 0 0 0
5.60 1.710 1.000 3.00 1.0000 0.0 0.0 0.0000 0.300 0.000 0 0 0 0
5.70 1.740 1.000 3.00 1.0000 0.0 0.0 0.0000 0.300 0.000 0 0 0 0
5.80 1.770 1.000 3.00 1.0000 0.0 0.0 0.0000 0.300 0.000 0 0 0 0
5.90 1.800 1.000 3.00 1.0000 0.0 0.0 0.0000 0.300 0.000 0 0 0 0
6.00 1.830 1.000 3.00 1.0000 0.0 0.0 0.0000 0.300 0.000 0 0 0 0
6.10 1.860 1.000 3.00 1.0000 0.0 0.0 0.0000 0.300 0.000 0 0 0 0
6.20 1.890 1.000 3.00 1.0000 0.0 0.0 0.0000 0.300 0.000 0 0 0 0
6.30 1.920 1.000 3.00 1.0000 0.0 0.0 0.0000 0.300 0.000 0 0 0 0
6.40 1.950 1.000 3.00 1.0000 0.0 0.0 0.0000 0.300 0.000 0 0 0 0
6.50 1.980 1.000 3.00 1.0000 0.0 0.0 0.0000 0.300 0.000 0 0 0 0
6.60 2.010 1.000 3.00 1.0000 0.0 0.0 0.0000 0.300 0.000 0 0 0 0
6.70 2.040 1.000 3.00 1.0000 0.0 0.0 0.0000 0.300 0.000 0 0 0 0
6.80 2.070 1.000 3.00 1.0000 0.0 0.0 0.0000 0.300 0.000 0 0 0 0
6.90 2.100 1.000 3.00 1.0000 0.0 0.0 0.0000 0.300 0.000 0 0 0 0
7.00 2.130 1.000 3.00 1.0000 0.0 0.0 0.0000 0.300 0.000 0 0 0 0
7.10 2.160 1.000 3.00 1.0000 0.0 0.0 0.0000 0.300 0.000 0 0 0 0
7.20 2.190 1.000 3.00 1.0000 0.0 0.0 0.0000 0.300 0.000 0 0 0 0
7.30 2.220 1.000 3.00 1.0000 0.0 0.0 0.0000 0.300 0.000 0 0 0 0
7.40 2.250 1.000 3.00 1.0000 0.0 0.0 0.0000 0.300 0.000 0 0 0 0
7.50 2.280 1.000 3.00 1.0000 0.0 0.0 0.0000 0.300 0.000 0 0 0 0
7.60 2.310 1.000 3.00 1.0000 0.0 0.0 0.0000 0.300 0.000 0 0 0 0
7.70 2.340 1.000 3.00 1.0000 0.0 0.0 0.0000 0.300 0.000 0 0 0 0
7.80 2.370 1.000 3.00 1.0000 0.0 0.0 0.0000 0.300 0.000 0 0 0 0
7.90 2.400 1.000 3.00 1.0000 0.0 0.0 0.0000 0.300 0.000 0 0 0 0
8.00 2.430 1.000 3.00 1.0000 0.0 0.0 0.0000 0.300 0.000 0 0 0 0
8.10 2.460 1.000 3.00 1.0000 0.0 0.0 0.0000 0.300 0.000 0 0 0 0
8.20 2.490 1.000 3.00 1.0000 0.0 0.0 0.0000 0.300 0.000 0 0 0 0
8.30 2.520 1.000 3.00 1.0000 0.0 0.0 0.0000 0.300 0.000 0 0 0 0
8.40 2.550 1.000 3.00 1.0000 0.0 0.0 0.0000 0.300 0.000 0 0 0 0
8.50 2.580 1.000 3.00 1.0000 0.0 0.0 0.0000 0.300 0.000 0 0 0 0
8.60 2.610 1.000 3.00 1.0000 0.0 0.0 0.0000 0.300 0.000 0 0 0 0
8.70 2.640 1.000 3.00 1.0000 0.0 0.0 0.0000 0.300 0.000 0 0 0 0
8.80 2.670 1.000 3.00 1.0000 0.0 0.0 0.0000 0.300 0.000 0 0 0 0
8.90 2.700 1.000 3.00 1.0000 0.0 0.0 0.0000 0.300 0.000 0 0 0 0
9.00 2.730 1.000 3.00 1.0000 0.0 0.0 0.0000 0.300 0.000 0 0 0 0
9.10 2.760 1.000 3.00 1.0000 0.0 0.0 0.0000 0.300 0.000 0 0 0 0
9.20 2.790 1.000 3.00 1.0000 0.0 0.0 0.0000 0.300 0.000 0 0 0 0
9.30 2.820 1.000 3.00 1.0000 0.0 0.0 0.0000 0.300 0.000 0 0 0 0
9.40 2.850 1.000 3.00 1.0000 0.0 0.0 0.0000 0.300 0.000 0 0 0 0
9.50 2.880 1.000 3.00 1.0000 0.0 0.0 0.0000 0.300 0.000 0 0 0 0
9.60 2.910 1.000 3.00 1.0000 0.0 0.0 0.0000 0.300 0.000 0 0 0 0
9.70 2.940 1.000 3.00 1.0000 0.0 0.0 0.0000 0.300 0.000 0 0 0 0
9.80 2.970 1.000 3.00 1.0000 0.0 0.0 0.0000 0.300 0.000 0 0 0 0
9.90 3.000 1.000 3.00 1.0000 0.0 0.0 0.0000 0.300 0.000 0 0 0 0
10.00 3.030 -1.000 3.00 1.0000 0.0 0.0 0.0000 0.300 0.000 0 0 0 0
10.10 3.060 -1.000 3.00 1.0000 0.0 0.0 0.0000 0.300 0.000 0 0 0 0
10.20 3.090 -1.000 3.00 1.0000 0.0 0.0 0.0000 0.300 0.000 0 0 0 0
10.30 3.120 -1.000 3.00 1.0000 0.0 0.0 0.0000 0.300 0.000 0 0 0 0
10.40 3.150 -1.000 3.00 1.0000 0.0 0.0 0.0000 0.300 0.000 0 0 0 0
10.50 3.180 -1.000 3.00 1.0000 0.0 0.0 0.0000 0.300 0.000 0 0 0 0
10.60 3.210 -1.000 3.00 1.0000 0.0 0.0 0.0000 0.300 0.000 0 0 0 0
10.70 3.240 -1.000 3.00 1.0000 0.0 0.0 0.0000 0.300 0.000 0 0 0 0
10.80 3.270 -1.000 3.00 1.0000 0.0 0.0 0.0000 0.300 0.000 0 0 0 0
10.90 3.300 -1.000 3.00 1.0000 0.0 0.0 0.0000 0.300 0.000 0 0 0 0
11.00 3.330 -1.000 3.00 1.0000 0.0 0.0 0.0000 0.300 0.000 0 0 0 0
11.10 3.360 -1.000 3.00 1.0000 0.0 0.0 0.0000 0.300 0.000 0 0 0 0
11.20 3.390 -1.000 3.00 1.0000 0.0 0.0 0.0000 0.300 0.000 0 0 0 0
11.30 3.420 -1.000 3.00 1.0000 0.0 0.0 0.0000 0.300 0.000 0 0 0 0
11.40 3.450 -1.000 3.00 1.0000 0.0 0.0 0.0000 0.300 0.000 0 0 0 0
11.50 3.480 -1.000 3.00 1.0000 0.0 0.0 0.0000 0.300 0.000 0 0 0 0
11.60 3.510 -1.000 3.00 1.0000 0.0 0.0 0.0000 0.300 0.000 0 0 0 0
11.70 3.540 -1.000 3.00 1.0000 0.0 0.0 0.0000 0.300 0.000 0 0 0 0
11.80 3.570 -1.000 3.00 1.0000 0.0 0.0 0.0000 0.300 0.000 0 0 0 0
11.90 3.600 -1.000 3.00 1.0000 0.0 0.0 0.0000 0.300 0.000 0 0 0 0
12.00 3.630 -1.000 3.00 1.0000 0.0 0.0 0.0000 0.300 0.000 0 0 0 0
12.10 3.660 -1.000 3.00 1.0000 0.0 0.0 0.0000 0.300 0.000 0 0 0 0
12.20 3.690 -1.000 3.00 1.0000 0.0 0.0 0.0000 0.300 0.000 0 0 0 0
12.30 3.720 -1.000 3.00 1.0000 0.0 0.0 0.0000 0.300 0.000 0 0 0 0
12.40 3.750 -1.000 3.00 1.0000 0.0 0.0 0.0000 0.300 0.000 0 0 0 0
12.50 3.780 -1.000 3.00 1.0000 0.0 0.0 0.0000 0.300 0.000 0 0 0 0
12.60 3.810 -1.000 3.00 1.0000 0.0 0.0 0.0000 0.300 0.000 0 0 0 0
12.70 3.840 -1.000 3.00 1.0000 0.0 0.0 0.0000 0.300 0.000 0 0 0 0
12.80 3.870 -1.000 3.00 1.0000 0.0 0.0 0.0000 0.300 0.000 0 0 0 0
12.90 3.900 -1.000 3.00 1.0000 0.0 0.0 0.0000 0.300 0.000 0 0 0 0
13.00 3.930 -1.000 3.00 1.0000 0.0 0.0 0.0000 0.300 0.000 0 0 0 0
13.10 3.960 -1.000 3.00 1.0000 0.0 0.0 0.0000 0.300 0.000 0 0 0 0
13.20 3.990 -1.000 3.00 1.0000 0.0 0.0 0.0000 0.300 0.000 0 0 0 0
13.30 4.020 -1.000 3.00 1.0000 0.0 0.0 0.0000 0.300 0.000 0 0 0 0
13.40 4.050 -1.000 3.00 1.0000 0.0 0.0 0.0000 0.300 0.000 0 0 0 0
13.50 4.080 -1.000 3.00 1.0000 0.0 0.0 0.0000 0.300 0.000 0 0 0 0
13.60 4.110 -1.000 3.00 1.0000 0.0 0.0 0.0000 0.300 0.000 0 0 0 0
13.70 4.140 -1.000 3.00 1.0000 0.0 0.0 0.0000 0.300 0.000 0 0 0 0
13.80 4.170 -1.000 3.00 1.0000 0.0 0.0 0.0000 0.300 0.000 0 0 0 0
13.90 4.200 -1.000 3.00 1.0000 0.0 0.0 0.0000 0.300 0.000 0 0 0 0
14.00 4.230 -1.000 3.00 1.0000 0.0 0.0 0.0000 0.300 0.000 0 0 0 0
14.10 4.260 -1.000 3.00 1.0000 0.0 0.0 0.0000 0.300 0.000 0 0 0 0
14.20 4.290 -1.000 3.00 1.0000 0.0 0.0 0.0000 0.300 0.000 0 0 0 0
14.30 4.320 -1.000 3.00 1.0000 0.0 0.0 0.0000 0.300 0.000 0 0 0 0
14.40 4.350 -1.000 3.00 1.0000 0.0 0.0 0.0000 0.300 0.000 0 0 0 0
14.50 4.380 -1.000 3.00 1.0000 0.0 0.0 0.0000 0.300 0.000 0 0 0 0
14.60 4.410 -1.000 3.00 1.0000 0.0 0.0 0.0000 0.300 0.000 0 0 0 0
14.70 4.440 -1.000 3.00 1.0000 0.0 0.0 0.0000 0.300 0.000 0 0 0 0
14.80 4.470 -1.000 3.00 1.0000 0.0 0.0 0.0000 0.300 0.000 0 0 0 0
14.90 4.500 -1.000 3.00 1.0000 0.0 0.0 0.0000 0.300 0.000 0 0 0 0
15.00 4.530 -1.000 3.00 1.0000 0.0 0.0 0.0000 0.300 0.000 0 0 0 0
15.10 4.560 -1.000 3.00 1.0000 0.0 0.0 0.0000 0.300 0.000 0 0 0 0
15.20 4.590 -1.000 3.00 1.0000 0.0 0.0 0.0000 0.300 0.000 0 0 0 0
15.30 4.620 -1.000 3.00 1.0000 0.0 0.0 0.0000 0.300 0.000 0 0 0 0
15.40 4.650 -1.000 3.00 1.0000 0.0 0.0 0.0000 0.300 0.000 0 0 0 0
15.50 4.680 -1.000 3.00 1.0000 0.0 0.0 0.0000 0.300 0.000 0 0 0 0
15.60 4.710 -1.000 3.00 1.0000 0.0 0.0 0.0000 0.300 0.000 0 0 0 0
15.70 4.740 -1.000 3.00 1.0000 0.0 0.0 0.0000 0.300 0.000 0 0 0 0
15.80 4.770 -1.000 3.00 1.0000 0.0 0.0 0.0000 0.300 0.000 0 0 0 0
15.90 4.800 -1.000 3.00 1.0000 0.0 0.0 0.0000 0.300 0.000 0 0 0 0
16.00 4.830 -1.000 3.00 1.0000 0.0 0.0 0.0000 0.300 0.000 0 0 0 0
16.10 4.860 -1.000 3.00 1.0000 0.0 0.0 0.0000 0.300 0.000 0 0 0 0
16.20 4.890 -1.000 3.00 1.0000 0.0 0.0 0.0000 0.300 0.000 0 0 0 0
16.30 4.920 -1.000 3.00 1.0000 0.0 0.0 0.0000 0.300 0.000 0 0 0 0
16.40 4.950 -1.000 3.00 1.0000 0.0 0.0 0.0000 0.300 0.000 0 0 0 0
16.50 4.980 -1.000 3.00 1.0000 0.0 0.0 0.0000 0.300 0.000 0 0 0 0
16.60 5.010 -1.000 3.00 1.0000 0.0 0.0 0.0000 0.300 0.000 0 0 0 0
16.70 5.040 -1.000 3.00 1.0000 0.0 0.0 0.0000 0.300 0.000 0 0 0 0
16.80 5.070 -1.000 3.00 1.0000 0.0 0.0 0.0000 0.300 0.000 0 0 0 0
16.90 5.100 -1.000 3.00 1.0000 0.0 0.0 0.0000 0.300 0.000 0 0 0 0
17.00 5.130 -1.000 3.00 1.0000 0.0 0.0 0.0000 0.300 0.000 0 0 0 0
17.10 5.160 -1.000 3.00 1.0000 0.0 0.0 0.0000 0.300 0.000 0 0 0 0
17.20 5.190 -1.000 3.00 1.0000 0.0 0.0 0.0000 0.300 0.000 0 0 0 0
17.30 5.220 -1.000 3.00 1.0000 0.0 0.0 0.0000 0.300 0.000 0 0 0 0
17.40 5.250 -1.000 3.00 1.0000 0.0 0.0 0.0000 0.300 0.000 0 0 0 0
17.50 5.280 -1.000 3.00 1.0000 0.0 0.0 0.0000 0.300 0.000 0 0 0 0
17.60 5.310 -1.000 3.00 1.0000 0.0 0.0 0.0000 0.300 0.000 0 0 0 0
17.70 5.340 -1.000 3.00 1.0000 0.0 0.0 0.0000 0.300 0.000 0 0 0 0
17.80 5.370 -1.000 3.00 1.0000 0.0 0.0 0.0000 0.300 0.000 0 0 0 0
17.90 5.400 -1.000 3.00 1.0000 0.0 0.0 0.0000 0.300 0.000 0 0 0 0
18.00 5.430 -1.000 3.00 1.0000 0.0 0.0 0.0000 0.300 0.000 0 0 0 0
18.10 5.460 -1.000 3.00 1.0000 0.0 0.0 0.0000 0.300 0.000 0 0 0 0
18.20 5.490 -1.000 3.00 1.0000 0.0 0.0 0.0000 0.300 0.000 0 0 0 0
18.30 5.520 -1.000 3.00 1.0000 0.0 0.0 0.0000 0.300 0.000 0 0 0 0
18.40 5.550 -1.000 3.00 1.0000 0.0 0.0 0.0000 0.300 0.000 0 0 0 0
18.50 5.580 -1.000 3.00 1.0000 0.0 0.0 0.0000 0.300 0.000 0 0 0 0
18.60 5.610 -1.000 3.00 1.0000 0.0 0.0 0.0000 0.300 0.000 0 0 0 0
18.70 5.640 -1.000 3.00 1.0000 0.0 0.0 0.0000 0.300 0.000 0 0 0 0
18.80 5.670 -1.000 3.00 1.0000 0.0 0.0 0.0000 0.300 0.000 0 0 0 0
18.90 5.700 -1.000 3.00 1.0000 0.0 0.0 0.0000 0.300 0.000 0 0 0 0
19.00 5.730 -1.000 3.00 1.0000 0.0 0.0 0.0000 0.300 0.000 0 0 0 0
19.10 5.760 -1.000 3.00 1.0000 0.0 0.0 0.0000 0.300 0.000 0 0 0 0
19.20 5.790 -1.000 3.00 1.0000 0.0 0.0 0.0000 0.300 0.000 0 0 0 0
19.30 5.820 -1.000 3.00 1.0000 0.0 0.0 0.0000 0.300 0.000 0 0 0 0
19.40 5.850 -1.000 3.00 1.0000 0.0 0.0 0.0000 0.300 0.000 0 0 0 0
19.50 5.880 -1.000 3.00 1.0000 0.0 0.0 0.0000 0.300 0.000 0 0 0 0
19.60 5.910 -1.000 3.00 1.0000 0.0 0.0 0.0000 0.300 0.000 0 0 0 0
19.70 5.940 -1.000 3.00 1.0000 0.0 0.0 0.0000 0.300 0.000 0 0 0 0
19.80 5.970 -1.000 3.00 1.0000 0.0 0.0 0.0000 0.300 0.000 0 0 0 0
19.90 6.000 -1.000 3.00 1.0000 0.0 0.0 0.0000 0.300 0.000 0 0 0 0
20.00 6.030 1.000 3.00 1.0000 0.0 0.0 0.0000 0.300 0.000 0 0 0 0
20.10 6.060 1.000 3.00 1.0000 0.0 0.0 0.0000 0.300 0.000 0 0 0 0
20.20 6.090 1.000 3.00 1.0000 0.0 0.0 0.0000 0.300 0.000 0 0 0 0
20.30 6.120 1.000 3.00 1.0000 0.0 0.0 0.0000 0.300 0.000 0 0 0 0
20.40 6.150 1.000 3.00 1.0000 0.0 0.0 0.0000 0.300 0.000 0 0 0 0
20.50 6.180 1.000 3.00 1.0000 0.0 0.0 0.0000 0.300 0.000 0 0 0 0
20.60 6.210 1.000 3.00 1.0000 0.0 0.0 0.0000 0.300 0.000 0 0 0 0
20.70 6.240 1.000 3.00 1.0000 0.0 0.0 0.0000 0.300 0.000 0 0 0 0
20.80 6.270 1.000 3.00 1.0000 0.0 0.0 0.0000 0.300 0.000 0 0 0 0
20.90 6.300 1.000 3.00 1.0000 0.0 0.0 0.0000 0.300 0.000 0 0 0 0
21.00 6.330 1.000 3.00 1.0000 0.0 0.0 0.0000 0.300 0.000 0 0 0 0
21.10 6.360 1.000 3.00 1.0000 0.0 0.0 0.0000 0.300 0.000 0 0 0 0
21.20 6.390 1.000 3.00 1.0000 0.0 0.0 0.0000 0.300 0.000 0 0 0 0
21.30 6.420 1.000 3.00 1.0000 0.0 0.0 0.0000 0.300 0.000 0 0 0 0
21.40 6.450 1.000 3.00 1.0000 0.0 0.0 0.0000 0.300 0.000 0 0 0 0
21.50 6.480 1.000 3.00 1.0000 0.0 0.0 0.0000 0.300 0.000 0 0 0 0
21.60 6.510 1.000 3.00 1.0000 0.0 0.0 0.0000 0.300 0.000 0 0 0 0
21.70 6.540 1.000 3.00 1.0000 0.0 0.0 0.0000 0.300 0.000 0 0 0 0
21.80 6.570 1.000 3.00 1.0000 0.0 0.0 0.0000 0.300 0.000 0 0 0 0
21.90 6.600 1.000 3.00 1.0000 0.0 0.0 0.0000 0.300 0.000 0 0 0 0
22.00 6.630 1.000 3.00 1.0000 0.0 0.0 0.0000 0.300 0.000 0 0 0 0
22.10 6.660 1.000 3.00 1.0000 0.0 0.0 0.0000 0.300 0.000 0 0 0 0
22.20 6.690 1.000 3.00 1.0000 0.0 0.0 0.0000 0.300 0.000 0 0 0 0
22.30 6.720 1.000 3.00 1.0000 0.0 0.0 0.0000 0.300 0.000 0 0 0 0
22.40 6.750 1.000 3.00 1.0000 0.0 0.0 0.0000 0.300 0.000 0 0 0 0
22.50 6.780 1.000 3.00 1.0000 0.0 0.0 0.0000 0.300 0.000 0 0 0 0
22.60 6.810 1.000 3.00 1.0000 0.0 0.0 0.0000 0.300 0.000 0 0 0 0
22.70 6.840 1.000 3.00 1.0000 0.0 0.0 0.0000 0.300 0.000 0 0 0 0
22.80 6.870 1.000 3.00 1.0000 0.0 0.0 0.0000 0.300 0.000 0 0 0 0
22.90 6.900 1.000 3.00 1.0000 0.0 0.0 0.0000 0.300 0.000 0 0 0 0
23.00 6.930 1.000 3.00 1.0000 0.0 0.0 0.0000 0.300 0.000 0 0 0 0
23.10 6.960 1.000 3.00 1.0000 0.0 0.0 0.0000 0.300 0.000 0 0 0 0
23.20 6.990 1.000 3.00 1.0000 0.0 0.0 0.0000 0.300 0.000 0 0 0 0
23.30 7.020 1.000 3.00 1.0000 0.0 0.0 0.0000 0.300 0.000 0 0 0 0
23.40 7.050 1.000 3.00 1.0000 0.0 0.0 0.0000 0.300 0.000 0 0 0 0
23.50 7.080 1.000 3.00 1.0000 0.0 0.0 0.0000 0.300 0.000 0 0 0 0
23.60 7.110 1.000 3.00 1.0000 0.0 0.0 0.0000 0.300 0.000 0 0 0 0
23.70 7.140 1.000 3.00 1.0000 0.0 0.0 0.0000 0.300 0.000 0 0 0 0
23.80 7.170 1.000 3.00 1.0000 0.0 0.0 0.0000 0.300 0.000 0 0 0 0
23.90 7.200 1.000 3.00 1.0000 0.0 0.0 0.0000 0.300 0.000 0 0 0 0
24.00 7.230 1.000 3.00 1.0000 0.0 0.0 0.0000 0.300 0.000 0 0 0 0
24.10 7.260 1.000 3.00 1.0000 0.0 0.0 0.0000 0.300 0.000 0 0 0 0
24.20 7.290 1.000 3.00 1.0000 0.0 0.0 0.0000 0.300 0.000 0 0 0 0
24.30 7.320 1.000 3.00 1.0000 0.0 0.0 0.0000 0.300 0.000 0 0 0 0
24.40 7.350 1.000 3.00 1.0000 0.0 0.0 0.0000 0.300 0.000 0 0 0 0
24.50 7.380 1.000 3.00 1.0000 0.0 0.0 0.0000 0.300 0.000 0 0 0 0
24.60 7.410 1.000 3.00 1.0000 0.0 0.0 0.0000 0.300 0.000 0 0 0 0
24.70 7.440 1.000 3.00 1.0000 0.0 0.0 0.0000 0.300 0.000 0 0 0 0
24.80 7.470 1.000 3.00 1.0000 0.0 0.0 0.0000 0.300 0.000 0 0 0 0
24.90 7.500 1.000 3.00 1.0000 0.0 0.0 0.0000 0.300 0.000 0 0 0 0
25.00 7.530 1.000 3.00 1.0000 0.0 0.0 0.0000 0.300 0.000 0 0 0 0
25.10 7.560 1.000 3.00 1.0000 0.0 0.0 0.0000 0.300 0.000 0 0 0 0
25.20 7.590 1.000 3.00 1.0000 0.0 0.0 0.0000 0.300 0.000 0 0 0 0
25.30 7.620 1.000 3.00 1.0000 0.0 0.0 0.0000 0.300 0.000 0 0 0 0
25.40 7.650 1.000 3.00 1.0000 0.0 0.0 0.0000 0.300 0.000 0 0 0 0
25.50 7.680 1.000 3.00 1.0000 0.0 0.0 0.0000 0.300 0.000 0 0 0 0
25.60 7.710 1.000 3.00 1.0000 0.0 0.0 0.0000 0.300 0.000 0 0 0 0
25.70 7.740 1.000 3.00 1.0000 0.0 0.0 0.0000 0.300 0.000 0 0 0 0
25.80 7.770 1.000 3.00 1.0000 0.0 0.0 0.0000 0.300 0.000 0 0 0 0
25.90 7.800 1.000 3.00 1.0000 0.0 0.0 0.0000 0.300 0.000 0 0 0 0
26.00 7.830 1.000 3.00 1.0000 0.0 0.0 0.0000 0.300 0.000 0 0 0 0
26.10 7.860 1.000 3.00 1.0000 0.0 0.0 0.0000 0.300 0.000 0 0 0 0
26.20 7.890 1.000 3.00 1.0000 0.0 0.0 0.0000 0.300 0.000 0 0 0 0
26.30 7.920 1.000 3.00 1.0000 0.0 0.0 0.0000 0.300 0.000 0 0 0 0
26.40 7.950 1.000 3.00 1.0000 0.0 0.0 0.0000 0.300 0.000 0 0 0 0
26.50 7.980 1.000 3.00 1.0000 0.0 0.0 0.0000 0.300 0.000 0 0 0 0
26.60 8.010 1.000 3.00 1.0000 0.0 0.0 0.0000 0.300 0.000 0 0 0 0
26.70 8.040 1.000 3.00 1.0000 0.0 0.0 0.0000 0.300 0.000 0 0 0 0
26.80 8.070 1.000 3.00 1.0000 0.0 0.0 0.0000 0.300 0.000 0 0 0 0
26.90 8.100 1.000 3.00 1.0000 0.0 0.0 0.0000 0.300 0.000 0 0 0 0
27.00 8.130 1.000 3.00 1.0000 0.0 0.0 0.0000 0.300 0.000 0 0 0 0
27.10 8.160 1.000 3.00 1.0000 0.0 0.0 0.0000 0.300 0.000 0 0 0 0
27.20 8.190 1.000 3.00 1.0000 0.0 0.0 0.0000 0.300 0.000 0 0 0 0
27.30 8.220 1.000 3.00 1.0000 0.0 0.0 0.0000 0.300 0.000 0 0 0 0
27.40 8.250 1.000 3.00 1.0000 0.0 0.0 0.0000 0.300 0.000 0 0 0 0
27.50 8.280 1.000 3.00 1.0000 0.0 0.0 0.0000 0.300 0.000 0 0 0 0
27.60 8.310 1.000 3.00 1.0000 0.0 0.0 0.0000 0.300 0.000 0 0 0 0
27.70 8.340 1.000 3.00 1.0000 0.0 0.0 0.0000 0.300 0.000 0 0 0 0
27.80 8.370 1.000 3.00 1.0000 0.0 0.0 0.0000 0.300 0.000 0 0 0 0
27.90 8.400 1.000 3.00 1.0000 0.0 0.0 0.0000 0.300 0.000 0 0 0 0
28.00 8.430 1.000 3.00 1.0000 0.0 0.0 0.0000 0.300 0.000 0 0 0 0
28.10 8.460 1.000 3.00 1.0000 0.0 0.0 0.0000 0.300 0.000 0 0 0 0
28.20 8.490 1.000 3.00 1.0000 0.0 0.0 0.0000 0.300 0.000 0 0 0 0
28.30 8.520 1.000 3.00 1.0000 0.0 0.0 0.0000 0.300 0.000 0 0 0 0
28.40 8.550 1.000 3.00 1.0000 0.0 0.0 0.0000 0.300 0.000 0 0 0 0
28.50 8.580 1.000 3.00 1.0000 0.0 0.0 0.0000 0.300 0.000 0 0 0 0
28.60 8.610 1.000 3.00 1.0000 0.0 0.0 0.0000 0.300 0.000 0 0 0 0
28.70 8.640 1.000 3.00 1.0000 0.0 0.0 0.0000 0.300 0.000 0 0 0 0
28.80 8.670 1.000 3.00 1.0000 0.0 0.0 0.0000 0.300 0.000 0 0 0 0
28.90 8.700 1.000 3.00 1.0000 0.0 0.0 0.0000 0.300 0.000 0 0 0 0
29.00 8.730 1.000 3.00 1.0000 0.0 0.0 0.0000 0.300 0.000 0 0 0 0
29.10 8.760 1.000 3.00 1.0000 0.0 0.0 0.0000 0.300 0.000 0 0 0 0
29.20 8.790 1.000 3.00 1.0000 0.0 0.0 0.0000 0.300 0.000 0 0 0 0
29.30 8.820 1.000 3.00 1.0000 0.0 0.0 0.0000 0.300 0.000 0 0 0 0
29.40 8.850 1.000 3.00 1.0000 0.0 0.0 0.0000 0.300 0.000 0 0 0 0
29.50 8.880 1.000 3.00 1.0000 0.0 0.0 0.0000 0.300 0.000 0 0 0 0
29.60 8.910 1.000 3.00 1.0000 0.0 0.0 0.0000 0.300 0.000 0 0 0 0
29.70 8.940 1.000 3.00 1.0000 0.0 0.0 0.0000 0.300 0.000 0 0 0 0
29.80 8.970 1.000 3.00 1.0000 0.0 0.0 0.0000 0.300 0.000 0 0 0 0
29.90 9.000 1.000 3.00 1.0000 0.0 0.0 0.0000 0.300 0.000 0 0 0 0
30.00 9.030 -1.000 3.00 1.0000 0.0 0.0 0.0000 0.300 0.000 0 0 0 0
30.10 9.060 -1.000 3.00 1.0000 0.0 0.0 0.0000 0.300 0.000 0 0 0 0
30.20 9.090 -1.000 3.00 1.0000 0.0 0.0 0.0000 0.300 0.000 0 0 0 0
30.30 9.120 -1.000 3.00 1.0000 0.0 0.0 0.0000 0.300 0.000 0 0 0 0
30.40 9.150 -1.000 3.00 1.0000 0.0 0.0 0.0000 0.300 0.000 0 0 0 0
30.50 9.180 -1.000 3.00 1.0000 0.0 0.0 0.0000 0.300 0.000 0 0 0 0
30.60 9.210 -1.000 3.00 1.0000 0.0 0.0 0.0000 0.300 0.000 0 0 0 0
30.70 9.240 -1.000 3.00 1.0000 0.0 0.0 0.0000 0.300 0.000 0 0 0 0
30.80 9.270 -1.000 3.00 1.0000 0.0 0.0 0.0000 0.300 0.000 0 0 0 0
30.90 9.300 -1.000 3.00 1.0000 0.0 0.0 0.0000 0.300 0.000 0 0 0 0
31.00 9.330 -1.000 3.00 1.0000 0.0 0.0 0.0000 0.300 0.000 0 0 0 0
31.10 9.360 -1.000 3.00 1.0000 0.0 0.0 0.0000 0.300 0.000 0 0 0 0
31.20 9.390 -1.000 3.00 1.0000 0.0 0.0 0.0000 0.300 0.000 0 0 0 0
31.30 9.420 -1.000 3.00 1.0000 0.0 0.0 0.0000 0.300 0.000 0 0 0 0
31.40 9.450 -1.000 3.00 1.0000 0.0 0.0 0.0000 0.300 0.000 0 0 0 0
31.50 9.480 -1.000 3.00 1.0000 0.0 0.0 0.0000 0.300 0.000 0 0 0 0
31.60 9.510 -1.000 3.00 1.0000 0.0 0.0 0.0000 0.300 0.000 0 0 0 0
31.70 9.540 -1.000 3.00 1.0000 0.0 0.0 0.0000 0.300 0.000 0 0 0 0
31.80 9.570 -1.000 3.00 1.0000 0.0 0.0 0.0000 0.300 0.000 0 0 0 0
31.90 9.600 -1.000 3.00 1.0000 0.0 0.0 0.0000 0.300 0.000 0 0 0 0
32.00 9.630 -1.000 3.00 1.0000 0.0 0.0 0.0000 0.300 0.000 0 0 0 0
32.10 9.660 -1.000 3.00 1.0000 0.0 0.0 0.0000 0.300 0.000 0 0 0 0
32.20 9.690 -1.000 3.00 1.0000 0.0 0.0 0.0000 0.300 0.000 0 0 0 0
32.30 9.720 -1.000 3.00 1.0000 0.0 0.0 0.0000 0.300 0.000 0 0 0 0
32.40 9.750 -1.000 3.00 1.0000 0.0 0.0 0.0000 0.300 0.000 0 0 0 0
32.50 9.780 -1.000 3.00 1.0000 0.0 0.0 0.0000 0.300 0.000 0 0 0 0
32.60 9.810 -1.000 3.00 1.0000 0.0 0.0 0.0000 0.300 0.000 0 0 0 0
32.70 9.840 -1.000 3.00 1.0000 0.0 0.0 0.0000 0.300 0.000 0 0 0 0
32.80 9.870 -1.000 3.00 1.0000 0.0 0.0 0.0000 0.300 0.000 0 0 0 0
32.90 9.900 -1.000 3.00 1.0000 0.0 0.0 0.0000 0.300 0.000 0 0 0 0
33.00 9.930 -1.000 3.00 1.0000 0.0 0.0 0.0000 0.300 0.000 0 0 0 0
33.10 9.960 -1.000 3.00 1.0000 0.0 0.0 0.0000 0.300 0.000 0 0 0 0
33.20 9.990 -1.000 3.00 1.0000 0.0 0.0 0.0000 0.300 0.000 0 0 0 0
33.30 10.020 -1.000 3.00 1.0000 0.0 0.0 0.0000 0.300 0.000 0 0 0 0
33.40 10.050 -1.000 3.00 1.0000 0.0 0.0 0.0000 0.300 0.000 0 0 0 0
33.50 10.080 -1.000 3.00 1.0000 0.0 0.0 0.0000 0.300 0.000 0 0 0 0
33.60 10.110 -1.000 3.00 1.0000 0.0 0.0 0.0000 0.300 0.000 0 0 0 0
33.70 10.140 -1.000 3.00 1.0000 0.0 0.0 0.0000 0.300 0.000 0 0 0 0
33.80 10.170 -1.000 3.00 1.0000 0.0 0.0 0.0000 0.300 0.000 0 0 0 0
33.90 10.200 -1.000 3.00 1.0000 0.0 0.0 0.0000 0.300 0.000 0 0 0 0
34.00 10.230 -1.000 3.00 1.0000 0.0 0.0 0.0000 0.300 0.000 0 0 0 0
34.10 10.260 -1.000 3.00 1.0000 0.0 0.0 0.0000 0.300 0.000 0 0 0 0
34.20 10.290 -1.000 3.00 1.0000 0.0 0.0 0.0000 0.300 0.000 0 0 0 0
34.30 10.320 -1.000 3.00 1.0000 0.0 0.0 0.0000 0.300 0.000 0 0 0 0
34.40 10.350 -1.000 3.00 1.0000 0.0 0.0 0.0000 0.300 0.000 0 0 0 0
34.50 10.380 -1.000 3.00 1.0000 0.0 0.0 0.0000 0.300 0.000 0 0 0 0
34.60 10.410 -1.000 3.00 1.0000 0.0 0.0 0.0000 0.300 0.000 0 0 0 0
34.70 10.440 -1.000 3.00 1.0000 0.0 0.0 0.0000 0.300 0.000 0 0 0 0
34.80 10.470 -1.000 3.00 1.0000 0.0 0.0 0.0000 0.300 0.000 0 0 0 0
34.90 10.500 -1.000 3.00 1.0000 0.0 0.0 0.0000 0.300 0.000 0 0 0 0
35.00 10.530 -1.000 3.00 1.0000 0.0 0.0 0.0000 0.300 0.000 0 0 0 0
35.10 10.560 -1.000 3.00 1.0000 0.0 0.0 0.0000 0.300 0.000 0 0 0 0
35.20 10.590 -1.000 3.00 1.0000 0.0 0.0 0.0000 0.300 0.000 0 0 0 0
35.30 10.620 -1.000 3.00 1.0000 0.0 0.0 0.0000 0.300 0.000 0 0 0 0
35.40 10.650 -1.000 3.00 1.0000 0.0 0.0 0.0000 0.300 0.000 0 0 0 0
35.50 10.680 -1.000 3.00 1.0000 0.0 0.0 0.0000 0.300 0.000 0 0 0 0
35.60 10.710 -1.000 3.00 1.0000 0.0 0.0 0.0000 0.300 0.000 0 0 0 0
35.70 10.740 -1.000 3.00 1.0000 0.0 0.0 0.0000 0.300 0.000 0 0 0 0
35.80 10.770 -1.000 3.00 1.0000 0.0 0.0 0.0000 0.300 0.000 0 0 0 0
35.90 10.800 -1.000 3.00 1.0000 0.0 0.0 0.0000 0.300 0.000 0 0 0 0
36.00 10.830 -1.000 3.00 1.0000 0.0 0.0 0.0000 0.300 0.000 0 0 0 0
36.10 10.860 -1.000 3.00 1.0000 0.0 0.0 0.0000 0.300 0.000 0 0 0 0
36.20 10.890 -1.000 3.00 1.0000 0.0 0.0 0.0000 0.300 0.000 0 0 0 0
36.30 10.920 -1.000 3.00 1.0000 0.0 0.0 0.0000 0.300 0.000 0 0 0 0
36.40 10.950 -1.000 3.00 1.0000 0.0 0.0 0.0000 0.300 0.000 0 0 0 0
36.50 10.980 -1.000 3.00 1.0000 0.0 0.0 0.0000 0.300 0.000 0 0 0 0
36.60 11.010 -1.000 3.00 1.0000 0.0 0.0 0.0000 0.300 0.000 0 0 0 0
36.70 11.040 -1.000 3.00 1.0000 0.0 0.0 0.0000 0.300 0.000 0 0 0 0
36.80 11.070 -1.000 3.00 1.0000 0.0 0.0 0.0000 0.300 0.000 0 0 0 0
36.90 11.100 -1.000 3.00 1.0000 0.0 0.0 0.0000 0.300 0.000 0 0 0 0
37.00 11.130 -1.000 3.00 1.0000 0.0 0.0 0.0000 0.300 0.000 0 0 0 0
37.10 11.160 -1.000 3.00 1.0000 0.0 0.0 0.0000 0.300 0.000 0 0 0 0
37.20 11.190 -1.000 3.00 1.0000 0.0 0.0 0.0000 0.300 0.000 0 0 0 0
37.30 11.220 -1.000 3.00 1.0000 0.0 0.0 0.0000 0.300 0.000 0 0 0 0
37.40 11.250 -1.000 3.00 1.0000 0.0 0.0 0.0000 0.300 0.000 0 0 0 0
37.50 11.280 -1.000 3.00 1.0000 0.0 0.0 0.0000 0.300 0.000 0 0 0 0
37.60 11.310 -1.000 3.00 1.0000 0.0 0.0 0.0000 0.300 0.000 0 0 0 0
37.70 11.340 -1.000 3.00 1.0000 0.0 0.0 0.0000 0.300 0.000 0 0 0 0
37.80 11.370 -1.000 3.00 1.0000 0.0 0.0 0.0000 0.300 0.000 0 0 0 0
37.90 11.400 -1.000 3.00 1.0000 0.0 0.0 0.0000 0.300 0.000 0 0 0 0
38.00 11.430 -1.000 3.00 1.0000 0.0 0.0 0.0000 0.300 0.000 0 0 0 0
38.10 11.460 -1.000 3.00 1.0000 0.0 0.0 0.0000 0.300 0.000 0 0 0 0
38.20 11.490 -1.000 3.00 1.0000 0.0 0.0 0.0000 0.300 0.000 0 0 0 0
38.30 11.520 -1.000 3.00 1.0000 0.0 0.0 0.0000 0.300 0.000 0 0 0 0
38.40 11.550 -1.000 3.00 1.0000 0.0 0.0 0.0000 0.300 0.000 0 0 0 0
38.50 11.580 -1.000 3.00 1.0000 0.0 0.0 0.0000 0.300 0.000 0 0 0 0
38.60 11.610 -1.000 3.00 1.0000 0.0 0.0 0.0000 0.300 0.000 0 0 0 0
38.70 11.640 -1.000 3.00 1.0000 0.0 0.0 0.0000 0.300 0.000 0 0 0 0
38.80 11.670 -1.000 3.00 1.0000 0.0 0.0 0.0000 0.300 0.000 0 0 0 0
38.90 11.700 -1.000 3.00 1.0000 0.0 0.0 0.0000 0.300 0.000 0 0 0 0
39.00 11.730 -1.000 3.00 1.0000 0.0 0.0 0.0000 0.300 0.000 0 0 0 0
39.10 11.760 -1.000 3.00 1.0000 0.0 0.0 0.0000 0.300 0.000 0 0 0 0
39.20 11.790 -1.000 3.00 1.0000 0.0 0.0 0.0000 0.300 0.000 0 0 0 0
39.30 11.820 -1.000 3.00 1.0000 0.0 0.0 0.0000 0.300 0.000 0 0 0 0
39.40 11.850 -1.000 3.00 1.0000 0.0 0.0 0.0000 0.300 0.000 0 0 0 0
39.50 11.880 -1.000 3.00 1.0000 0.0 0.0 0.0000 0.300 0.000 0 0 0 0
39.60 11.910 -1.000 3.00 1.0000 0.0 0.0 0.0000 0.300 0.000 0 0 0 0
39.70 11.940 -1.000 3.00 1.0000 0.0 0.0 0.0000 0.300 0.000 0 0 0 0
39.80 11.970 -1.000 3.00 1.0000 0.0 0.0 0.0000 0.300 0.000 0 0 0 0
39.90 12.000 -1.000 3.00 1.0000 0.0 0.0 0.0000 0.300 0.000 0 0 0 0
40.00 11.000 0.030 3.00 0.7071 0.0 0.0 0.7071 0.000 0.300 0 0 0 0
40.10 11.000 0.060 3.00 0.7071 0.0 0.0 0.7071 0.000 0.300 0 0 0 0
40.20 11.000 0.090 3.00 0.7071 0.0 0.0 0.7071 0.000 0.300 0 0 0 0
40.30 11.000 0.120 3.00 0.7071 0.0 0.0 0.7071 0.000 0.300 0 0 0 0
40.40 11.000 0.150 3.00 0.7071 0.0 0.0 0.7071 0.000 0.300 0 0 0 0
40.50 11.000 0.180 3.00 0.7071 0.0 0.0 0.7071 0.000 0.300 0 0 0 0
40.60 11.000 0.210 3.00 0.7071 0.0 0.0 0.7071 0.000 0.300 0 0 0 0
40.70 11.000 0.240 3.00 0.7071 0.0 0.0 0.7071 0.000 0.300 0 0 0 0
40.80 11.000 0.270 3.00 0.7071 0.0 0.0 0.7071 0.000 0.300 0 0 0 0
40.90 11.000 0.300 3.00 0.7071 0.0 0.0 0.7071 0.000 0.300 0 0 0 0
41.00 11.000 0.330 3.00 0.7071 0.0 0.0 0.7071 0.000 0.300 0 0 0 0
41.10 11.000 0.360 3.00 0.7071 0.0 0.0 0.7071 0.000 0.300 0 0 0 0
41.20 11.000 0.390 3.00 0.7071 0.0 0.0 0.7071 0.000 0.300 0 0 0 0
41.30 11.000 0.420 3.00 0.7071 0.0 0.0 0.7071 0.000 0.300 0 0 0 0
41.40 11.000 0.450 3.00 0.7071 0.0 0.0 0.7071 0.000 0.300 0 0 0 0
41.50 11.000 0.480 3.00 0.7071 0.0 0.0 0.7071 0.000 0.300 0 0 0 0
41.60 11.000 0.510 3.00 0.7071 0.0 0.0 0.7071 0.000 0.300 0 0 0 0
41.70 11.000 0.540 3.00 0.7071 0.0 0.0 0.7071 0.000 0.300 0 0 0 0
41.80 11.000 0.570 3.00 0.7071 0.0 0.0 0.7071 0.000 0.300 0 0 0 0
41.90 11.000 0.600 3.00 0.7071 0.0 0.0 0.7071 0.000 0.300 0 0 0 0
42.00 11.000 0.630 3.00 0.7071 0.0 0.0 0.7071 0.000 0.300 0 0 0 0
42.10 11.000 0.660 3.00 0.7071 0.0 0.0 0.7071 0.000 0.300 0 0 0 0
42.20 11.000 0.690 3.00 0.7071 0.0 0.0 0.7071 0.000 0.300 0 0 0 0
42.30 11.000 0.720 3.00 0.7071 0.0 0.0 0.7071 0.000 0.300 0 0 0 0
42.40 11.000 0.750 3.00 0.7071 0.0 0.0 0.7071 0.000 0.300 0 0 0 0
42.50 11.000 0.780 3.00 0.7071 0.0 0.0 0.7071 0.000 0.300 0 0 0 0
42.60 11.000 0.810 3.00 0.7071 0.0 0.0 0.7071 0.000 0.300 0 0 0 0
42.70 11.000 0.840 3.00 0.7071 0.0 0.0 0.7071 0.000 0.300 0 0 0 0
42.80 11.000 0.870 3.00 0.7071 0.0 0.0 0.7071 0.000 0.300 0 0 0 0
42.90 11.000 0.900 3.00 0.7071 0.0 0.0 0.7071 0.000 0.300 0 0 0 0
43.00 11.000 0.930 3.00 0.7071 0.0 0.0 0.7071 0.000 0.300 0 0 0 0
43.10 11.000 0.960 3.00 0.7071 0.0 0.0 0.7071 0.000 0.300 0 0 0 0
43.20 11.000 0.990 3.00 0.7071 0.0 0.0 0.7071 0.000 0.300 0 0 0 0
43.30 11.000 1.020 3.00 0.7071 0.0 0.0 0.7071 0.000 0.300 0 0 0 0
43.40 11.000 1.050 3.00 0.7071 0.0 0.0 0.7071 0.000 0.300 0 0 0 0
43.50 11.000 1.080 3.00 0.7071 0.0 0.0 0.7071 0.000 0.300 0 0 0 0
43.60 11.000 1.110 3.00 0.7071 0.0 0.0 0.7071 0.000 0.300 0 0 0 0
43.70 11.000 1.140 3.00 0.7071 0.0 0.0 0.7071 0.000 0.300 0 0 0 0
43.80 11.000 1.170 3.00 0.7071 0.0 0.0 0.7071 0.000 0.300 0 0 0 0
43.90 11.000 1.200 3.00 0.7071 0.0 0.0 0.7071 0.000 0.300 0 0 0 0
44.00 11.000 1.230 3.00 0.7071 0.0 0.0 0.7071 0.000 0.300 0 0 0 0
44.10 11.000 1.260 3.00 0.7071 0.0 0.0 0.7071 0.000 0.300 0 0 0 0
44.20 11.000 1.290 3.00 0.7071 0.0 0.0 0.7071 0.000 0.300 0 0 0 0
44.30 11.000 1.320 3.00 0.7071 0.0 0.0 0.7071 0.000 0.300 0 0 0 0
44.40 11.000 1.350 3.00 0.7071 0.0 0.0 0.7071 0.000 0.300 0 0 0 0
44.50 11.000 1.380 3.00 0.7071 0.0 0.0 0.7071 0.000 0.300 0 0 0 0
44.60 11.000 1.410 3.00 0.7071 0.0 0.0 0.7071 0.000 0.300 0 0 0 0
44.70 11.000 1.440 3.00 0.7071 0.0 0.0 0.7071 0.000 0.300 0 0 0 0
44.80 11.000 1.470 3.00 0.7071 0.0 0.0 0.7071 0.000 0.300 0 0 0 0
44.90 11.000 1.500 3.00 0.7071 0.0 0.0 0.7071 0.000 0.300 0 0 0 0
45.00 11.000 1.530 3.00 0.7071 0.0 0.0 0.7071 0.000 0.300 0 0 0 0
45.10 11.000 1.560 3.00 0.7071 0.0 0.0 0.7071 0.000 0.300 0 0 0 0
45.20 11.000 1.590 3.00 0.7071 0.0 0.0 0.7071 0.000 0.300 0 0 0 0
45.30 11.000 1.620 3.00 0.7071 0.0 0.0 0.7071 0.000 0.300 0 0 0 0
45.40 11.000 1.650 3.00 0.7071 0.0 0.0 0.7071 0.000 0.300 0 0 0 0
45.50 11.000 1.680 3.00 0.7071 0.0 0.0 0.7071 0.000 0.300 0 0 0 0
45.60 11.000 1.710 3.00 0.7071 0.0 0.0 0.7071 0.000 0.300 0 0 0 0
45.70 11.000 1.740 3.00 0.7071 0.0 0.0 0.7071 0.000 0.300 0 0 0 0
45.80 11.000 1.770 3.00 0.7071 0.0 0.0 0.7071 0.000 0.300 0 0 0 0
45.90 11.000 1.800 3.00 0.7071 0.0 0.0 0.7071 0.000 0.300 0 0 0 0
46.00 11.000 1.830 3.00 0.7071 0.0 0.0 0.7071 0.000 0.300 0 0 0 0
46.10 11.000 1.860 3.00 0.7071 0.0 0.0 0.7071 0.000 0.300 0 0 0 0
46.20 11.000 1.890 3.00 0.7071 0.0 0.0 0.7071 0.000 0.300 0 0 0 0
46.30 11.000 1.920 3.00 0.7071 0.0 0.0 0.7071 0.000 0.300 0 0 0 0
46.40 11.000 1.950 3.00 0.7071 0.0 0.0 0.7071 0.000 0.300 0 0 0 0
46.50 11.000 1.980 3.00 0.7071 0.0 0.0 0.7071 0.000 0.300 0 0 0 0
46.60 11.000 2.010 3.00 0.7071 0.0 0.0 0.7071 0.000 0.300 0 0 0 0
46.70 11.000 2.040 3.00 0.7071 0.0 0.0 0.7071 0.000 0.300 0 0 0 0
46.80 11.000 2.070 3.00 0.7071 0.0 0.0 0.7071 0.000 0.300 0 0 0 0
46.90 11.000 2.100 3.00 0.7071 0.0 0.0 0.7071 0.000 0.300 0 0 0 0
47.00 11.000 2.130 3.00 0.7071 0.0 0.0 0.7071 0.000 0.300 0 0 0 0
47.10 11.000 2.160 3.00 0.7071 0.0 0.0 0.7071 0.000 0.300 0 0 0 0
47.20 11.000 2.190 3.00 0.7071 0.0 0.0 0.7071 0.000 0.300 0 0 0 0
47.30 11.000 2.220 3.00 0.7071 0.0 0.0 0.7071 0.000 0.300 0 0 0 0
47.40 11.000 2.250 3.00 0.7071 0.0 0.0 0.7071 0.000 0.300 0 0 0 0
47.50 11.000 2.280 3.00 0.7071 0.0 0.0 0.7071 0.000 0.300 0 0 0 0
47.60 11.000 2.310 3.00 0.7071 0.0 0.0 0.7071 0.000 0.300 0 0 0 0
47.70 11.000 2.340 3.00 0.7071 0.0 0.0 0.7071 0.000 0.300 0 0 0 0
47.80 11.000 2.370 3.00 0.7071 0.0 0.0 0.7071 0.000 0.300 0 0 0 0
47.90 11.000 2.400 3.00 0.7071 0.0 0.0 0.7071 0.000 0.300 0 0 0 0
48.00 11.000 2.430 3.00 0.7071 0.0 0.0 0.7071 0.000 0.300 0 0 0 0
48.10 11.000 2.460 3.00 0.7071 0.0 0.0 0.7071 0.000 0.300 0 0 0 0
48.20 11.000 2.490 3.00 0.7071 0.0 0.0 0.7071 0.000 0.300 0 0 0 0
48.30 11.000 2.520 3.00 0.7071 0.0 0.0 0.7071 0.000 0.300 0 0 0 0
48.40 11.000 2.550 3.00 0.7071 0.0 0.0 0.7071 0.000 0.300 0 0 0 0
48.50 11.000 2.580 3.00 0.7071 0.0 0.0 0.7071 0.000 0.300 0 0 0 0
48.60 11.000 2.610 3.00 0.7071 0.0 0.0 0.7071 0.000 0.300 0 0 0 0
48.70 11.000 2.640 3.00 0.7071 0.0 0.0 0.7071 0.000 0.300 0 0 0 0
48.80 11.000 2.670 3.00 0.7071 0.0 0.0 0.7071 0.000 0.300 0 0 0 0
48.90 11.000 2.700 3.00 0.7071 0.0 0.0 0.7071 0.000 0.300 0 0 0 0
49.00 11.000 2.730 3.00 0.7071 0.0 0.0 0.7071 0.000 0.300 0 0 0 0
49.10 11.000 2.760 3.00 0.7071 0.0 0.0 0.7071 0.000 0.300 0 0 0 0
49.20 11.000 2.790 3.00 0.7071 0.0 0.0 0.7071 0.000 0.300 0 0 0 0
49.30 11.000 2.820 3.00 0.7071 0.0 0.0 0.7071 0.000 0.300 0 0 0 0
49.40 11.000 2.850 3.00 0.7071 0.0 0.0 0.7071 0.000 0.300 0 0 0 0
49.50 11.000 2.880 3.00 0.7071 0.0 0.0 0.7071 0.000 0.300 0 0 0 0
49.60 11.000 2.910 3.00 0.7071 0.0 0.0 0.7071 0.000 0.300 0 0 0 0
49.70 11.000 2.940 3.00 0.7071 0.0 0.0 0.7071 0.000 0.300 0 0 0 0
49.80 11.000 2.970 3.00 0.7071 0.0 0.0 0.7071 0.000 0.300 0 0 0 0
49.90 11.000 3.000 3.00 0.7071 0.0 0.0 0.7071 0.000 0.300 0 0 0 0
50.00 13.000 3.030 3.00 0.7071 0.0 0.0 0.7071 0.000 0.300 0 0 0 0
50.10 13.000 3.060 3.00 0.7071 0.0 0.0 0.7071 0.000 0.300 0 0 0 0
50.20 13.000 3.090 3.00 0.7071 0.0 0.0 0.7071 0.000 0.300 0 0 0 0
50.30 13.000 3.120 3.00 0.7071 0.0 0.0 0.7071 0.000 0.300 0 0 0 0
50.40 13.000 3.150 3.00 0.7071 0.0 0.0 0.7071 0.000 0.300 0 0 0 0
50.50 13.000 3.180 3.00 0.7071 0.0 0.0 0.7071 0.000 0.300 0 0 0 0
50.60 13.000 3.210 3.00 0.7071 0.0 0.0 0.7071 0.000 0.300 0 0 0 0
50.70 13.000 3.240 3.00 0.7071 0.0 0.0 0.7071 0.000 0.300 0 0 0 0
50.80 13.000 3.270 3.00 0.7071 0.0 0.0 0.7071 0.000 0.300 0 0 0 0
50.90 13.000 3.300 3.00 0.7071 0.0 0.0 0.7071 0.000 0.300 0 0 0 0
51.00 13.000 3.330 3.00 0.7071 0.0 0.0 0.7071 0.000 0.300 0 0 0 0
51.10 13.000 3.360 3.00 0.7071 0.0 0.0 0.7071 0.000 0.300 0 0 0 0
51.20 13.000 3.390 3.00 0.7071 0.0 0.0 0.7071 0.000 0.300 0 0 0 0
51.30 13.000 3.420 3.00 0.7071 0.0 0.0 0.7071 0.000 0.300 0 0 0 0
51.40 13.000 3.450 3.00 0.7071 0.0 0.0 0.7071 0.000 0.300 0 0 0 0
51.50 13.000 3.480 3.00 0.7071 0.0 0.0 0.7071 0.000 0.300 0 0 0 0
51.60 13.000 3.510 3.00 0.7071 0.0 0.0 0.7071 0.000 0.300 0 0 0 0
51.70 13.000 3.540 3.00 0.7071 0.0 0.0 0.7071 0.000 0.300 0 0 0 0
51.80 13.000 3.570 3.00 0.7071 0.0 0.0 0.7071 0.000 0.300 0 0 0 0
51.90 13.000 3.600 3.00 0.7071 0.0 0.0 0.7071 0.000 0.300 0 0 0 0
52.00 13.000 3.630 3.00 0.7071 0.0 0.0 0.7071 0.000 0.300 0 0 0 0
52.10 13.000 3.660 3.00 0.7071 0.0 0.0 0.7071 0.000 0.300 0 0 0 0
52.20 13.000 3.690 3.00 0.7071 0.0 0.0 0.7071 0.000 0.300 0 0 0 0
52.30 13.000 3.720 3.00 0.7071 0.0 0.0 0.7071 0.000 0.300 0 0 0 0
52.40 13.000 3.750 3.00 0.7071 0.0 0.0 0.7071 0.000 0.300 0 0 0 0
52.50 13.000 3.780 3.00 0.7071 0.0 0.0 0.7071 0.000 0.300 0 0 0 0
52.60 13.000 3.810 3.00 0.7071 0.0 0.0 0.7071 0.000 0.300 0 0 0 0
52.70 13.000 3.840 3.00 0.7071 0.0 0.0 0.7071 0.000 0.300 0 0 0 0
52.80 13.000 3.870 3.00 0.7071 0.0 0.0 0.7071 0.000 0.300 0 0 0 0
52.90 13.000 3.900 3.00 0.7071 0.0 0.0 0.7071 0.000 0.300 0 0 0 0
53.00 13.000 3.930 3.00 0.7071 0.0 0.0 0.7071 0.000 0.300 0 0 0 0
53.10 13.000 3.960 3.00 0.7071 0.0 0.0 0.7071 0.000 0.300 0 0 0 0
53.20 13.000 3.990 3.00 0.7071 0.0 0.0 0.7071 0.000 0.300 0 0 0 0
53.30 13.000 4.020 3.00 0.7071 0.0 0.0 0.7071 0.000 0.300 0 0 0 0
53.40 13.000 4.050 3.00 0.7071 0.0 0.0 0.7071 0.000 0.300 0 0 0 0
53.50 13.000 4.080 3.00 0.7071 0.0 0.0 0.7071 0.000 0.300 0 0 0 0
53.60 13.000 4.110 3.00 0.7071 0.0 0.0 0.7071 0.000 0.300 0 0 0 0
53.70 13.000 4.140 3.00 0.7071 0.0 0.0 0.7071 0.000 0.300 0 0 0 0
53.80 13.000 4.170 3.00 0.7071 0.0 0.0 0.7071 0.000 0.300 0 0 0 0
53.90 13.000 4.200 3.00 0.7071 0.0 0.0 0.7071 0.000 0.300 0 0 0 0
54.00 13.000 4.230 3.00 0.7071 0.0 0.0 0.7071 0.000 0.300 0 0 0 0
54.10 13.000 4.260 3.00 0.7071 0.0 0.0 0.7071 0.000 0.300 0 0 0 0
54.20 13.000 4.290 3.00 0.7071 0.0 0.0 0.7071 0.000 0.300 0 0 0 0
54.30 13.000 4.320 3.00 0.7071 0.0 0.0 0.7071 0.000 0.300 0 0 0 0
54.40 13.000 4.350 3.00 0.7071 0.0 0.0 0.7071 0.000 0.300 0 0 0 0
54.50 13.000 4.380 3.00 0.7071 0.0 0.0 0.7071 0.000 0.300 0 0 0 0
54.60 13.000 4.410 3.00 0.7071 0.0 0.0 0.7071 0.000 0.300 0 0 0 0
54.70 13.000 4.440 3.00 0.7071 0.0 0.0 0.7071 0.000 0.300 0 0 0 0
54.80 13.000 4.470 3.00 0.7071 0.0 0.0 0.7071 0.000 0.300 0 0 0 0
54.90 13.000 4.500 3.00 0.7071 0.0 0.0 0.7071 0.000 0.300 0 0 0 0
55.00 13.000 4.530 3.00 0.7071 0.0 0.0 0.7071 0.000 0.300 0 0 0 0
55.10 13.000 4.560 3.00 0.7071 0.0 0.0 0.7071 0.000 0.300 0 0 0 0
55.20 13.000 4.590 3.00 0.7071 0.0 0.0 0.7071 0.000 0.300 0 0 0 0
55.30 13.000 4.620 3.00 0.7071 0.0 0.0 0.7071 0.000 0.300 0 0 0 0
55.40 13.000 4.650 3.00 0.7071 0.0 0.0 0.7071 0.000 0.300 0 0 0 0
55.50 13.000 4.680 3.00 0.7071 0.0 0.0 0.7071 0.000 0.300 0 0 0 0
55.60 13.000 4.710 3.00 0.7071 0.0 0.0 0.7071 0.000 0.300 0 0 0 0
55.70 13.000 4.740 3.00 0.7071 0.0 0.0 0.7071 0.000 0.300 0 0 0 0
55.80 13.000 4.770 3.00 0.7071 0.0 0.0 0.7071 0.000 0.300 0 0 0 0
55.90 13.000 4.800 3.00 0.7071 0.0 0.0 0.7071 0.000 0.300 0 0 0 0
56.00 13.000 4.830 3.00 0.7071 0.0 0.0 0.7071 0.000 0.300 0 0 0 0
56.10 13.000 4.860 3.00 0.7071 0.0 0.0 0.7071 0.000 0.300 0 0 0 0
56.20 13.000 4.890 3.00 0.7071 0.0 0.0 0.7071 0.000 0.300 0 0 0 0
56.30 13.000 4.920 3.00 0.7071 0.0 0.0 0.7071 0.000 0.300 0 0 0 0
56.40 13.000 4.950 3.00 0.7071 0.0 0.0 0.7071 0.000 0.300 0 0 0 0
56.50 13.000 4.980 3.00 0.7071 0.0 0.0 0.7071 0.000 0.300 0 0 0 0
56.60 13.000 5.010 3.00 0.7071 0.0 0.0 0.7071 0.000 0.300 0 0 0 0
56.70 13.000 5.040 3.00 0.7071 0.0 0.0 0.7071 0.000 0.300 0 0 0 0
56.80 13.000 5.070 3.00 0.7071 0.0 0.0 0.7071 0.000 0.300 0 0 0 0
56.90 13.000 5.100 3.00 0.7071 0.0 0.0 0.7071 0.000 0.300 0 0 0 0
57.00 13.000 5.130 3.00 0.7071 0.0 0.0 0.7071 0.000 0.300 0 0 0 0
57.10 13.000 5.160 3.00 0.7071 0.0 0.0 0.7071 0.000 0.300 0 0 0 0
57.20 13.000 5.190 3.00 0.7071 0.0 0.0 0.7071 0.000 0.300 0 0 0 0
57.30 13.000 5.220 3.00 0.7071 0.0 0.0 0.7071 0.000 0.300 0 0 0 0
57.40 13.000 5.250 3.00 0.7071 0.0 0.0 0.7071 0.000 0.300 0 0 0 0
57.50 13.000 5.280 3.00 0.7071 0.0 0.0 0.7071 0.000 0.300 0 0 0 0
57.60 13.000 5.310 3.00 0.7071 0.0 0.0 0.7071 0.000 0.300 0 0 0 0
57.70 13.000 5.340 3.00 0.7071 0.0 0.0 0.7071 0.000 0.300 0 0 0 0
57.80 13.000 5.370 3.00 0.7071 0.0 0.0 0.7071 0.000 0.300 0 0 0 0
57.90 13.000 5.400 3.00 0.7071 0.0 0.0 0.7071 0.000 0.300 0 0 0 0
58.00 13.000 5.430 3.00 0.7071 0.0 0.0 0.7071 0.000 0.300 0 0 0 0
58.10 13.000 5.460 3.00 0.7071 0.0 0.0 0.7071 0.000 0.300 0 0 0 0
58.20 13.000 5.490 3.00 0.7071 0.0 0.0 0.7071 0.000 0.300 0 0 0 0
58.30 13.000 5.520 3.00 0.7071 0.0 0.0 0.7071 0.000 0.300 0 0 0 0
58.40 13.000 5.550 3.00 0.7071 0.0 0.0 0.7071 0.000 0.300 0 0 0 0
58.50 13.000 5.580 3.00 0.7071 0.0 0.0 0.7071 0.000 0.300 0 0 0 0
58.60 13.000 5.610 3.00 0.7071 0.0 0.0 0.7071 0.000 0.300 0 0 0 0
58.70 13.000 5.640 3.00 0.7071 0.0 0.0 0.7071 0.000 0.300 0 0 0 0
58.80 13.000 5.670 3.00 0.7071 0.0 0.0 0.7071 0.000 0.300 0 0 0 0
58.90 13.000 5.700 3.00 0.7071 0.0 0.0 0.7071 0.000 0.300 0 0 0 0
59.00 13.000 5.730 3.00 0.7071 0.0 0.0 0.7071 0.000 0.300 0 0 0 0
59.10 13.000 5.760 3.00 0.7071 0.0 0.0 0.7071 0.000 0.300 0 0 0 0
59.20 13.000 5.790 3.00 0.7071 0.0 0.0 0.7071 0.000 0.300 0 0 0 0
59.30 13.000 5.820 3.00 0.7071 0.0 0.0 0.7071 0.000 0.300 0 0 0 0
59.40 13.000 5.850 3.00 0.7071 0.0 0.0 0.7071 0.000 0.300 0 0 0 0
59.50 13.000 5.880 3.00 0.7071 0.0 0.0 0.7071 0.000 0.300 0 0 0 0
59.60 13.000 5.910 3.00 0.7071 0.0 0.0 0.7071 0.000 0.300 0 0 0 0
59.70 13.000 5.940 3.00 0.7071 0.0 0.0 0.7071 0.000 0.300 0 0 0 0
59.80 13.000 5.970 3.00 0.7071 0.0 0.0 0.7071 0.000 0.300 0 0 0 0
59.90 13.000 6.000 3.00 0.7071 0.0 0.0 0.7071 0.000 0.300 0 0 0 0
60.00 11.000 6.030 3.00 0.7071 0.0 0.0 0.7071 0.000 0.300 0 0 0 0
60.10 11.000 6.060 3.00 0.7071 0.0 0.0 0.7071 0.000 0.300 0 0 0 0
60.20 11.000 6.090 3.00 0.7071 0.0 0.0 0.7071 0.000 0.300 0 0 0 0
60.30 11.000 6.120 3.00 0.7071 0.0 0.0 0.7071 0.000 0.300 0 0 0 0
60.40 11.000 6.150 3.00 0.7071 0.0 0.0 0.7071 0.000 0.300 0 0 0 0
60.50 11.000 6.180 3.00 0.7071 0.0 0.0 0.7071 0.000 0.300 0 0 0 0
60.60 11.000 6.210 3.00 0.7071 0.0 0.0 0.7071 0.000 0.300 0 0 0 0
60.70 11.000 6.240 3.00 0.7071 0.0 0.0 0.7071 0.000 0.300 0 0 0 0
60.80 11.000 6.270 3.00 0.7071 0.0 0.0 0.7071 0.000 0.300 0 0 0 0
60.90 11.000 6.300 3.00 0.7071 0.0 0.0 0.7071 0.000 0.300 0 0 0 0
61.00 11.000 6.330 3.00 0.7071 0.0 0.0 0.7071 0.000 0.300 0 0 0 0
61.10 11.000 6.360 3.00 0.7071 0.0 0.0 0.7071 0.000 0.300 0 0 0 0
61.20 11.000 6.390 3.00 0.7071 0.0 0.0 0.7071 0.000 0.300 0 0 0 0
61.30 11.000 6.420 3.00 0.7071 0.0 0.0 0.7071 0.000 0.300 0 0 0 0
61.40 11.000 6.450 3.00 0.7071 0.0 0.0 0.7071 0.000 0.300 0 0 0 0
61.50 11.000 6.480 3.00 0.7071 0.0 0.0 0.7071 0.000 0.300 0 0 0 0
61.60 11.000 6.510 3.00 0.7071 0.0 0.0 0.7071 0.000 0.300 0 0 0 0
61.70 11.000 6.540 3.00 0.7071 0.0 0.0 0.7071 0.000 0.300 0 0 0 0
61.80 11.000 6.570 3.00 0.7071 0.0 0.0 0.7071 0.000 0.300 0 0 0 0
61.90 11.000 6.600 3.00 0.7071 0.0 0.0 0.7071 0.000 0.300 0 0 0 0
62.00 11.000 6.630 3.00 0.7071 0.0 0.0 0.7071 0.000 0.300 0 0 0 0
62.10 11.000 6.660 3.00 0.7071 0.0 0.0 0.7071 0.000 0.300 0 0 0 0
62.20 11.000 6.690 3.00 0.7071 0.0 0.0 0.7071 0.000 0.300 0 0 0 0
62.30 11.000 6.720 3.00 0.7071 0.0 0.0 0.7071 0.000 0.300 0 0 0 0
62.40 11.000 6.750 3.00 0.7071 0.0 0.0 0.7071 0.000 0.300 0 0 0 0
62.50 11.000 6.780 3.00 0.7071 0.0 0.0 0.7071 0.000 0.300 0 0 0 0
62.60 11.000 6.810 3.00 0.7071 0.0 0.0 0.7071 0.000 0.300 0 0 0 0
62.70 11.000 6.840 3.00 0.7071 0.0 0.0 0.7071 0.000 0.300 0 0 0 0
62.80 11.000 6.870 3.00 0.7071 0.0 0.0 0.7071 0.000 0.300 0 0 0 0
62.90 11.000 6.900 3.00 0.7071 0.0 0.0 0.7071 0.000 0.300 0 0 0 0
63.00 11.000 6.930 3.00 0.7071 0.0 0.0 0.7071 0.000 0.300 0 0 0 0
63.10 11.000 6.960 3.00 0.7071 0.0 0.0 0.7071 0.000 0.300 0 0 0 0
63.20 11.000 6.990 3.00 0.7071 0.0 0.0 0.7071 0.000 0.300 0 0 0 0
63.30 11.000 7.020 3.00 0.7071 0.0 0.0 0.7071 0.000 0.300 0 0 0 0
63.40 11.000 7.050 3.00 0.7071 0.0 0.0 0.7071 0.000 0.300 0 0 0 0
63.50 11.000 7.080 3.00 0.7071 0.0 0.0 0.7071 0.000 0.300 0 0 0 0
63.60 11.000 7.110 3.00 0.7071 0.0 0.0 0.7071 0.000 0.300 0 0 0 0
63.70 11.000 7.140 3.00 0.7071 0.0 0.0 0.7071 0.000 0.300 0 0 0 0
63.80 11.000 7.170 3.00 0.7071 0.0 0.0 0.7071 0.000 0.300 0 0 0 0
63.90 11.000 7.200 3.00 0.7071 0.0 0.0 0.7071 0.000 0.300 0 0 0 0
64.00 11.000 7.230 3.00 0.7071 0.0 0.0 0.7071 0.000 0.300 0 0 0 0
64.10 11.000 7.260 3.00 0.7071 0.0 0.0 0.7071 0.000 0.300 0 0 0 0
64.20 11.000 7.290 3.00 0.7071 0.0 0.0 0.7071 0.000 0.300 0 0 0 0
64.30 11.000 7.320 3.00 0.7071 0.0 0.0 0.7071 0.000 0.300 0 0 0 0
64.40 11.000 7.350 3.00 0.7071 0.0 0.0 0.7071 0.000 0.300 0 0 0 0
64.50 11.000 7.380 3.00 0.7071 0.0 0.0 0.7071 0.000 0.300 0 0 0 0
64.60 11.000 7.410 3.00 0.7071 0.0 0.0 0.7071 0.000 0.300 0 0 0 0
64.70 11.000 7.440 3.00 0.7071 0.0 0.0 0.7071 0.000 0.300 0 0 0 0
64.80 11.000 7.470 3.00 0.7071 0.0 0.0 0.7071 0.000 0.300 0 0 0 0
64.90 11.000 7.500 3.00 0.7071 0.0 0.0 0.7071 0.000 0.300 0 0 0 0
65.00 11.000 7.530 3.00 0.7071 0.0 0.0 0.7071 0.000 0.300 0 0 0 0
65.10 11.000 7.560 3.00 0.7071 0.0 0.0 0.7071 0.000 0.300 0 0 0 0
65.20 11.000 7.590 3.00 0.7071 0.0 0.0 0.7071 0.000 0.300 0 0 0 0
65.30 11.000 7.620 3.00 0.7071 0.0 0.0 0.7071 0.000 0.300 0 0 0 0
65.40 11.000 7.650 3.00 0.7071 0.0 0.0 0.7071 0.000 0.300 0 0 0 0
65.50 11.000 7.680 3.00 0.7071 0.0 0.0 0.7071 0.000 0.300 0 0 0 0
65.60 11.000 7.710 3.00 0.7071 0.0 0.0 0.7071 0.000 0.300 0 0 0 0
65.70 11.000 7.740 3.00 0.7071 0.0 0.0 0.7071 0.000 0.300 0 0 0 0
65.80 11.000 7.770 3.00 0.7071 0.0 0.0 0.7071 0.000 0.300 0 0 0 0
65.90 11.000 7.800 3.00 0.7071 0.0 0.0 0.7071 0.000 0.300 0 0 0 0
66.00 11.000 7.830 3.00 0.7071 0.0 0.0 0.7071 0.000 0.300 0 0 0 0
66.10 11.000 7.860 3.00 0.7071 0.0 0.0 0.7071 0.000 0.300 0 0 0 0
66.20 11.000 7.890 3.00 0.7071 0.0 0.0 0.7071 0.000 0.300 0 0 0 0
66.30 11.000 7.920 3.00 0.7071 0.0 0.0 0.7071 0.000 0.300 0 0 0 0
66.40 11.000 7.950 3.00 0.7071 0.0 0.0 0.7071 0.000 0.300 0 0 0 0
66.50 11.000 7.980 3.00 0.7071 0.0 0.0 0.7071 0.000 0.300 0 0 0 0
66.60 11.000 8.010 3.00 0.7071 0.0 0.0 0.7071 0.000 0.300 0 0 0 0
66.70 11.000 8.040 3.00 0.7071 0.0 0.0 0.7071 0.000 0.300 0 0 0 0
66.80 11.000 8.070 3.00 0.7071 0.0 0.0 0.7071 0.000 0.300 0 0 0 0
66.90 11.000 8.100 3.00 0.7071 0.0 0.0 0.7071 0.000 0.300 0 0 0 0
67.00 11.000 8.130 3.00 0.7071 0.0 0.0 0.7071 0.000 0.300 0 0 0 0
67.10 11.000 8.160 3.00 0.7071 0.0 0.0 0.7071 0.000 0.300 0 0 0 0
67.20 11.000 8.190 3.00 0.7071 0.0 0.0 0.7071 0.000 0.300 0 0 0 0
67.30 11.000 8.220 3.00 0.7071 0.0 0.0 0.7071 0.000 0.300 0 0 0 0
67.40 11.000 8.250 3.00 0.7071 0.0 0.0 0.7071 0.000 0.300 0 0 0 0
67.50 11.000 8.280 3.00 0.7071 0.0 0.0 0.7071 0.000 0.300 0 0 0 0
67.60 11.000 8.310 3.00 0.7071 0.0 0.0 0.7071 0.000 0.300 0 0 0 0
67.70 11.000 8.340 3.00 0.7071 0.0 0.0 0.7071 0.000 0.300 0 0 0 0
67.80 11.000 8.370 3.00 0.7071 0.0 0.0 0.7071 0.000 0.300 0 0 0 0
67.90 11.000 8.400 3.00 0.7071 0.0 0.0 0.7071 0.000 0.300 0 0 0 0
68.00 11.000 8.430 3.00 0.7071 0.0 0.0 0.7071 0.000 0.300 0 0 0 0
68.10 11.000 8.460 3.00 0.7071 0.0 0.0 0.7071 0.000 0.300 0 0 0 0
68.20 11.000 8.490 3.00 0.7071 0.0 0.0 0.7071 0.000 0.300 0 0 0 0
68.30 11.000 8.520 3.00 0.7071 0.0 0.0 0.7071 0.000 0.300 0 0 0 0
68.40 11.000 8.550 3.00 0.7071 0.0 0.0 0.7071 0.000 0.300 0 0 0 0
68.50 11.000 8.580 3.00 0.7071 0.0 0.0 0.7071 0.000 0.300 0 0 0 0
68.60 11.000 8.610 3.00 0.7071 0.0 0.0 0.7071 0.000 0.300 0 0 0 0
68.70 11.000 8.640 3.00 0.7071 0.0 0.0 0.7071 0.000 0.300 0 0 0 0
68.80 11.000 8.670 3.00 0.7071 0.0 0.0 0.7071 0.000 0.300 0 0 0 0
68.90 11.000 8.700 3.00 0.7071 0.0 0.0 0.7071 0.000 0.300 0 0 0 0
69.00 11.000 8.730 3.00 0.7071 0.0 0.0 0.7071 0.000 0.300 0 0 0 0
69.10 11.000 8.760 3.00 0.7071 0.0 0.0 0.7071 0.000 0.300 0 0 0 0
69.20 11.000 8.790 3.00 0.7071 0.0 0.0 0.7071 0.000 0.300 0 0 0 0
69.30 11.000 8.820 3.00 0.7071 0.0 0.0 0.7071 0.000 0.300 0 0 0 0
69.40 11.000 8.850 3.00 0.7071 0.0 0.0 0.7071 0.000 0.300 0 0 0 0
69.50 11.000 8.880 3.00 0.7071 0.0 0.0 0.7071 0.000 0.300 0 0 0 0
69.60 11.000 8.910 3.00 0.7071 0.0 0.0 0.7071 0.000 0.300 0 0 0 0
69.70 11.000 8.940 3.00 0.7071 0.0 0.0 0.7071 0.000 0.300 0 0 0 0
69.80 11.000 8.970 3.00 0.7071 0.0 0.0 0.7071 0.000 0.300 0 0 0 0
69.90 11.000 9.000 3.00 0.7071 0.0 0.0 0.7071 0.000 0.300 0 0 0 0
70.00 13.000 9.030 3.00 0.7071 0.0 0.0 0.7071 0.000 0.300 0 0 0 0
70.10 13.000 9.060 3.00 0.7071 0.0 0.0 0.7071 0.000 0.300 0 0 0 0
70.20 13.000 9.090 3.00 0.7071 0.0 0.0 0.7071 0.000 0.300 0 0 0 0
70.30 13.000 9.120 3.00 0.7071 0.0 0.0 0.7071 0.000 0.300 0 0 0 0
70.40 13.000 9.150 3.00 0.7071 0.0 0.0 0.7071 0.000 0.300 0 0 0 0
70.50 13.000 9.180 3.00 0.7071 0.0 0.0 0.7071 0.000 0.300 0 0 0 0
70.60 13.000 9.210 3.00 0.7071 0.0 0.0 0.7071 0.000 0.300 0 0 0 0
70.70 13.000 9.240 3.00 0.7071 0.0 0.0 0.7071 0.000 0.300 0 0 0 0
70.80 13.000 9.270 3.00 0.7071 0.0 0.0 0.7071 0.000 0.300 0 0 0 0
70.90 13.000 9.300 3.00 0.7071 0.0 0.0 0.7071 0.000 0.300 0 0 0 0
71.00 13.000 9.330 3.00 0.7071 0.0 0.0 0.7071 0.000 0.300 0 0 0 0
71.10 13.000 9.360 3.00 0.7071 0.0 0.0 0.7071 0.000 0.300 0 0 0 0
71.20 13.000 9.390 3.00 0.7071 0.0 0.0 0.7071 0.000 0.300 0 0 0 0
71.30 13.000 9.420 3.00 0.7071 0.0 0.0 0.7071 0.000 0.300 0 0 0 0
71.40 13.000 9.450 3.00 0.7071 0.0 0.0 0.7071 0.000 0.300 0 0 0 0
71.50 13.000 9.480 3.00 0.7071 0.0 0.0 0.7071 0.000 0.300 0 0 0 0
71.60 13.000 9.510 3.00 0.7071 0.0 0.0 0.7071 0.000 0.300 0 0 0 0
71.70 13.000 9.540 3.00 0.7071 0.0 0.0 0.7071 0.000 0.300 0 0 0 0
71.80 13.000 9.570 3.00 0.7071 0.0 0.0 0.7071 0.000 0.300 0 0 0 0
71.90 13.000 9.600 3.00 0.7071 0.0 0.0 0.7071 0.000 0.300 0 0 0 0
72.00 13.000 9.630 3.00 0.7071 0.0 0.0 0.7071 0.000 0.300 0 0 0 0
72.10 13.000 9.660 3.00 0.7071 0.0 0.0 0.7071 0.000 0.300 0 0 0 0
72.20 13.000 9.690 3.00 0.7071 0.0 0.0 0.7071 0.000 0.300 0 0 0 0
72.30 13.000 9.720 3.00 0.7071 0.0 0.0 0.7071 0.000 0.300 0 0 0 0
72.40 13.000 9.750 3.00 0.7071 0.0 0.0 0.7071 0.000 0.300 0 0 0 0
72.50 13.000 9.780 3.00 0.7071 0.0 0.0 0.7071 0.000 0.300 0 0 0 0
72.60 13.000 9.810 3.00 0.7071 0.0 0.0 0.7071 0.000 0.300 0 0 0 0
72.70 13.000 9.840 3.00 0.7071 0.0 0.0 0.7071 0.000 0.300 0 0 0 0
72.80 13.000 9.870 3.00 0.7071 0.0 0.0 0.7071 0.000 0.300 0 0 0 0
72.90 13.000 9.900 3.00 0.7071 0.0 0.0 0.7071 0.000 0.300 0 0 0 0
73.00 13.000 9.930 3.00 0.7071 0.0 0.0 0.7071 0.000 0.300 0 0 0 0
73.10 13.000 9.960 3.00 0.7071 0.0 0.0 0.7071 0.000 0.300 0 0 0 0
73.20 13.000 9.990 3.00 0.7071 0.0 0.0 0.7071 0.000 0.300 0 0 0 0
73.30 13.000 10.020 3.00 0.7071 0.0 0.0 0.7071 0.000 0.300 0 0 0 0
73.40 13.000 10.050 3.00 0.7071 0.0 0.0 0.7071 0.000 0.300 0 0 0 0
73.50 13.000 10.080 3.00 0.7071 0.0 0.0 0.7071 0.000 0.300 0 0 0 0
73.60 13.000 10.110 3.00 0.7071 0.0 0.0 0.7071 0.000 0.300 0 0 0 0
73.70 13.000 10.140 3.00 0.7071 0.0 0.0 0.7071 0.000 0.300 0 0 0 0
73.80 13.000 10.170 3.00 0.7071 0.0 0.0 0.7071 0.000 0.300 0 0 0 0
73.90 13.000 10.200 3.00 0.7071 0.0 0.0 0.7071 0.000 0.300 0 0 0 0
74.00 13.000 10.230 3.00 0.7071 0.0 0.0 0.7071 0.000 0.300 0 0 0 0
74.10 13.000 10.260 3.00 0.7071 0.0 0.0 0.7071 0.000 0.300 0 0 0 0
74.20 13.000 10.290 3.00 0.7071 0.0 0.0 0.7071 0.000 0.300 0 0 0 0
74.30 13.000 10.320 3.00 0.7071 0.0 0.0 0.7071 0.000 0.300 0 0 0 0
74.40 13.000 10.350 3.00 0.7071 0.0 0.0 0.7071 0.000 0.300 0 0 0 0
74.50 13.000 10.380 3.00 0.7071 0.0 0.0 0.7071 0.000 0.300 0 0 0 0
74.60 13.000 10.410 3.00 0.7071 0.0 0.0 0.7071 0.000 0.300 0 0 0 0
74.70 13.000 10.440 3.00 0.7071 0.0 0.0 0.7071 0.000 0.300 0 0 0 0
74.80 13.000 10.470 3.00 0.7071 0.0 0.0 0.7071 0.000 0.300 0 0 0 0
74.90 13.000 10.500 3.00 0.7071 0.0 0.0 0.7071 0.000 0.300 0 0 0 0
75.00 13.000 10.530 3.00 0.7071 0.0 0.0 0.7071 0.000 0.300 0 0 0 0
75.10 13.000 10.560 3.00 0.7071 0.0 0.0 0.7071 0.000 0.300 0 0 0 0
75.20 13.000 10.590 3.00 0.7071 0.0 0.0 0.7071 0.000 0.300 0 0 0 0
75.30 13.000 10.620 3.00 0.7071 0.0 0.0 0.7071 0.000 0.300 0 0 0 0
75.40 13.000 10.650 3.00 0.7071 0.0 0.0 0.7071 0.000 0.300 0 0 0 0
75.50 13.000 10.680 3.00 0.7071 0.0 0.0 0.7071 0.000 0.300 0 0 0 0
75.60 13.000 10.710 3.00 0.7071 0.0 0.0 0.7071 0.000 0.300 0 0 0 0
75.70 13.000 10.740 3.00 0.7071 0.0 0.0 0.7071 0.000 0.300 0 0 0 0
75.80 13.000 10.770 3.00 0.7071 0.0 0.0 0.7071 0.000 0.300 0 0 0 0
75.90 13.000 10.800 3.00 0.7071 0.0 0.0 0.7071 0.000 0.300 0 0 0 0
76.00 13.000 10.830 3.00 0.7071 0.0 0.0 0.7071 0.000 0.300 0 0 0 0
76.10 13.000 10.860 3.00 0.7071 0.0 0.0 0.7071 0.000 0.300 0 0 0 0
76.20 13.000 10.890 3.00 0.7071 0.0 0.0 0.7071 0.000 0.300 0 0 0 0
76.30 13.000 10.920 3.00 0.7071 0.0 0.0 0.7071 0.000 0.300 0 0 0 0
76.40 13.000 10.950 3.00 0.7071 0.0 0.0 0.7071 0.000 0.300 0 0 0 0
76.50 13.000 10.980 3.00 0.7071 0.0 0.0 0.7071 0.000 0.300 0 0 0 0
76.60 13.000 11.010 3.00 0.7071 0.0 0.0 0.7071 0.000 0.300 0 0 0 0
76.70 13.000 11.040 3.00 0.7071 0.0 0.0 0.7071 0.000 0.300 0 0 0 0
76.80 13.000 11.070 3.00 0.7071 0.0 0.0 0.7071 0.000 0.300 0 0 0 0
76.90 13.000 11.100 3.00 0.7071 0.0 0.0 0.7071 0.000 0.300 0 0 0 0
77.00 13.000 11.130 3.00 0.7071 0.0 0.0 0.7071 0.000 0.300 0 0 0 0
77.10 13.000 11.160 3.00 0.7071 0.0 0.0 0.7071 0.000 0.300 0 0 0 0
77.20 13.000 11.190 3.00 0.7071 0.0 0.0 0.7071 0.000 0.300 0 0 0 0
77.30 13.000 11.220 3.00 0.7071 0.0 0.0 0.7071 0.000 0.300 0 0 0 0
77.40 13.000 11.250 3.00 0.7071 0.0 0.0 0.7071 0.000 0.300 0 0 0 0
77.50 13.000 11.280 3.00 0.7071 0.0 0.0 0.7071 0.000 0.300 0 0 0 0
77.60 13.000 11.310 3.00 0.7071 0.0 0.0 0.7071 0.000 0.300 0 0 0 0
77.70 13.000 11.340 3.00 0.7071 0.0 0.0 0.7071 0.000 0.300 0 0 0 0
77.80 13.000 11.370 3.00 0.7071 0.0 0.0 0.7071 0.000 0.300 0 0 0 0
77.90 13.000 11.400 3.00 0.7071 0.0 0.0 0.7071 0.000 0.300 0 0 0 0
78.00 13.000 11.430 3.00 0.7071 0.0 0.0 0.7071 0.000 0.300 0 0 0 0
78.10 13.000 11.460 3.00 0.7071 0.0 0.0 0.7071 0.000 0.300 0 0 0 0
78.20 13.000 11.490 3.00 0.7071 0.0 0.0 0.7071 0.000 0.300 0 0 0 0
78.30 13.000 11.520 3.00 0.7071 0.0 0.0 0.7071 0.000 0.300 0 0 0 0
78.40 13.000 11.550 3.00 0.7071 0.0 0.0 0.7071 0.000 0.300 0 0 0 0
78.50 13.000 11.580 3.00 0.7071 0.0 0.0 0.7071 0.000 0.300 0 0 0 0
78.60 13.000 11.610 3.00 0.7071 0.0 0.0 0.7071 0.000 0.300 0 0 0 0
78.70 13.000 11.640 3.00 0.7071 0.0 0.0 0.7071 0.000 0.300 0 0 0 0
78.80 13.000 11.670 3.00 0.7071 0.0 0.0 0.7071 0.000 0.300 0 0 0 0
78.90 13.000 11.700 3.00 0.7071 0.0 0.0 0.7071 0.000 0.300 0 0 0 0
79.00 13.000 11.730 3.00 0.7071 0.0 0.0 0.7071 0.000 0.300 0 0 0 0
79.10 13.000 11.760 3.00 0.7071 0.0 0.0 0.7071 0.000 0.300 0 0 0 0
79.20 13.000 11.790 3.00 0.7071 0.0 0.0 0.7071 0.000 0.300 0 0 0 0
79.30 13.000 11.820 3.00 0.7071 0.0 0.0 0.7071 0.000 0.300 0 0 0 0
79.40 13.000 11.850 3.00 0.7071 0.0 0.0 0.7071 0.000 0.300 0 0 0 0
79.50 13.000 11.880 3.00 0.7071 0.0 0.0 0.7071 0.000 0.300 0 0 0 0
79.60 13.000 11.910 3.00 0.7071 0.0 0.0 0.7071 0.000 0.300 0 0 0 0
79.70 13.000 11.940 3.00 0.7071 0.0 0.0 0.7071 0.000 0.300 0 0 0 0
79.80 13.000 11.970 3.00 0.7071 0.0 0.0 0.7071 0.000 0.300 0 0 0 0
79.90 13.000 12.000 3.00 0.7071 0.0 0.0 0.7071 0.000 0.300 0 0 0 0
80.00 11.970 11.000 3.00 0.0000 0.0 0.0 1.0000 -0.300 0.000 0 0 0 0
80.10 11.940 11.000 3.00 0.0000 0.0 0.0 1.0000 -0.300 0.000 0 0 0 0
80.20 11.910 11.000 3.00 0.0000 0.0 0.0 1.0000 -0.300 0.000 0 0 0 0
80.30 11.880 11.000 3.00 0.0000 0.0 0.0 1.0000 -0.300 0.000 0 0 0 0
80.40 11.850 11.000 3.00 0.0000 0.0 0.0 1.0000 -0.300 0.000 0 0 0 0
80.50 11.820 11.000 3.00 0.0000 0.0 0.0 1.0000 -0.300 0.000 0 0 0 0
80.60 11.790 11.000 3.00 0.0000 0.0 0.0 1.0000 -0.300 0.000 0 0 0 0
80.70 11.760 11.000 3.00 0.0000 0.0 0.0 1.0000 -0.300 0.000 0 0 0 0
80.80 11.730 11.000 3.00 0.0000 0.0 0.0 1.0000 -0.300 0.000 0 0 0 0
80.90 11.700 11.000 3.00 0.0000 0.0 0.0 1.0000 -0.300 0.000 0 0 0 0
81.00 11.670 11.000 3.00 0.0000 0.0 0.0 1.0000 -0.300 0.000 0 0 0 0
81.10 11.640 11.000 3.00 0.0000 0.0 0.0 1.0000 -0.300 0.000 0 0 0 0
81.20 11.610 11.000 3.00 0.0000 0.0 0.0 1.0000 -0.300 0.000 0 0 0 0
81.30 11.580 11.000 3.00 0.0000 0.0 0.0 1.0000 -0.300 0.000 0 0 0 0
81.40 11.550 11.000 3.00 0.0000 0.0 0.0 1.0000 -0.300 0.000 0 0 0 0
81.50 11.520 11.000 3.00 0.0000 0.0 0.0 1.0000 -0.300 0.000 0 0 0 0
81.60 11.490 11.000 3.00 0.0000 0.0 0.0 1.0000 -0.300 0.000 0 0 0 0
81.70 11.460 11.000 3.00 0.0000 0.0 0.0 1.0000 -0.300 0.000 0 0 0 0
81.80 11.430 11.000 3.00 0.0000 0.0 0.0 1.0000 -0.300 0.000 0 0 0 0
81.90 11.400 11.000 3.00 0.0000 0.0 0.0 1.0000 -0.300 0.000 0 0 0 0
82.00 11.370 11.000 3.00 0.0000 0.0 0.0 1.0000 -0.300 0.000 0 0 0 0
82.10 11.340 11.000 3.00 0.0000 0.0 0.0 1.0000 -0.300 0.000 0 0 0 0
82.20 11.310 11.000 3.00 0.0000 0.0 0.0 1.0000 -0.300 0.000 0 0 0 0
82.30 11.280 11.000 3.00 0.0000 0.0 0.0 1.0000 -0.300 0.000 0 0 0 0
82.40 11.250 11.000 3.00 0.0000 0.0 0.0 1.0000 -0.300 0.000 0 0 0 0
82.50 11.220 11.000 3.00 0.0000 0.0 0.0 1.0000 -0.300 0.000 0 0 0 0
82.60 11.190 11.000 3.00 0.0000 0.0 0.0 1.0000 -0.300 0.000 0 0 0 0
82.70 11.160 11.000 3.00 0.0000 0.0 0.0 1.0000 -0.300 0.000 0 0 0 0
82.80 11.130 11.000 3.00 0.0000 0.0 0.0 1.0000 -0.300 0.000 0 0 0 0
82.90 11.100 11.000 3.00 0.0000 0.0 0.0 1.0000 -0.300 0.000 0 0 0 0
83.00 11.070 11.000 3.00 0.0000 0.0 0.0 1.0000 -0.300 0.000 0 0 0 0
83.10 11.040 11.000 3.00 0.0000 0.0 0.0 1.0000 -0.300 0.000 0 0 0 0
83.20 11.010 11.000 3.00 0.0000 0.0 0.0 1.0000 -0.300 0.000 0 0 0 0
83.30 10.980 11.000 3.00 0.0000 0.0 0.0 1.0000 -0.300 0.000 0 0 0 0
83.40 10.950 11.000 3.00 0.0000 0.0 0.0 1.0000 -0.300 0.000 0 0 0 0
83.50 10.920 11.000 3.00 0.0000 0.0 0.0 1.0000 -0.300 0.000 0 0 0 0
83.60 10.890 11.000 3.00 0.0000 0.0 0.0 1.0000 -0.300 0.000 0 0 0 0
83.70 10.860 11.000 3.00 0.0000 0.0 0.0 1.0000 -0.300 0.000 0 0 0 0
83.80 10.830 11.000 3.00 0.0000 0.0 0.0 1.0000 -0.300 0.000 0 0 0 0
83.90 10.800 11.000 3.00 0.0000 0.0 0.0 1.0000 -0.300 0.000 0 0 0 0
84.00 10.770 11.000 3.00 0.0000 0.0 0.0 1.0000 -0.300 0.000 0 0 0 0
84.10 10.740 11.000 3.00 0.0000 0.0 0.0 1.0000 -0.300 0.000 0 0 0 0
84.20 10.710 11.000 3.00 0.0000 0.0 0.0 1.0000 -0.300 0.000 0 0 0 0
84.30 10.680 11.000 3.00 0.0000 0.0 0.0 1.0000 -0.300 0.000 0 0 0 0
84.40 10.650 11.000 3.00 0.0000 0.0 0.0 1.0000 -0.300 0.000 0 0 0 0
84.50 10.620 11.000 3.00 0.0000 0.0 0.0 1.0000 -0.300 0.000 0 0 0 0
84.60 10.590 11.000 3.00 0.0000 0.0 0.0 1.0000 -0.300 0.000 0 0 0 0
84.70 10.560 11.000 3.00 0.0000 0.0 0.0 1.0000 -0.300 0.000 0 0 0 0
84.80 10.530 11.000 3.00 0.0000 0.0 0.0 1.0000 -0.300 0.000 0 0 0 0
84.90 10.500 11.000 3.00 0.0000 0.0 0.0 1.0000 -0.300 0.000 0 0 0 0
85.00 10.470 11.000 3.00 0.0000 0.0 0.0 1.0000 -0.300 0.000 0 0 0 0
85.10 10.440 11.000 3.00 0.0000 0.0 0.0 1.0000 -0.300 0.000 0 0 0 0
85.20 10.410 11.000 3.00 0.0000 0.0 0.0 1.0000 -0.300 0.000 0 0 0 0
85.30 10.380 11.000 3.00 0.0000 0.0 0.0 1.0000 -0.300 0.000 0 0 0 0
85.40 10.350 11.000 3.00 0.0000 0.0 0.0 1.0000 -0.300 0.000 0 0 0 0
85.50 10.320 11.000 3.00 0.0000 0.0 0.0 1.0000 -0.300 0.000 0 0 0 0
85.60 10.290 11.000 3.00 0.0000 0.0 0.0 1.0000 -0.300 0.000 0 0 0 0
85.70 10.260 11.000 3.00 0.0000 0.0 0.0 1.0000 -0.300 0.000 0 0 0 0
85.80 10.230 11.000 3.00 0.0000 0.0 0.0 1.0000 -0.300 0.000 0 0 0 0
85.90 10.200 11.000 3.00 0.0000 0.0 0.0 1.0000 -0.300 0.000 0 0 0 0
86.00 10.170 11.000 3.00 0.0000 0.0 0.0 1.0000 -0.300 0.000 0 0 0 0
86.10 10.140 11.000 3.00 0.0000 0.0 0.0 1.0000 -0.300 0.000 0 0 0 0
86.20 10.110 11.000 3.00 0.0000 0.0 0.0 1.0000 -0.300 0.000 0 0 0 0
86.30 10.080 11.000 3.00 0.0000 0.0 0.0 1.0000 -0.300 0.000 0 0 0 0
86.40 10.050 11.000 3.00 0.0000 0.0 0.0 1.0000 -0.300 0.000 0 0 0 0
86.50 10.020 11.000 3.00 0.0000 0.0 0.0 1.0000 -0.300 0.000 0 0 0 0
86.60 9.990 11.000 3.00 0.0000 0.0 0.0 1.0000 -0.300 0.000 0 0 0 0
86.70 9.960 11.000 3.00 0.0000 0.0 0.0 1.0000 -0.300 0.000 0 0 0 0
86.80 9.930 11.000 3.00 0.0000 0.0 0.0 1.0000 -0.300 0.000 0 0 0 0
86.90 9.900 11.000 3.00 0.0000 0.0 0.0 1.0000 -0.300 0.000 0 0 0 0
87.00 9.870 11.000 3.00 0.0000 0.0 0.0 1.0000 -0.300 0.000 0 0 0 0
87.10 9.840 11.000 3.00 0.0000 0.0 0.0 1.0000 -0.300 0.000 0 0 0 0
87.20 9.810 11.000 3.00 0.0000 0.0 0.0 1.0000 -0.300 0.000 0 0 0 0
87.30 9.780 11.000 3.00 0.0000 0.0 0.0 1.0000 -0.300 0.000 0 0 0 0
87.40 9.750 11.000 3.00 0.0000 0.0 0.0 1.0000 -0.300 0.000 0 0 0 0
87.50 9.720 11.000 3.00 0.0000 0.0 0.0 1.0000 -0.300 0.000 0 0 0 0
87.60 9.690 11.000 3.00 0.0000 0.0 0.0 1.0000 -0.300 0.000 0 0 0 0
87.70 9.660 11.000 3.00 0.0000 0.0 0.0 1.0000 -0.300 0.000 0 0 0 0
87.80 9.630 11.000 3.00 0.0000 0.0 0.0 1.0000 -0.300 0.000 0 0 0 0
87.90 9.600 11.000 3.00 0.0000 0.0 0.0 1.0000 -0.300 0.000 0 0 0 0
88.00 9.570 11.000 3.00 0.0000 0.0 0.0 1.0000 -0.300 0.000 0 0 0 0
88.10 9.540 11.000 3.00 0.0000 0.0 0.0 1.0000 -0.300 0.000 0 0 0 0
88.20 9.510 11.000 3.00 0.0000 0.0 0.0 1.0000 -0.300 0.000 0 0 0 0
88.30 9.480 11.000 3.00 0.0000 0.0 0.0 1.0000 -0.300 0.000 0 0 0 0
88.40 9.450 11.000 3.00 0.0000 0.0 0.0 1.0000 -0.300 0.000 0 0 0 0
88.50 9.420 11.000 3.00 0.0000 0.0 0.0 1.0000 -0.300 0.000 0 0 0 0
88.60 9.390 11.000 3.00 0.0000 0.0 0.0 1.0000 -0.300 0.000 0 0 0 0
88.70 9.360 11.000 3.00 0.0000 0.0 0.0 1.0000 -0.300 0.000 0 0 0 0
88.80 9.330 11.000 3.00 0.0000 0.0 0.0 1.0000 -0.300 0.000 0 0 0 0
88.90 9.300 11.000 3.00 0.0000 0.0 0.0 1.0000 -0.300 0.000 0 0 0 0
89.00 9.270 11.000 3.00 0.0000 0.0 0.0 1.0000 -0.300 0.000 0 0 0 0
89.10 9.240 11.000 3.00 0.0000 0.0 0.0 1.0000 -0.300 0.000 0 0 0 0
89.20 9.210 11.000 3.00 0.0000 0.0 0.0 1.0000 -0.300 0.000 0 0 0 0
89.30 9.180 11.000 3.00 0.0000 0.0 0.0 1.0000 -0.300 0.000 0 0 0 0
89.40 9.150 11.000 3.00 0.0000 0.0 0.0 1.0000 -0.300 0.000 0 0 0 0
89.50 9.120 11.000 3.00 0.0000 0.0 0.0 1.0000 -0.300 0.000 0 0 0 0
89.60 9.090 11.000 3.00 0.0000 0.0 0.0 1.0000 -0.300 0.000 0 0 0 0
89.70 9.060 11.000 3.00 0.0000 0.0 0.0 1.0000 -0.300 0.000 0 0 0 0
89.80 9.030 11.000 3.00 0.0000 0.0 0.0 1.0000 -0.300 0.000 0 0 0 0
89.90 9.000 11.000 3.00 0.0000 0.0 0.0 1.0000 -0.300 0.000 0 0 0 0
90.00 8.970 13.000 3.00 0.0000 0.0 0.0 1.0000 -0.300 0.000 0 0 0 0
90.10 8.940 13.000 3.00 0.0000 0.0 0.0 1.0000 -0.300 0.000 0 0 0 0
90.20 8.910 13.000 3.00 0.0000 0.0 0.0 1.0000 -0.300 0.000 0 0 0 0
90.30 8.880 13.000 3.00 0.0000 0.0 0.0 1.0000 -0.300 0.000 0 0 0 0
90.40 8.850 13.000 3.00 0.0000 0.0 0.0 1.0000 -0.300 0.000 0 0 0 0
90.50 8.820 13.000 3.00 0.0000 0.0 0.0 1.0000 -0.300 0.000 0 0 0 0
90.60 8.790 13.000 3.00 0.0000 0.0 0.0 1.0000 -0.300 0.000 0 0 0 0
90.70 8.760 13.000 3.00 0.0000 0.0 0.0 1.0000 -0.300 0.000 0 0 0 0
90.80 8.730 13.000 3.00 0.0000 0.0 0.0 1.0000 -0.300 0.000 0 0 0 0
90.90 8.700 13.000 3.00 0.0000 0.0 0.0 1.0000 -0.300 0.000 0 0 0 0
91.00 8.670 13.000 3.00 0.0000 0.0 0.0 1.0000 -0.300 0.000 0 0 0 0
91.10 8.640 13.000 3.00 0.0000 0.0 0.0 1.0000 -0.300 0.000 0 0 0 0
91.20 8.610 13.000 3.00 0.0000 0.0 0.0 1.0000 -0.300 0.000 0 0 0 0
91.30 8.580 13.000 3.00 0.0000 0.0 0.0 1.0000 -0.300 0.000 0 0 0 0
91.40 8.550 13.000 3.00 0.0000 0.0 0.0 1.0000 -0.300 0.000 0 0 0 0
91.50 8.520 13.000 3.00 0.0000 0.0 0.0 1.0000 -0.300 0.000 0 0 0 0
91.60 8.490 13.000 3.00 0.0000 0.0 0.0 1.0000 -0.300 0.000 0 0 0 0
91.70 8.460 13.000 3.00 0.0000 0.0 0.0 1.0000 -0.300 0.000 0 0 0 0
91.80 8.430 13.000 3.00 0.0000 0.0 0.0 1.0000 -0.300 0.000 0 0 0 0
91.90 8.400 13.000 3.00 0.0000 0.0 0.0 1.0000 -0.300 0.000 0 0 0 0
92.00 8.370 13.000 3.00 0.0000 0.0 0.0 1.0000 -0.300 0.000 0 0 0 0
92.10 8.340 13.000 3.00 0.0000 0.0 0.0 1.0000 -0.300 0.000 0 0 0 0
92.20 8.310 13.000 3.00 0.0000 0.0 0.0 1.0000 -0.300 0.000 0 0 0 0
92.30 8.280 13.000 3.00 0.0000 0.0 0.0 1.0000 -0.300 0.000 0 0 0 0
92.40 8.250 13.000 3.00 0.0000 0.0 0.0 1.0000 -0.300 0.000 0 0 0 0
92.50 8.220 13.000 3.00 0.0000 0.0 0.0 1.0000 -0.300 0.000 0 0 0 0
92.60 8.190 13.000 3.00 0.0000 0.0 0.0 1.0000 -0.300 0.000 0 0 0 0
92.70 8.160 13.000 3.00 0.0000 0.0 0.0 1.0000 -0.300 0.000 0 0 0 0
92.80 8.130 13.000 3.00 0.0000 0.0 0.0 1.0000 -0.300 0.000 0 0 0 0
92.90 8.100 13.000 3.00 0.0000 0.0 0.0 1.0000 -0.300 0.000 0 0 0 0
93.00 8.070 13.000 3.00 0.0000 0.0 0.0 1.0000 -0.300 0.000 0 0 0 0
93.10 8.040 13.000 3.00 0.0000 0.0 0.0 1.0000 -0.300 0.000 0 0 0 0
93.20 8.010 13.000 3.00 0.0000 0.0 0.0 1.0000 -0.300 0.000 0 0 0 0
93.30 7.980 13.000 3.00 0.0000 0.0 0.0 1.0000 -0.300 0.000 0 0 0 0
93.40 7.950 13.000 3.00 0.0000 0.0 0.0 1.0000 -0.300 0.000 0 0 0 0
93.50 7.920 13.000 3.00 0.0000 0.0 0.0 1.0000 -0.300 0.000 0 0 0 0
93.60 7.890 13.000 3.00 0.0000 0.0 0.0 1.0000 -0.300 0.000 0 0 0 0
93.70 7.860 13.000 3.00 0.0000 0.0 0.0 1.0000 -0.300 0.000 0 0 0 0
93.80 7.830 13.000 3.00 0.0000 0.0 0.0 1.0000 -0.300 0.000 0 0 0 0
93.90 7.800 13.000 3.00 0.0000 0.0 0.0 1.0000 -0.300 0.000 0 0 0 0
94.00 7.770 13.000 3.00 0.0000 0.0 0.0 1.0000 -0.300 0.000 0 0 0 0
94.10 7.740 13.000 3.00 0.0000 0.0 0.0 1.0000 -0.300 0.000 0 0 0 0
94.20 7.710 13.000 3.00 0.0000 0.0 0.0 1.0000 -0.300 0.000 0 0 0 0
94.30 7.680 13.000 3.00 0.0000 0.0 0.0 1.0000 -0.300 0.000 0 0 0 0
94.40 7.650 13.000 3.00 0.0000 0.0 0.0 1.0000 -0.300 0.000 0 0 0 0
94.50 7.620 13.000 3.00 0.0000 0.0 0.0 1.0000 -0.300 0.000 0 0 0 0
94.60 7.590 13.000 3.00 0.0000 0.0 0.0 1.0000 -0.300 0.000 0 0 0 0
94.70 7.560 13.000 3.00 0.0000 0.0 0.0 1.0000 -0.300 0.000 0 0 0 0
94.80 7.530 13.000 3.00 0.0000 0.0 0.0 1.0000 -0.300 0.000 0 0 0 0
94.90 7.500 13.000 3.00 0.0000 0.0 0.0 1.0000 -0.300 0.000 0 0 0 0
95.00 7.470 13.000 3.00 0.0000 0.0 0.0 1.0000 -0.300 0.000 0 0 0 0
95.10 7.440 13.000 3.00 0.0000 0.0 0.0 1.0000 -0.300 0.000 0 0 0 0
95.20 7.410 13.000 3.00 0.0000 0.0 0.0 1.0000 -0.300 0.000 0 0 0 0
95.30 7.380 13.000 3.00 0.0000 0.0 0.0 1.0000 -0.300 0.000 0 0 0 0
95.40 7.350 13.000 3.00 0.0000 0.0 0.0 1.0000 -0.300 0.000 0 0 0 0
95.50 7.320 13.000 3.00 0.0000 0.0 0.0 1.0000 -0.300 0.000 0 0 0 0
95.60 7.290 13.000 3.00 0.0000 0.0 0.0 1.0000 -0.300 0.000 0 0 0 0
95.70 7.260 13.000 3.00 0.0000 0.0 0.0 1.0000 -0.300 0.000 0 0 0 0
95.80 7.230 13.000 3.00 0.0000 0.0 0.0 1.0000 -0.300 0.000 0 0 0 0
95.90 7.200 13.000 3.00 0.0000 0.0 0.0 1.0000 -0.300 0.000 0 0 0 0
96.00 7.170 13.000 3.00 0.0000 0.0 0.0 1.0000 -0.300 0.000 0 0 0 0
96.10 7.140 13.000 3.00 0.0000 0.0 0.0 1.0000 -0.300 0.000 0 0 0 0
96.20 7.110 13.000 3.00 0.0000 0.0 0.0 1.0000 -0.300 0.000 0 0 0 0
96.30 7.080 13.000 3.00 0.0000 0.0 0.0 1.0000 -0.300 0.000 0 0 0 0
96.40 7.050 13.000 3.00 0.0000 0.0 0.0 1.0000 -0.300 0.000 0 0 0 0
96.50 7.020 13.000 3.00 0.0000 0.0 0.0 1.0000 -0.300 0.000 0 0 0 0
96.60 6.990 13.000 3.00 0.0000 0.0 0.0 1.0000 -0.300 0.000 0 0 0 0
96.70 6.960 13.000 3.00 0.0000 0.0 0.0 1.0000 -0.300 0.000 0 0 0 0
96.80 6.930 13.000 3.00 0.0000 0.0 0.0 1.0000 -0.300 0.000 0 0 0 0
96.90 6.900 13.000 3.00 0.0000 0.0 0.0 1.0000 -0.300 0.000 0 0 0 0
97.00 6.870 13.000 3.00 0.0000 0.0 0.0 1.0000 -0.300 0.000 0 0 0 0
97.10 6.840 13.000 3.00 0.0000 0.0 0.0 1.0000 -0.300 0.000 0 0 0 0
97.20 6.810 13.000 3.00 0.0000 0.0 0.0 1.0000 -0.300 0.000 0 0 0 0
97.30 6.780 13.000 3.00 0.0000 0.0 0.0 1.0000 -0.300 0.000 0 0 0 0
97.40 6.750 13.000 3.00 0.0000 0.0 0.0 1.0000 -0.300 0.000 0 0 0 0
97.50 6.720 13.000 3.00 0.0000 0.0 0.0 1.0000 -0.300 0.000 0 0 0 0
97.60 6.690 13.000 3.00 0.0000 0.0 0.0 1.0000 -0.300 0.000 0 0 0 0
97.70 6.660 13.000 3.00 0.0000 0.0 0.0 1.0000 -0.300 0.000 0 0 0 0
97.80 6.630 13.000 3.00 0.0000 0.0 0.0 1.0000 -0.300 0.000 0 0 0 0
97.90 6.600 13.000 3.00 0.0000 0.0 0.0 1.0000 -0.300 0.000 0 0 0 0
98.00 6.570 13.000 3.00 0.0000 0.0 0.0 1.0000 -0.300 0.000 0 0 0 0
98.10 6.540 13.000 3.00 0.0000 0.0 0.0 1.0000 -0.300 0.000 0 0 0 0
98.20 6.510 13.000 3.00 0.0000 0.0 0.0 1.0000 -0.300 0.000 0 0 0 0
98.30 6.480 13.000 3.00 0.0000 0.0 0.0 1.0000 -0.300 0.000 0 0 0 0
98.40 6.450 13.000 3.00 0.0000 0.0 0.0 1.0000 -0.300 0.000 0 0 0 0
98.50 6.420 13.000 3.00 0.0000 0.0 0.0 1.0000 -0.300 0.000 0 0 0 0
98.60 6.390 13.000 3.00 0.0000 0.0 0.0 1.0000 -0.300 0.000 0 0 0 0
98.70 6.360 13.000 3.00 0.0000 0.0 0.0 1.0000 -0.300 0.000 0 0 0 0
98.80 6.330 13.000 3.00 0.0000 0.0 0.0 1.0000 -0.300 0.000 0 0 0 0
98.90 6.300 13.000 3.00 0.0000 0.0 0.0 1.0000 -0.300 0.000 0 0 0 0
99.00 6.270 13.000 3.00 0.0000 0.0 0.0 1.0000 -0.300 0.000 0 0 0 0
99.10 6.240 13.000 3.00 0.0000 0.0 0.0 1.0000 -0.300 0.000 0 0 0 0
99.20 6.210 13.000 3.00 0.0000 0.0 0.0 1.0000 -0.300 0.000 0 0 0 0
99.30 6.180 13.000 3.00 0.0000 0.0 0.0 1.0000 -0.300 0.000 0 0 0 0
99.40 6.150 13.000 3.00 0.0000 0.0 0.0 1.0000 -0.300 0.000 0 0 0 0
99.50 6.120 13.000 3.00 0.0000 0.0 0.0 1.0000 -0.300 0.000 0 0 0 0
99.60 6.090 13.000 3.00 0.0000 0.0 0.0 1.0000 -0.300 0.000 0 0 0 0
99.70 6.060 13.000 3.00 0.0000 0.0 0.0 1.0000 -0.300 0.000 0 0 0 0
99.80 6.030 13.000 3.00 0.0000 0.0 0.0 1.0000 -0.300 0.000 0 0 0 0
99.90 6.000 13.000 3.00 0.0000 0.0 0.0 1.0000 -0.300 0.000 0 0 0 0
100.00 5.970 11.000 3.00 0.0000 0.0 0.0 1.0000 -0.300 0.000 0 0 0 0
100.10 5.940 11.000 3.00 0.0000 0.0 0.0 1.0000 -0.300 0.000 0 0 0 0
100.20 5.910 11.000 3.00 0.0000 0.0 0.0 1.0000 -0.300 0.000 0 0 0 0
100.30 5.880 11.000 3.00 0.0000 0.0 0.0 1.0000 -0.300 0.000 0 0 0 0
100.40 5.850 11.000 3.00 0.0000 0.0 0.0 1.0000 -0.300 0.000 0 0 0 0
100.50 5.820 11.000 3.00 0.0000 0.0 0.0 1.0000 -0.300 0.000 0 0 0 0
100.60 5.790 11.000 3.00 0.0000 0.0 0.0 1.0000 -0.300 0.000 0 0 0 0
100.70 5.760 11.000 3.00 0.0000 0.0 0.0 1.0000 -0.300 0.000 0 0 0 0
100.80 5.730 11.000 3.00 0.0000 0.0 0.0 1.0000 -0.300 0.000 0 0 0 0
100.90 5.700 11.000 3.00 0.0000 0.0 0.0 1.0000 -0.300 0.000 0 0 0 0
101.00 5.670 11.000 3.00 0.0000 0.0 0.0 1.0000 -0.300 0.000 0 0 0 0
101.10 5.640 11.000 3.00 0.0000 0.0 0.0 1.0000 -0.300 0.000 0 0 0 0
101.20 5.610 11.000 3.00 0.0000 0.0 0.0 1.0000 -0.300 0.000 0 0 0 0
101.30 5.580 11.000 3.00 0.0000 0.0 0.0 1.0000 -0.300 0.000 0 0 0 0
101.40 5.550 11.000 3.00 0.0000 0.0 0.0 1.0000 -0.300 0.000 0 0 0 0
101.50 5.520 11.000 3.00 0.0000 0.0 0.0 1.0000 -0.300 0.000 0 0 0 0
101.60 5.490 11.000 3.00 0.0000 0.0 0.0 1.0000 -0.300 0.000 0 0 0 0
101.70 5.460 11.000 3.00 0.0000 0.0 0.0 1.0000 -0.300 0.000 0 0 0 0
101.80 5.430 11.000 3.00 0.0000 0.0 0.0 1.0000 -0.300 0.000 0 0 0 0
101.90 5.400 11.000 3.00 0.0000 0.0 0.0 1.0000 -0.300 0.000 0 0 0 0
102.00 5.370 11.000 3.00 0.0000 0.0 0.0 1.0000 -0.300 0.000 0 0 0 0
102.10 5.340 11.000 3.00 0.0000 0.0 0.0 1.0000 -0.300 0.000 0 0 0 0
102.20 5.310 11.000 3.00 0.0000 0.0 0.0 1.0000 -0.300 0.000 0 0 0 0
102.30 5.280 11.000 3.00 0.0000 0.0 0.0 1.0000 -0.300 0.000 0 0 0 0
102.40 5.250 11.000 3.00 0.0000 0.0 0.0 1.0000 -0.300 0.000 0 0 0 0
102.50 5.220 11.000 3.00 0.0000 0.0 0.0 1.0000 -0.300 0.000 0 0 0 0
102.60 5.190 11.000 3.00 0.0000 0.0 0.0 1.0000 -0.300 0.000 0 0 0 0
102.70 5.160 11.000 3.00 0.0000 0.0 0.0 1.0000 -0.300 0.000 0 0 0 0
102.80 5.130 11.000 3.00 0.0000 0.0 0.0 1.0000 -0.300 0.000 0 0 0 0
102.90 5.100 11.000 3.00 0.0000 0.0 0.0 1.0000 -0.300 0.000 0 0 0 0
103.00 5.070 11.000 3.00 0.0000 0.0 0.0 1.0000 -0.300 0.000 0 0 0 0
103.10 5.040 11.000 3.00 0.0000 0.0 0.0 1.0000 -0.300 0.000 0 0 0 0
103.20 5.010 11.000 3.00 0.0000 0.0 0.0 1.0000 -0.300 0.000 0 0 0 0
103.30 4.980 11.000 3.00 0.0000 0.0 0.0 1.0000 -0.300 0.000 0 0 0 0
103.40 4.950 11.000 3.00 0.0000 0.0 0.0 1.0000 -0.300 0.000 0 0 0 0
103.50 4.920 11.000 3.00 0.0000 0.0 0.0 1.0000 -0.300 0.000 0 0 0 0
103.60 4.890 11.000 3.00 0.0000 0.0 0.0 1.0000 -0.300 0.000 0 0 0 0
103.70 4.860 11.000 3.00 0.0000 0.0 0.0 1.0000 -0.300 0.000 0 0 0 0
103.80 4.830 11.000 3.00 0.0000 0.0 0.0 1.0000 -0.300 0.000 0 0 0 0
103.90 4.800 11.000 3.00 0.0000 0.0 0.0 1.0000 -0.300 0.000 0 0 0 0
104.00 4.770 11.000 3.00 0.0000 0.0 0.0 1.0000 -0.300 0.000 0 0 0 0
104.10 4.740 11.000 3.00 0.0000 0.0 0.0 1.0000 -0.300 0.000 0 0 0 0
104.20 4.710 11.000 3.00 0.0000 0.0 0.0 1.0000 -0.300 0.000 0 0 0 0
104.30 4.680 11.000 3.00 0.0000 0.0 0.0 1.0000 -0.300 0.000 0 0 0 0
104.40 4.650 11.000 3.00 0.0000 0.0 0.0 1.0000 -0.300 0.000 0 0 0 0
104.50 4.620 11.000 3.00 0.0000 0.0 0.0 1.0000 -0.300 0.000 0 0 0 0
104.60 4.590 11.000 3.00 0.0000 0.0 0.0 1.0000 -0.300 0.000 0 0 0 0
104.70 4.560 11.000 3.00 0.0000 0.0 0.0 1.0000 -0.300 0.000 0 0 0 0
104.80 4.530 11.000 3.00 0.0000 0.0 0.0 1.0000 -0.300 0.000 0 0 0 0
104.90 4.500 11.000 3.00 0.0000 0.0 0.0 1.0000 -0.300 0.000 0 0 0 0
105.00 4.470 11.000 3.00 0.0000 0.0 0.0 1.0000 -0.300 0.000 0 0 0 0
105.10 4.440 11.000 3.00 0.0000 0.0 0.0 1.0000 -0.300 0.000 0 0 0 0
105.20 4.410 11.000 3.00 0.0000 0.0 0.0 1.0000 -0.300 0.000 0 0 0 0
105.30 4.380 11.000 3.00 0.0000 0.0 0.0 1.0000 -0.300 0.000 0 0 0 0
105.40 4.350 11.000 3.00 0.0000 0.0 0.0 1.0000 -0.300 0.000 0 0 0 0
105.50 4.320 11.000 3.00 0.0000 0.0 0.0 1.0000 -0.300 0.000 0 0 0 0
105.60 4.290 11.000 3.00 0.0000 0.0 0.0 1.0000 -0.300 0.000 0 0 0 0
105.70 4.260 11.000 3.00 0.0000 0.0 0.0 1.0000 -0.300 0.000 0 0 0 0
105.80 4.230 11.000 3.00 0.0000 0.0 0.0 1.0000 -0.300 0.000 0 0 0 0
105.90 4.200 11.000 3.00 0.0000 0.0 0.0 1.0000 -0.300 0.000 0 0 0 0
106.00 4.170 11.000 3.00 0.0000 0.0 0.0 1.0000 -0.300 0.000 0 0 0 0
106.10 4.140 11.000 3.00 0.0000 0.0 0.0 1.0000 -0.300 0.000 0 0 0 0
106.20 4.110 11.000 3.00 0.0000 0.0 0.0 1.0000 -0.300 0.000 0 0 0 0
106.30 4.080 11.000 3.00 0.0000 0.0 0.0 1.0000 -0.300 0.000 0 0 0 0
106.40 4.050 11.000 3.00 0.0000 0.0 0.0 1.0000 -0.300 0.000 0 0 0 0
106.50 4.020 11.000 3.00 0.0000 0.0 0.0 1.0000 -0.300 0.000 0 0 0 0
106.60 3.990 11.000 3.00 0.0000 0.0 0.0 1.0000 -0.300 0.000 0 0 0 0
106.70 3.960 11.000 3.00 0.0000 0.0 0.0 1.0000 -0.300 0.000 0 0 0 0
106.80 3.930 11.000 3.00 0.0000 0.0 0.0 1.0000 -0.300 0.000 0 0 0 0
106.90 3.900 11.000 3.00 0.0000 0.0 0.0 1.0000 -0.300 0.000 0 0 0 0
107.00 3.870 11.000 3.00 0.0000 0.0 0.0 1.0000 -0.300 0.000 0 0 0 0
107.10 3.840 11.000 3.00 0.0000 0.0 0.0 1.0000 -0.300 0.000 0 0 0 0
107.20 3.810 11.000 3.00 0.0000 0.0 0.0 1.0000 -0.300 0.000 0 0 0 0
107.30 3.780 11.000 3.00 0.0000 0.0 0.0 1.0000 -0.300 0.000 0 0 0 0
107.40 3.750 11.000 3.00 0.0000 0.0 0.0 1.0000 -0.300 0.000 0 0 0 0
107.50 3.720 11.000 3.00 0.0000 0.0 0.0 1.0000 -0.300 0.000 0 0 0 0
107.60 3.690 11.000 3.00 0.0000 0.0 0.0 1.0000 -0.300 0.000 0 0 0 0
107.70 3.660 11.000 3.00 0.0000 0.0 0.0 1.0000 -0.300 0.000 0 0 0 0
107.80 3.630 11.000 3.00 0.0000 0.0 0.0 1.0000 -0.300 0.000 0 0 0 0
107.90 3.600 11.000 3.00 0.0000 0.0 0.0 1.0000 -0.300 0.000 0 0 0 0
108.00 3.570 11.000 3.00 0.0000 0.0 0.0 1.0000 -0.300 0.000 0 0 0 0
108.10 3.540 11.000 3.00 0.0000 0.0 0.0 1.0000 -0.300 0.000 0 0 0 0
108.20 3.510 11.000 3.00 0.0000 0.0 0.0 1.0000 -0.300 0.000 0 0 0 0
108.30 3.480 11.000 3.00 0.0000 0.0 0.0 1.0000 -0.300 0.000 0 0 0 0
108.40 3.450 11.000 3.00 0.0000 0.0 0.0 1.0000 -0.300 0.000 0 0 0 0
108.50 3.420 11.000 3.00 0.0000 0.0 0.0 1.0000 -0.300 0.000 0 0 0 0
108.60 3.390 11.000 3.00 0.0000 0.0 0.0 1.0000 -0.300 0.000 0 0 0 0
108.70 3.360 11.000 3.00 0.0000 0.0 0.0 1.0000 -0.300 0.000 0 0 0 0
108.80 3.330 11.000 3.00 0.0000 0.0 0.0 1.0000 -0.300 0.000 0 0 0 0
108.90 3.300 11.000 3.00 0.0000 0.0 0.0 1.0000 -0.300 0.000 0 0 0 0
109.00 3.270 11.000 3.00 0.0000 0.0 0.0 1.0000 -0.300 0.000 0 0 0 0
109.10 3.240 11.000 3.00 0.0000 0.0 0.0 1.0000 -0.300 0.000 0 0 0 0
109.20 3.210 11.000 3.00 0.0000 0.0 0.0 1.0000 -0.300 0.000 0 0 0 0
109.30 3.180 11.000 3.00 0.0000 0.0 0.0 1.0000 -0.300 0.000 0 0 0 0
109.40 3.150 11.000 3.00 0.0000 0.0 0.0 1.0000 -0.300 0.000 0 0 0 0
109.50 3.120 11.000 3.00 0.0000 0.0 0.0 1.0000 -0.300 0.000 0 0 0 0
109.60 3.090 11.000 3.00 0.0000 0.0 0.0 1.0000 -0.300 0.000 0 0 0 0
109.70 3.060 11.000 3.00 0.0000 0.0 0.0 1.0000 -0.300 0.000 0 0 0 0
109.80 3.030 11.000 3.00 0.0000 0.0 0.0 1.0000 -0.300 0.000 0 0 0 0
109.90 3.000 11.000 3.00 0.0000 0.0 0.0 1.0000 -0.300 0.000 0 0 0 0
110.00 2.970 13.000 3.00 0.0000 0.0 0.0 1.0000 -0.300 0.000 0 0 0 0
110.10 2.940 13.000 3.00 0.0000 0.0 0.0 1.0000 -0.300 0.000 0 0 0 0
110.20 2.910 13.000 3.00 0.0000 0.0 0.0 1.0000 -0.300 0.000 0 0 0 0
110.30 2.880 13.000 3.00 0.0000 0.0 0.0 1.0000 -0.300 0.000 0 0 0 0
110.40 2.850 13.000 3.00 0.0000 0.0 0.0 1.0000 -0.300 0.000 0 0 0 0
110.50 2.820 13.000 3.00 0.0000 0.0 0.0 1.0000 -0.300 0.000 0 0 0 0
110.60 2.790 13.000 3.00 0.0000 0.0 0.0 1.0000 -0.300 0.000 0 0 0 0
110.70 2.760 13.000 3.00 0.0000 0.0 0.0 1.0000 -0.300 0.000 0 0 0 0
110.80 2.730 13.000 3.00 0.0000 0.0 0.0 1.0000 -0.300 0.000 0 0 0 0
110.90 2.700 13.000 3.00 0.0000 0.0 0.0 1.0000 -0.300 0.000 0 0 0 0
111.00 2.670 13.000 3.00 0.0000 0.0 0.0 1.0000 -0.300 0.000 0 0 0 0
111.10 2.640 13.000 3.00 0.0000 0.0 0.0 1.0000 -0.300 0.000 0 0 0 0
111.20 2.610 13.000 3.00 0.0000 0.0 0.0 1.0000 -0.300 0.000 0 0 0 0
111.30 2.580 13.000 3.00 0.0000 0.0 0.0 1.0000 -0.300 0.000 0 0 0 0
111.40 2.550 13.000 3.00 0.0000 0.0 0.0 1.0000 -0.300 0.000 0 0 0 0
111.50 2.520 13.000 3.00 0.0000 0.0 0.0 1.0000 -0.300 0.000 0 0 0 0
111.60 2.490 13.000 3.00 0.0000 0.0 0.0 1.0000 -0.300 0.000 0 0 0 0
111.70 2.460 13.000 3.00 0.0000 0.0 0.0 1.0000 -0.300 0.000 0 0 0 0
111.80 2.430 13.000 3.00 0.0000 0.0 0.0 1.0000 -0.300 0.000 0 0 0 0
111.90 2.400 13.000 3.00 0.0000 0.0 0.0 1.0000 -0.300 0.000 0 0 0 0
112.00 2.370 13.000 3.00 0.0000 0.0 0.0 1.0000 -0.300 0.000 0 0 0 0
112.10 2.340 13.000 3.00 0.0000 0.0 0.0 1.0000 -0.300 0.000 0 0 0 0
112.20 2.310 13.000 3.00 0.0000 0.0 0.0 1.0000 -0.300 0.000 0 0 0 0
112.30 2.280 13.000 3.00 0.0000 0.0 0.0 1.0000 -0.300 0.000 0 0 0 0
112.40 2.250 13.000 3.00 0.0000 0.0 0.0 1.0000 -0.300 0.000 0 0 0 0
112.50 2.220 13.000 3.00 0.0000 0.0 0.0 1.0000 -0.300 0.000 0 0 0 0
112.60 2.190 13.000 3.00 0.0000 0.0 0.0 1.0000 -0.300 0.000 0 0 0 0
112.70 2.160 13.000 3.00 0.0000 0.0 0.0 1.0000 -0.300 0.000 0 0 0 0
112.80 2.130 13.000 3.00 0.0000 0.0 0.0 1.0000 -0.300 0.000 0 0 0 0
112.90 2.100 13.000 3.00 0.0000 0.0 0.0 1.0000 -0.300 0.000 0 0 0 0
113.00 2.070 13.000 3.00 0.0000 0.0 0.0 1.0000 -0.300 0.000 0 0 0 0
113.10 2.040 13.000 3.00 0.0000 0.0 0.0 1.0000 -0.300 0.000 0 0 0 0
113.20 2.010 13.000 3.00 0.0000 0.0 0.0 1.0000 -0.300 0.000 0 0 0 0
113.30 1.980 13.000 3.00 0.0000 0.0 0.0 1.0000 -0.300 0.000 0 0 0 0
113.40 1.950 13.000 3.00 0.0000 0.0 0.0 1.0000 -0.300 0.000 0 0 0 0
113.50 1.920 13.000 3.00 0.0000 0.0 0.0 1.0000 -0.300 0.000 0 0 0 0
113.60 1.890 13.000 3.00 0.0000 0.0 0.0 1.0000 -0.300 0.000 0 0 0 0
113.70 1.860 13.000 3.00 0.0000 0.0 0.0 1.0000 -0.300 0.000 0 0 0 0
113.80 1.830 13.000 3.00 0.0000 0.0 0.0 1.0000 -0.300 0.000 0 0 0 0
113.90 1.800 13.000 3.00 0.0000 0.0 0.0 1.0000 -0.300 0.000 0 0 0 0
114.00 1.770 13.000 3.00 0.0000 0.0 0.0 1.0000 -0.300 0.000 0 0 0 0
114.10 1.740 13.000 3.00 0.0000 0.0 0.0 1.0000 -0.300 0.000 0 0 0 0
114.20 1.710 13.000 3.00 0.0000 0.0 0.0 1.0000 -0.300 0.000 0 0 0 0
114.30 1.680 13.000 3.00 0.0000 0.0 0.0 1.0000 -0.300 0.000 0 0 0 0
114.40 1.650 13.000 3.00 0.0000 0.0 0.0 1.0000 -0.300 0.000 0 0 0 0
114.50 1.620 13.000 3.00 0.0000 0.0 0.0 1.0000 -0.300 0.000 0 0 0 0
114.60 1.590 13.000 3.00 0.0000 0.0 0.0 1.0000 -0.300 0.000 0 0 0 0
114.70 1.560 13.000 3.00 0.0000 0.0 0.0 1.0000 -0.300 0.000 0 0 0 0
114.80 1.530 13.000 3.00 0.0000 0.0 0.0 1.0000 -0.300 0.000 0 0 0 0
114.90 1.500 13.000 3.00 0.0000 0.0 0.0 1.0000 -0.300 0.000 0 0 0 0
115.00 1.470 13.000 3.00 0.0000 0.0 0.0 1.0000 -0.300 0.000 0 0 0 0
115.10 1.440 13.000 3.00 0.0000 0.0 0.0 1.0000 -0.300 0.000 0 0 0 0
115.20 1.410 13.000 3.00 0.0000 0.0 0.0 1.0000 -0.300 0.000 0 0 0 0
115.30 1.380 13.000 3.00 0.0000 0.0 0.0 1.0000 -0.300 0.000 0 0 0 0
115.40 1.350 13.000 3.00 0.0000 0.0 0.0 1.0000 -0.300 0.000 0 0 0 0
115.50 1.320 13.000 3.00 0.0000 0.0 0.0 1.0000 -0.300 0.000 0 0 0 0
115.60 1.290 13.000 3.00 0.0000 0.0 0.0 1.0000 -0.300 0.000 0 0 0 0
115.70 1.260 13.000 3.00 0.0000 0.0 0.0 1.0000 -0.300 0.000 0 0 0 0
115.80 1.230 13.000 3.00 0.0000 0.0 0.0 1.0000 -0.300 0.000 0 0 0 0
115.90 1.200 13.000 3.00 0.0000 0.0 0.0 1.0000 -0.300 0.000 0 0 0 0
116.00 1.170 13.000 3.00 0.0000 0.0 0.0 1.0000 -0.300 0.000 0 0 0 0
116.10 1.140 13.000 3.00 0.0000 0.0 0.0 1.0000 -0.300 0.000 0 0 0 0
116.20 1.110 13.000 3.00 0.0000 0.0 0.0 1.0000 -0.300 0.000 0 0 0 0
116.30 1.080 13.000 3.00 0.0000 0.0 0.0 1.0000 -0.300 0.000 0 0 0 0
116.40 1.050 13.000 3.00 0.0000 0.0 0.0 1.0000 -0.300 0.000 0 0 0 0
116.50 1.020 13.000 3.00 0.0000 0.0 0.0 1.0000 -0.300 0.000 0 0 0 0
116.60 0.990 13.000 3.00 0.0000 0.0 0.0 1.0000 -0.300 0.000 0 0 0 0
116.70 0.960 13.000 3.00 0.0000 0.0 0.0 1.0000 -0.300 0.000 0 0 0 0
116.80 0.930 13.000 3.00 0.0000 0.0 0.0 1.0000 -0.300 0.000 0 0 0 0
116.90 0.900 13.000 3.00 0.0000 0.0 0.0 1.0000 -0.300 0.000 0 0 0 0
117.00 0.870 13.000 3.00 0.0000 0.0 0.0 1.0000 -0.300 0.000 0 0 0 0
117.10 0.840 13.000 3.00 0.0000 0.0 0.0 1.0000 -0.300 0.000 0 0 0 0
117.20 0.810 13.000 3.00 0.0000 0.0 0.0 1.0000 -0.300 0.000 0 0 0 0
117.30 0.780 13.000 3.00 0.0000 0.0 0.0 1.0000 -0.300 0.000 0 0 0 0
117.40 0.750 13.000 3.00 0.0000 0.0 0.0 1.0000 -0.300 0.000 0 0 0 0
117.50 0.720 13.000 3.00 0.0000 0.0 0.0 1.0000 -0.300 0.000 0 0 0 0
117.60 0.690 13.000 3.00 0.0000 0.0 0.0 1.0000 -0.300 0.000 0 0 0 0
117.70 0.660 13.000 3.00 0.0000 0.0 0.0 1.0000 -0.300 0.000 0 0 0 0
117.80 0.630 13.000 3.00 0.0000 0.0 0.0 1.0000 -0.300 0.000 0 0 0 0
117.90 0.600 13.000 3.00 0.0000 0.0 0.0 1.0000 -0.300 0.000 0 0 0 0
118.00 0.570 13.000 3.00 0.0000 0.0 0.0 1.0000 -0.300 0.000 0 0 0 0
118.10 0.540 13.000 3.00 0.0000 0.0 0.0 1.0000 -0.300 0.000 0 0 0 0
118.20 0.510 13.000 3.00 0.0000 0.0 0.0 1.0000 -0.300 0.000 0 0 0 0
118.30 0.480 13.000 3.00 0.0000 0.0 0.0 1.0000 -0.300 0.000 0 0 0 0
118.40 0.450 13.000 3.00 0.0000 0.0 0.0 1.0000 -0.300 0.000 0 0 0 0
118.50 0.420 13.000 3.00 0.0000 0.0 0.0 1.0000 -0.300 0.000 0 0 0 0
118.60 0.390 13.000 3.00 0.0000 0.0 0.0 1.0000 -0.300 0.000 0 0 0 0
118.70 0.360 13.000 3.00 0.0000 0.0 0.0 1.0000 -0.300 0.000 0 0 0 0
118.80 0.330 13.000 3.00 0.0000 0.0 0.0 1.0000 -0.300 0.000 0 0 0 0
118.90 0.300 13.000 3.00 0.0000 0.0 0.0 1.0000 -0.300 0.000 0 0 0 0
119.00 0.270 13.000 3.00 0.0000 0.0 0.0 1.0000 -0.300 0.000 0 0 0 0
119.10 0.240 13.000 3.00 0.0000 0.0 0.0 1.0000 -0.300 0.000 0 0 0 0
119.20 0.210 13.000 3.00 0.0000 0.0 0.0 1.0000 -0.300 0.000 0 0 0 0
119.30 0.180 13.000 3.00 0.0000 0.0 0.0 1.0000 -0.300 0.000 0 0 0 0
119.40 0.150 13.000 3.00 0.0000 0.0 0.0 1.0000 -0.300 0.000 0 0 0 0
119.50 0.120 13.000 3.00 0.0000 0.0 0.0 1.0000 -0.300 0.000 0 0 0 0
119.60 0.090 13.000 3.00 0.0000 0.0 0.0 1.0000 -0.300 0.000 0 0 0 0
119.70 0.060 13.000 3.00 0.0000 0.0 0.0 1.0000 -0.300 0.000 0 0 0 0
119.80 0.030 13.000 3.00 0.0000 0.0 0.0 1.0000 -0.300 0.000 0 0 0 0
119.90 0.000 13.000 3.00 0.0000 0.0 0.0 1.0000 -0.300 0.000 0 0 0 0
120.00 1.000 11.970 3.00 0.7071 0.0 0.0 -0.7071 0.000 -0.300 0 0 0 0
120.10 1.000 11.940 3.00 0.7071 0.0 0.0 -0.7071 0.000 -0.300 0 0 0 0
120.20 1.000 11.910 3.00 0.7071 0.0 0.0 -0.7071 0.000 -0.300 0 0 0 0
120.30 1.000 11.880 3.00 0.7071 0.0 0.0 -0.7071 0.000 -0.300 0 0 0 0
120.40 1.000 11.850 3.00 0.7071 0.0 0.0 -0.7071 0.000 -0.300 0 0 0 0
120.50 1.000 11.820 3.00 0.7071 0.0 0.0 -0.7071 0.000 -0.300 0 0 0 0
120.60 1.000 11.790 3.00 0.7071 0.0 0.0 -0.7071 0.000 -0.300 0 0 0 0
120.70 1.000 11.760 3.00 0.7071 0.0 0.0 -0.7071 0.000 -0.300 0 0 0 0
120.80 1.000 11.730 3.00 0.7071 0.0 0.0 -0.7071 0.000 -0.300 0 0 0 0
120.90 1.000 11.700 3.00 0.7071 0.0 0.0 -0.7071 0.000 -0.300 0 0 0 0
121.00 1.000 11.670 3.00 0.7071 0.0 0.0 -0.7071 0.000 -0.300 0 0 0 0
121.10 1.000 11.640 3.00 0.7071 0.0 0.0 -0.7071 0.000 -0.300 0 0 0 0
121.20 1.000 11.610 3.00 0.7071 0.0 0.0 -0.7071 0.000 -0.300 0 0 0 0
121.30 1.000 11.580 3.00 0.7071 0.0 0.0 -0.7071 0.000 -0.300 0 0 0 0
121.40 1.000 11.550 3.00 0.7071 0.0 0.0 -0.7071 0.000 -0.300 0 0 0 0
121.50 1.000 11.520 3.00 0.7071 0.0 0.0 -0.7071 0.000 -0.300 0 0 0 0
121.60 1.000 11.490 3.00 0.7071 0.0 0.0 -0.7071 0.000 -0.300 0 0 0 0
121.70 1.000 11.460 3.00 0.7071 0.0 0.0 -0.7071 0.000 -0.300 0 0 0 0
121.80 1.000 11.430 3.00 0.7071 0.0 0.0 -0.7071 0.000 -0.300 0 0 0 0
121.90 1.000 11.400 3.00 0.7071 0.0 0.0 -0.7071 0.000 -0.300 0 0 0 0
122.00 1.000 11.370 3.00 0.7071 0.0 0.0 -0.7071 0.000 -0.300 0 0 0 0
122.10 1.000 11.340 3.00 0.7071 0.0 0.0 -0.7071 0.000 -0.300 0 0 0 0
122.20 1.000 11.310 3.00 0.7071 0.0 0.0 -0.7071 0.000 -0.300 0 0 0 0
122.30 1.000 11.280 3.00 0.7071 0.0 0.0 -0.7071 0.000 -0.300 0 0 0 0
122.40 1.000 11.250 3.00 0.7071 0.0 0.0 -0.7071 0.000 -0.300 0 0 0 0
122.50 1.000 11.220 3.00 0.7071 0.0 0.0 -0.7071 0.000 -0.300 0 0 0 0
122.60 1.000 11.190 3.00 0.7071 0.0 0.0 -0.7071 0.000 -0.300 0 0 0 0
122.70 1.000 11.160 3.00 0.7071 0.0 0.0 -0.7071 0.000 -0.300 0 0 0 0
122.80 1.000 11.130 3.00 0.7071 0.0 0.0 -0.7071 0.000 -0.300 0 0 0 0
122.90 1.000 11.100 3.00 0.7071 0.0 0.0 -0.7071 0.000 -0.300 0 0 0 0
123.00 1.000 11.070 3.00 0.7071 0.0 0.0 -0.7071 0.000 -0.300 0 0 0 0
123.10 1.000 11.040 3.00 0.7071 0.0 0.0 -0.7071 0.000 -0.300 0 0 0 0
123.20 1.000 11.010 3.00 0.7071 0.0 0.0 -0.7071 0.000 -0.300 0 0 0 0
123.30 1.000 10.980 3.00 0.7071 0.0 0.0 -0.7071 0.000 -0.300 0 0 0 0
123.40 1.000 10.950 3.00 0.7071 0.0 0.0 -0.7071 0.000 -0.300 0 0 0 0
123.50 1.000 10.920 3.00 0.7071 0.0 0.0 -0.7071 0.000 -0.300 0 0 0 0
123.60 1.000 10.890 3.00 0.7071 0.0 0.0 -0.7071 0.000 -0.300 0 0 0 0
123.70 1.000 10.860 3.00 0.7071 0.0 0.0 -0.7071 0.000 -0.300 0 0 0 0
123.80 1.000 10.830 3.00 0.7071 0.0 0.0 -0.7071 0.000 -0.300 0 0 0 0
123.90 1.000 10.800 3.00 0.7071 0.0 0.0 -0.7071 0.000 -0.300 0 0 0 0
124.00 1.000 10.770 3.00 0.7071 0.0 0.0 -0.7071 0.000 -0.300 0 0 0 0
124.10 1.000 10.740 3.00 0.7071 0.0 0.0 -0.7071 0.000 -0.300 0 0 0 0
124.20 1.000 10.710 3.00 0.7071 0.0 0.0 -0.7071 0.000 -0.300 0 0 0 0
124.30 1.000 10.680 3.00 0.7071 0.0 0.0 -0.7071 0.000 -0.300 0 0 0 0
124.40 1.000 10.650 3.00 0.7071 0.0 0.0 -0.7071 0.000 -0.300 0 0 0 0
124.50 1.000 10.620 3.00 0.7071 0.0 0.0 -0.7071 0.000 -0.300 0 0 0 0
124.60 1.000 10.590 3.00 0.7071 0.0 0.0 -0.7071 0.000 -0.300 0 0 0 0
124.70 1.000 10.560 3.00 0.7071 0.0 0.0 -0.7071 0.000 -0.300 0 0 0 0
124.80 1.000 10.530 3.00 0.7071 0.0 0.0 -0.7071 0.000 -0.300 0 0 0 0
124.90 1.000 10.500 3.00 0.7071 0.0 0.0 -0.7071 0.000 -0.300 0 0 0 0
125.00 1.000 10.470 3.00 0.7071 0.0 0.0 -0.7071 0.000 -0.300 0 0 0 0
125.10 1.000 10.440 3.00 0.7071 0.0 0.0 -0.7071 0.000 -0.300 0 0 0 0
125.20 1.000 10.410 3.00 0.7071 0.0 0.0 -0.7071 0.000 -0.300 0 0 0 0
125.30 1.000 10.380 3.00 0.7071 0.0 0.0 -0.7071 0.000 -0.300 0 0 0 0
125.40 1.000 10.350 3.00 0.7071 0.0 0.0 -0.7071 0.000 -0.300 0 0 0 0
125.50 1.000 10.320 3.00 0.7071 0.0 0.0 -0.7071 0.000 -0.300 0 0 0 0
125.60 1.000 10.290 3.00 0.7071 0.0 0.0 -0.7071 0.000 -0.300 0 0 0 0
125.70 1.000 10.260 3.00 0.7071 0.0 0.0 -0.7071 0.000 -0.300 0 0 0 0
125.80 1.000 10.230 3.00 0.7071 0.0 0.0 -0.7071 0.000 -0.300 0 0 0 0
125.90 1.000 10.200 3.00 0.7071 0.0 0.0 -0.7071 0.000 -0.300 0 0 0 0
126.00 1.000 10.170 3.00 0.7071 0.0 0.0 -0.7071 0.000 -0.300 0 0 0 0
126.10 1.000 10.140 3.00 0.7071 0.0 0.0 -0.7071 0.000 -0.300 0 0 0 0
126.20 1.000 10.110 3.00 0.7071 0.0 0.0 -0.7071 0.000 -0.300 0 0 0 0
126.30 1.000 10.080 3.00 0.7071 0.0 0.0 -0.7071 0.000 -0.300 0 0 0 0
126.40 1.000 10.050 3.00 0.7071 0.0 0.0 -0.7071 0.000 -0.300 0 0 0 0
126.50 1.000 10.020 3.00 0.7071 0.0 0.0 -0.7071 0.000 -0.300 0 0 0 0
126.60 1.000 9.990 3.00 0.7071 0.0 0.0 -0.7071 0.000 -0.300 0 0 0 0
126.70 1.000 9.960 3.00 0.7071 0.0 0.0 -0.7071 0.000 -0.300 0 0 0 0
126.80 1.000 9.930 3.00 0.7071 0.0 0.0 -0.7071 0.000 -0.300 0 0 0 0
126.90 1.000 9.900 3.00 0.7071 0.0 0.0 -0.7071 0.000 -0.300 0 0 0 0
127.00 1.000 9.870 3.00 0.7071 0.0 0.0 -0.7071 0.000 -0.300 0 0 0 0
127.10 1.000 9.840 3.00 0.7071 0.0 0.0 -0.7071 0.000 -0.300 0 0 0 0
127.20 1.000 9.810 3.00 0.7071 0.0 0.0 -0.7071 0.000 -0.300 0 0 0 0
127.30 1.000 9.780 3.00 0.7071 0.0 0.0 -0.7071 0.000 -0.300 0 0 0 0
127.40 1.000 9.750 3.00 0.7071 0.0 0.0 -0.7071 0.000 -0.300 0 0 0 0
127.50 1.000 9.720 3.00 0.7071 0.0 0.0 -0.7071 0.000 -0.300 0 0 0 0
127.60 1.000 9.690 3.00 0.7071 0.0 0.0 -0.7071 0.000 -0.300 0 0 0 0
127.70 1.000 9.660 3.00 0.7071 0.0 0.0 -0.7071 0.000 -0.300 0 0 0 0
127.80 1.000 9.630 3.00 0.7071 0.0 0.0 -0.7071 0.000 -0.300 0 0 0 0
127.90 1.000 9.600 3.00 0.7071 0.0 0.0 -0.7071 0.000 -0.300 0 0 0 0
128.00 1.000 9.570 3.00 0.7071 0.0 0.0 -0.7071 0.000 -0.300 0 0 0 0
128.10 1.000 9.540 3.00 0.7071 0.0 0.0 -0.7071 0.000 -0.300 0 0 0 0
128.20 1.000 9.510 3.00 0.7071 0.0 0.0 -0.7071 0.000 -0.300 0 0 0 0
128.30 1.000 9.480 3.00 0.7071 0.0 0.0 -0.7071 0.000 -0.300 0 0 0 0
128.40 1.000 9.450 3.00 0.7071 0.0 0.0 -0.7071 0.000 -0.300 0 0 0 0
128.50 1.000 9.420 3.00 0.7071 0.0 0.0 -0.7071 0.000 -0.300 0 0 0 0
128.60 1.000 9.390 3.00 0.7071 0.0 0.0 -0.7071 0.000 -0.300 0 0 0 0
128.70 1.000 9.360 3.00 0.7071 0.0 0.0 -0.7071 0.000 -0.300 0 0 0 0
128.80 1.000 9.330 3.00 0.7071 0.0 0.0 -0.7071 0.000 -0.300 0 0 0 0
128.90 1.000 9.300 3.00 0.7071 0.0 0.0 -0.7071 0.000 -0.300 0 0 0 0
129.00 1.000 9.270 3.00 0.7071 0.0 0.0 -0.7071 0.000 -0.300 0 0 0 0
129.10 1.000 9.240 3.00 0.7071 0.0 0.0 -0.7071 0.000 -0.300 0 0 0 0
129.20 1.000 9.210 3.00 0.7071 0.0 0.0 -0.7071 0.000 -0.300 0 0 0 0
129.30 1.000 9.180 3.00 0.7071 0.0 0.0 -0.7071 0.000 -0.300 0 0 0 0
129.40 1.000 9.150 3.00 0.7071 0.0 0.0 -0.7071 0.000 -0.300 0 0 0 0
129.50 1.000 9.120 3.00 0.7071 0.0 0.0 -0.7071 0.000 -0.300 0 0 0 0
129.60 1.000 9.090 3.00 0.7071 0.0 0.0 -0.7071 0.000 -0.300 0 0 0 0
129.70 1.000 9.060 3.00 0.7071 0.0 0.0 -0.7071 0.000 -0.300 0 0 0 0
129.80 1.000 9.030 3.00 0.7071 0.0 0.0 -0.7071 0.000 -0.300 0 0 0 0
129.90 1.000 9.000 3.00 0.7071 0.0 0.0 -0.7071 0.000 -0.300 0 0 0 0
130.00 -1.000 8.970 3.00 0.7071 0.0 0.0 -0.7071 0.000 -0.300 0 0 0 0
130.10 -1.000 8.940 3.00 0.7071 0.0 0.0 -0.7071 0.000 -0.300 0 0 0 0
130.20 -1.000 8.910 3.00 0.7071 0.0 0.0 -0.7071 0.000 -0.300 0 0 0 0
130.30 -1.000 8.880 3.00 0.7071 0.0 0.0 -0.7071 0.000 -0.300 0 0 0 0
130.40 -1.000 8.850 3.00 0.7071 0.0 0.0 -0.7071 0.000 -0.300 0 0 0 0
130.50 -1.000 8.820 3.00 0.7071 0.0 0.0 -0.7071 0.000 -0.300 0 0 0 0
130.60 -1.000 8.790 3.00 0.7071 0.0 0.0 -0.7071 0.000 -0.300 0 0 0 0
130.70 -1.000 8.760 3.00 0.7071 0.0 0.0 -0.7071 0.000 -0.300 0 0 0 0
130.80 -1.000 8.730 3.00 0.7071 0.0 0.0 -0.7071 0.000 -0.300 0 0 0 0
130.90 -1.000 8.700 3.00 0.7071 0.0 0.0 -0.7071 0.000 -0.300 0 0 0 0
131.00 -1.000 8.670 3.00 0.7071 0.0 0.0 -0.7071 0.000 -0.300 0 0 0 0
131.10 -1.000 8.640 3.00 0.7071 0.0 0.0 -0.7071 0.000 -0.300 0 0 0 0
131.20 -1.000 8.610 3.00 0.7071 0.0 0.0 -0.7071 0.000 -0.300 0 0 0 0
131.30 -1.000 8.580 3.00 0.7071 0.0 0.0 -0.7071 0.000 -0.300 0 0 0 0
131.40 -1.000 8.550 3.00 0.7071 0.0 0.0 -0.7071 0.000 -0.300 0 0 0 0
131.50 -1.000 8.520 3.00 0.7071 0.0 0.0 -0.7071 0.000 -0.300 0 0 0 0
131.60 -1.000 8.490 3.00 0.7071 0.0 0.0 -0.7071 0.000 -0.300 0 0 0 0
131.70 -1.000 8.460 3.00 0.7071 0.0 0.0 -0.7071 0.000 -0.300 0 0 0 0
131.80 -1.000 8.430 3.00 0.7071 0.0 0.0 -0.7071 0.000 -0.300 0 0 0 0
131.90 -1.000 8.400 3.00 0.7071 0.0 0.0 -0.7071 0.000 -0.300 0 0 0 0
132.00 -1.000 8.370 3.00 0.7071 0.0 0.0 -0.7071 0.000 -0.300 0 0 0 0
132.10 -1.000 8.340 3.00 0.7071 0.0 0.0 -0.7071 0.000 -0.300 0 0 0 0
132.20 -1.000 8.310 3.00 0.7071 0.0 0.0 -0.7071 0.000 -0.300 0 0 0 0
132.30 -1.000 8.280 3.00 0.7071 0.0 0.0 -0.7071 0.000 -0.300 0 0 0 0
132.40 -1.000 8.250 3.00 0.7071 0.0 0.0 -0.7071 0.000 -0.300 0 0 0 0
132.50 -1.000 8.220 3.00 0.7071 0.0 0.0 -0.7071 0.000 -0.300 0 0 0 0
132.60 -1.000 8.190 3.00 0.7071 0.0 0.0 -0.7071 0.000 -0.300 0 0 0 0
132.70 -1.000 8.160 3.00 0.7071 0.0 0.0 -0.7071 0.000 -0.300 0 0 0 0
132.80 -1.000 8.130 3.00 0.7071 0.0 0.0 -0.7071 0.000 -0.300 0 0 0 0
132.90 -1.000 8.100 3.00 0.7071 0.0 0.0 -0.7071 0.000 -0.300 0 0 0 0
133.00 -1.000 8.070 3.00 0.7071 0.0 0.0 -0.7071 0.000 -0.300 0 0 0 0
133.10 -1.000 8.040 3.00 0.7071 0.0 0.0 -0.7071 0.000 -0.300 0 0 0 0
133.20 -1.000 8.010 3.00 0.7071 0.0 0.0 -0.7071 0.000 -0.300 0 0 0 0
133.30 -1.000 7.980 3.00 0.7071 0.0 0.0 -0.7071 0.000 -0.300 0 0 0 0
133.40 -1.000 7.950 3.00 0.7071 0.0 0.0 -0.7071 0.000 -0.300 0 0 0 0
133.50 -1.000 7.920 3.00 0.7071 0.0 0.0 -0.7071 0.000 -0.300 0 0 0 0
133.60 -1.000 7.890 3.00 0.7071 0.0 0.0 -0.7071 0.000 -0.300 0 0 0 0
133.70 -1.000 7.860 3.00 0.7071 0.0 0.0 -0.7071 0.000 -0.300 0 0 0 0
133.80 -1.000 7.830 3.00 0.7071 0.0 0.0 -0.7071 0.000 -0.300 0 0 0 0
133.90 -1.000 7.800 3.00 0.7071 0.0 0.0 -0.7071 0.000 -0.300 0 0 0 0
134.00 -1.000 7.770 3.00 0.7071 0.0 0.0 -0.7071 0.000 -0.300 0 0 0 0
134.10 -1.000 7.740 3.00 0.7071 0.0 0.0 -0.7071 0.000 -0.300 0 0 0 0
134.20 -1.000 7.710 3.00 0.7071 0.0 0.0 -0.7071 0.000 -0.300 0 0 0 0
134.30 -1.000 7.680 3.00 0.7071 0.0 0.0 -0.7071 0.000 -0.300 0 0 0 0
134.40 -1.000 7.650 3.00 0.7071 0.0 0.0 -0.7071 0.000 -0.300 0 0 0 0
134.50 -1.000 7.620 3.00 0.7071 0.0 0.0 -0.7071 0.000 -0.300 0 0 0 0
134.60 -1.000 7.590 3.00 0.7071 0.0 0.0 -0.7071 0.000 -0.300 0 0 0 0
134.70 -1.000 7.560 3.00 0.7071 0.0 0.0 -0.7071 0.000 -0.300 0 0 0 0
134.80 -1.000 7.530 3.00 0.7071 0.0 0.0 -0.7071 0.000 -0.300 0 0 0 0
134.90 -1.000 7.500 3.00 0.7071 0.0 0.0 -0.7071 0.000 -0.300 0 0 0 0
135.00 -1.000 7.470 3.00 0.7071 0.0 0.0 -0.7071 0.000 -0.300 0 0 0 0
135.10 -1.000 7.440 3.00 0.7071 0.0 0.0 -0.7071 0.000 -0.300 0 0 0 0
135.20 -1.000 7.410 3.00 0.7071 0.0 0.0 -0.7071 0.000 -0.300 0 0 0 0
135.30 -1.000 7.380 3.00 0.7071 0.0 0.0 -0.7071 0.000 -0.300 0 0 0 0
135.40 -1.000 7.350 3.00 0.7071 0.0 0.0 -0.7071 0.000 -0.300 0 0 0 0
135.50 -1.000 7.320 3.00 0.7071 0.0 0.0 -0.7071 0.000 -0.300 0 0 0 0
135.60 -1.000 7.290 3.00 0.7071 0.0 0.0 -0.7071 0.000 -0.300 0 0 0 0
135.70 -1.000 7.260 3.00 0.7071 0.0 0.0 -0.7071 0.000 -0.300 0 0 0 0
135.80 -1.000 7.230 3.00 0.7071 0.0 0.0 -0.7071 0.000 -0.300 0 0 0 0
135.90 -1.000 7.200 3.00 0.7071 0.0 0.0 -0.7071 0.000 -0.300 0 0 0 0
136.00 -1.000 7.170 3.00 0.7071 0.0 0.0 -0.7071 0.000 -0.300 0 0 0 0
136.10 -1.000 7.140 3.00 0.7071 0.0 0.0 -0.7071 0.000 -0.300 0 0 0 0
136.20 -1.000 7.110 3.00 0.7071 0.0 0.0 -0.7071 0.000 -0.300 0 0 0 0
136.30 -1.000 7.080 3.00 0.7071 0.0 0.0 -0.7071 0.000 -0.300 0 0 0 0
136.40 -1.000 7.050 3.00 0.7071 0.0 0.0 -0.7071 0.000 -0.300 0 0 0 0
136.50 -1.000 7.020 3.00 0.7071 0.0 0.0 -0.7071 0.000 -0.300 0 0 0 0
136.60 -1.000 6.990 3.00 0.7071 0.0 0.0 -0.7071 0.000 -0.300 0 0 0 0
136.70 -1.000 6.960 3.00 0.7071 0.0 0.0 -0.7071 0.000 -0.300 0 0 0 0
136.80 -1.000 6.930 3.00 0.7071 0.0 0.0 -0.7071 0.000 -0.300 0 0 0 0
136.90 -1.000 6.900 3.00 0.7071 0.0 0.0 -0.7071 0.000 -0.300 0 0 0 0
137.00 -1.000 6.870 3.00 0.7071 0.0 0.0 -0.7071 0.000 -0.300 0 0 0 0
137.10 -1.000 6.840 3.00 0.7071 0.0 0.0 -0.7071 0.000 -0.300 0 0 0 0
137.20 -1.000 6.810 3.00 0.7071 0.0 0.0 -0.7071 0.000 -0.300 0 0 0 0
137.30 -1.000 6.780 3.00 0.7071 0.0 0.0 -0.7071 0.000 -0.300 0 0 0 0
137.40 -1.000 6.750 3.00 0.7071 0.0 0.0 -0.7071 0.000 -0.300 0 0 0 0
137.50 -1.000 6.720 3.00 0.7071 0.0 0.0 -0.7071 0.000 -0.300 0 0 0 0
137.60 -1.000 6.690 3.00 0.7071 0.0 0.0 -0.7071 0.000 -0.300 0 0 0 0
137.70 -1.000 6.660 3.00 0.7071 0.0 0.0 -0.7071 0.000 -0.300 0 0 0 0
137.80 -1.000 6.630 3.00 0.7071 0.0 0.0 -0.7071 0.000 -0.300 0 0 0 0
137.90 -1.000 6.600 3.00 0.7071 0.0 0.0 -0.7071 0.000 -0.300 0 0 0 0
138.00 -1.000 6.570 3.00 0.7071 0.0 0.0 -0.7071 0.000 -0.300 0 0 0 0
138.10 -1.000 6.540 3.00 0.7071 0.0 0.0 -0.7071 0.000 -0.300 0 0 0 0
138.20 -1.000 6.510 3.00 0.7071 0.0 0.0 -0.7071 0.000 -0.300 0 0 0 0
138.30 -1.000 6.480 3.00 0.7071 0.0 0.0 -0.7071 0.000 -0.300 0 0 0 0
138.40 -1.000 6.450 3.00 0.7071 0.0 0.0 -0.7071 0.000 -0.300 0 0 0 0
138.50 -1.000 6.420 3.00 0.7071 0.0 0.0 -0.7071 0.000 -0.300 0 0 0 0
138.60 -1.000 6.390 3.00 0.7071 0.0 0.0 -0.7071 0.000 -0.300 0 0 0 0
138.70 -1.000 6.360 3.00 0.7071 0.0 0.0 -0.7071 0.000 -0.300 0 0 0 0
138.80 -1.000 6.330 3.00 0.7071 0.0 0.0 -0.7071 0.000 -0.300 0 0 0 0
138.90 -1.000 6.300 3.00 0.7071 0.0 0.0 -0.7071 0.000 -0.300 0 0 0 0
139.00 -1.000 6.270 3.00 0.7071 0.0 0.0 -0.7071 0.000 -0.300 0 0 0 0
139.10 -1.000 6.240 3.00 0.7071 0.0 0.0 -0.7071 0.000 -0.300 0 0 0 0
139.20 -1.000 6.210 3.00 0.7071 0.0 0.0 -0.7071 0.000 -0.300 0 0 0 0
139.30 -1.000 6.180 3.00 0.7071 0.0 0.0 -0.7071 0.000 -0.300 0 0 0 0
139.40 -1.000 6.150 3.00 0.7071 0.0 0.0 -0.7071 0.000 -0.300 0 0 0 0
139.50 -1.000 6.120 3.00 0.7071 0.0 0.0 -0.7071 0.000 -0.300 0 0 0 0
139.60 -1.000 6.090 3.00 0.7071 0.0 0.0 -0.7071 0.000 -0.300 0 0 0 0
139.70 -1.000 6.060 3.00 0.7071 0.0 0.0 -0.7071 0.000 -0.300 0 0 0 0
139.80 -1.000 6.030 3.00 0.7071 0.0 0.0 -0.7071 0.000 -0.300 0 0 0 0
139.90 -1.000 6.000 3.00 0.7071 0.0 0.0 -0.7071 0.000 -0.300 0 0 0 0
140.00 1.000 5.970 3.00 0.7071 0.0 0.0 -0.7071 0.000 -0.300 0 0 0 0
140.10 1.000 5.940 3.00 0.7071 0.0 0.0 -0.7071 0.000 -0.300 0 0 0 0
140.20 1.000 5.910 3.00 0.7071 0.0 0.0 -0.7071 0.000 -0.300 0 0 0 0
140.30 1.000 5.880 3.00 0.7071 0.0 0.0 -0.7071 0.000 -0.300 0 0 0 0
140.40 1.000 5.850 3.00 0.7071 0.0 0.0 -0.7071 0.000 -0.300 0 0 0 0
140.50 1.000 5.820 3.00 0.7071 0.0 0.0 -0.7071 0.000 -0.300 0 0 0 0
140.60 1.000 5.790 3.00 0.7071 0.0 0.0 -0.7071 0.000 -0.300 0 0 0 0
140.70 1.000 5.760 3.00 0.7071 0.0 0.0 -0.7071 0.000 -0.300 0 0 0 0
140.80 1.000 5.730 3.00 0.7071 0.0 0.0 -0.7071 0.000 -0.300 0 0 0 0
140.90 1.000 5.700 3.00 0.7071 0.0 0.0 -0.7071 0.000 -0.300 0 0 0 0
141.00 1.000 5.670 3.00 0.7071 0.0 0.0 -0.7071 0.000 -0.300 0 0 0 0
141.10 1.000 5.640 3.00 0.7071 0.0 0.0 -0.7071 0.000 -0.300 0 0 0 0
141.20 1.000 5.610 3.00 0.7071 0.0 0.0 -0.7071 0.000 -0.300 0 0 0 0
141.30 1.000 5.580 3.00 0.7071 0.0 0.0 -0.7071 0.000 -0.300 0 0 0 0
141.40 1.000 5.550 3.00 0.7071 0.0 0.0 -0.7071 0.000 -0.300 0 0 0 0
141.50 1.000 5.520 3.00 0.7071 0.0 0.0 -0.7071 0.000 -0.300 0 0 0 0
141.60 1.000 5.490 3.00 0.7071 0.0 0.0 -0.7071 0.000 -0.300 0 0 0 0
141.70 1.000 5.460 3.00 0.7071 0.0 0.0 -0.7071 0.000 -0.300 0 0 0 0
141.80 1.000 5.430 3.00 0.7071 0.0 0.0 -0.7071 0.000 -0.300 0 0 0 0
141.90 1.000 5.400 3.00 0.7071 0.0 0.0 -0.7071 0.000 -0.300 0 0 0 0
142.00 1.000 5.370 3.00 0.7071 0.0 0.0 -0.7071 0.000 -0.300 0 0 0 0
142.10 1.000 5.340 3.00 0.7071 0.0 0.0 -0.7071 0.000 -0.300 0 0 0 0
142.20 1.000 5.310 3.00 0.7071 0.0 0.0 -0.7071 0.000 -0.300 0 0 0 0
142.30 1.000 5.280 3.00 0.7071 0.0 0.0 -0.7071 0.000 -0.300 0 0 0 0
142.40 1.000 5.250 3.00 0.7071 0.0 0.0 -0.7071 0.000 -0.300 0 0 0 0
142.50 1.000 5.220 3.00 0.7071 0.0 0.0 -0.7071 0.000 -0.300 0 0 0 0
142.60 1.000 5.190 3.00 0.7071 0.0 0.0 -0.7071 0.000 -0.300 0 0 0 0
142.70 1.000 5.160 3.00 0.7071 0.0 0.0 -0.7071 0.000 -0.300 0 0 0 0
142.80 1.000 5.130 3.00 0.7071 0.0 0.0 -0.7071 0.000 -0.300 0 0 0 0
142.90 1.000 5.100 3.00 0.7071 0.0 0.0 -0.7071 0.000 -0.300 0 0 0 0
143.00 1.000 5.070 3.00 0.7071 0.0 0.0 -0.7071 0.000 -0.300 0 0 0 0
143.10 1.000 5.040 3.00 0.7071 0.0 0.0 -0.7071 0.000 -0.300 0 0 0 0
143.20 1.000 5.010 3.00 0.7071 0.0 0.0 -0.7071 0.000 -0.300 0 0 0 0
143.30 1.000 4.980 3.00 0.7071 0.0 0.0 -0.7071 0.000 -0.300 0 0 0 0
143.40 1.000 4.950 3.00 0.7071 0.0 0.0 -0.7071 0.000 -0.300 0 0 0 0
143.50 1.000 4.920 3.00 0.7071 0.0 0.0 -0.7071 0.000 -0.300 0 0 0 0
143.60 1.000 4.890 3.00 0.7071 0.0 0.0 -0.7071 0.000 -0.300 0 0 0 0
143.70 1.000 4.860 3.00 0.7071 0.0 0.0 -0.7071 0.000 -0.300 0 0 0 0
143.80 1.000 4.830 3.00 0.7071 0.0 0.0 -0.7071 0.000 -0.300 0 0 0 0
143.90 1.000 4.800 3.00 0.7071 0.0 0.0 -0.7071 0.000 -0.300 0 0 0 0
144.00 1.000 4.770 3.00 0.7071 0.0 0.0 -0.7071 0.000 -0.300 0 0 0 0
144.10 1.000 4.740 3.00 0.7071 0.0 0.0 -0.7071 0.000 -0.300 0 0 0 0
144.20 1.000 4.710 3.00 0.7071 0.0 0.0 -0.7071 0.000 -0.300 0 0 0 0
144.30 1.000 4.680 3.00 0.7071 0.0 0.0 -0.7071 0.000 -0.300 0 0 0 0
144.40 1.000 4.650 3.00 0.7071 0.0 0.0 -0.7071 0.000 -0.300 0 0 0 0
144.50 1.000 4.620 3.00 0.7071 0.0 0.0 -0.7071 0.000 -0.300 0 0 0 0
144.60 1.000 4.590 3.00 0.7071 0.0 0.0 -0.7071 0.000 -0.300 0 0 0 0
144.70 1.000 4.560 3.00 0.7071 0.0 0.0 -0.7071 0.000 -0.300 0 0 0 0
144.80 1.000 4.530 3.00 0.7071 0.0 0.0 -0.7071 0.000 -0.300 0 0 0 0
144.90 1.000 4.500 3.00 0.7071 0.0 0.0 -0.7071 0.000 -0.300 0 0 0 0
145.00 1.000 4.470 3.00 0.7071 0.0 0.0 -0.7071 0.000 -0.300 0 0 0 0
145.10 1.000 4.440 3.00 0.7071 0.0 0.0 -0.7071 0.000 -0.300 0 0 0 0
145.20 1.000 4.410 3.00 0.7071 0.0 0.0 -0.7071 0.000 -0.300 0 0 0 0
145.30 1.000 4.380 3.00 0.7071 0.0 0.0 -0.7071 0.000 -0.300 0 0 0 0
145.40 1.000 4.350 3.00 0.7071 0.0 0.0 -0.7071 0.000 -0.300 0 0 0 0
145.50 1.000 4.320 3.00 0.7071 0.0 0.0 -0.7071 0.000 -0.300 0 0 0 0
145.60 1.000 4.290 3.00 0.7071 0.0 0.0 -0.7071 0.000 -0.300 0 0 0 0
145.70 1.000 4.260 3.00 0.7071 0.0 0.0 -0.7071 0.000 -0.300 0 0 0 0
145.80 1.000 4.230 3.00 0.7071 0.0 0.0 -0.7071 0.000 -0.300 0 0 0 0
145.90 1.000 4.200 3.00 0.7071 0.0 0.0 -0.7071 0.000 -0.300 0 0 0 0
146.00 1.000 4.170 3.00 0.7071 0.0 0.0 -0.7071 0.000 -0.300 0 0 0 0
146.10 1.000 4.140 3.00 0.7071 0.0 0.0 -0.7071 0.000 -0.300 0 0 0 0
146.20 1.000 4.110 3.00 0.7071 0.0 0.0 -0.7071 0.000 -0.300 0 0 0 0
146.30 1.000 4.080 3.00 0.7071 0.0 0.0 -0.7071 0.000 -0.300 0 0 0 0
146.40 1.000 4.050 3.00 0.7071 0.0 0.0 -0.7071 0.000 -0.300 0 0 0 0
146.50 1.000 4.020 3.00 0.7071 0.0 0.0 -0.7071 0.000 -0.300 0 0 0 0
146.60 1.000 3.990 3.00 0.7071 0.0 0.0 -0.7071 0.000 -0.300 0 0 0 0
146.70 1.000 3.960 3.00 0.7071 0.0 0.0 -0.7071 0.000 -0.300 0 0 0 0
146.80 1.000 3.930 3.00 0.7071 0.0 0.0 -0.7071 0.000 -0.300 0 0 0 0
146.90 1.000 3.900 3.00 0.7071 0.0 0.0 -0.7071 0.000 -0.300 0 0 0 0
147.00 1.000 3.870 3.00 0.7071 0.0 0.0 -0.7071 0.000 -0.300 0 0 0 0
147.10 1.000 3.840 3.00 0.7071 0.0 0.0 -0.7071 0.000 -0.300 0 0 0 0
147.20 1.000 3.810 3.00 0.7071 0.0 0.0 -0.7071 0.000 -0.300 0 0 0 0
147.30 1.000 3.780 3.00 0.7071 0.0 0.0 -0.7071 0.000 -0.300 0 0 0 0
147.40 1.000 3.750 3.00 0.7071 0.0 0.0 -0.7071 0.000 -0.300 0 0 0 0
147.50 1.000 3.720 3.00 0.7071 0.0 0.0 -0.7071 0.000 -0.300 0 0 0 0
147.60 1.000 3.690 3.00 0.7071 0.0 0.0 -0.7071 0.000 -0.300 0 0 0 0
147.70 1.000 3.660 3.00 0.7071 0.0 0.0 -0.7071 0.000 -0.300 0 0 0 0
147.80 1.000 3.630 3.00 0.7071 0.0 0.0 -0.7071 0.000 -0.300 0 0 0 0
147.90 1.000 3.600 3.00 0.7071 0.0 0.0 -0.7071 0.000 -0.300 0 0 0 0
148.00 1.000 3.570 3.00 0.7071 0.0 0.0 -0.7071 0.000 -0.300 0 0 0 0
148.10 1.000 3.540 3.00 0.7071 0.0 0.0 -0.7071 0.000 -0.300 0 0 0 0
148.20 1.000 3.510 3.00 0.7071 0.0 0.0 -0.7071 0.000 -0.300 0 0 0 0
148.30 1.000 3.480 3.00 0.7071 0.0 0.0 -0.7071 0.000 -0.300 0 0 0 0
148.40 1.000 3.450 3.00 0.7071 0.0 0.0 -0.7071 0.000 -0.300 0 0 0 0
148.50 1.000 3.420 3.00 0.7071 0.0 0.0 -0.7071 0.000 -0.300 0 0 0 0
148.60 1.000 3.390 3.00 0.7071 0.0 0.0 -0.7071 0.000 -0.300 0 0 0 0
148.70 1.000 3.360 3.00 0.7071 0.0 0.0 -0.7071 0.000 -0.300 0 0 0 0
148.80 1.000 3.330 3.00 0.7071 0.0 0.0 -0.7071 0.000 -0.300 0 0 0 0
148.90 1.000 3.300 3.00 0.7071 0.0 0.0 -0.7071 0.000 -0.300 0 0 0 0
149.00 1.000 3.270 3.00 0.7071 0.0 0.0 -0.7071 0.000 -0.300 0 0 0 0
149.10 1.000 3.240 3.00 0.7071 0.0 0.0 -0.7071 0.000 -0.300 0 0 0 0
149.20 1.000 3.210 3.00 0.7071 0.0 0.0 -0.7071 0.000 -0.300 0 0 0 0
149.30 1.000 3.180 3.00 0.7071 0.0 0.0 -0.7071 0.000 -0.300 0 0 0 0
149.40 1.000 3.150 3.00 0.7071 0.0 0.0 -0.7071 0.000 -0.300 0 0 0 0
149.50 1.000 3.120 3.00 0.7071 0.0 0.0 -0.7071 0.000 -0.300 0 0 0 0
149.60 1.000 3.090 3.00 0.7071 0.0 0.0 -0.7071 0.000 -0.300 0 0 0 0
149.70 1.000 3.060 3.00 0.7071 0.0 0.0 -0.7071 0.000 -0.300 0 0 0 0
149.80 1.000 3.030 3.00 0.7071 0.0 0.0 -0.7071 0.000 -0.300 0 0 0 0
149.90 1.000 3.000 3.00 0.7071 0.0 0.0 -0.7071 0.000 -0.300 0 0 0 0
150.00 -1.000 2.970 3.00 0.7071 0.0 0.0 -0.7071 0.000 -0.300 0 0 0 0
150.10 -1.000 2.940 3.00 0.7071 0.0 0.0 -0.7071 0.000 -0.300 0 0 0 0
150.20 -1.000 2.910 3.00 0.7071 0.0 0.0 -0.7071 0.000 -0.300 0 0 0 0
150.30 -1.000 2.880 3.00 0.7071 0.0 0.0 -0.7071 0.000 -0.300 0 0 0 0
150.40 -1.000 2.850 3.00 0.7071 0.0 0.0 -0.7071 0.000 -0.300 0 0 0 0
150.50 -1.000 2.820 3.00 0.7071 0.0 0.0 -0.7071 0.000 -0.300 0 0 0 0
150.60 -1.000 2.790 3.00 0.7071 0.0 0.0 -0.7071 0.000 -0.300 0 0 0 0
150.70 -1.000 2.760 3.00 0.7071 0.0 0.0 -0.7071 0.000 -0.300 0 0 0 0
150.80 -1.000 2.730 3.00 0.7071 0.0 0.0 -0.7071 0.000 -0.300 0 0 0 0
150.90 -1.000 2.700 3.00 0.7071 0.0 0.0 -0.7071 0.000 -0.300 0 0 0 0
151.00 -1.000 2.670 3.00 0.7071 0.0 0.0 -0.7071 0.000 -0.300 0 0 0 0
151.10 -1.000 2.640 3.00 0.7071 0.0 0.0 -0.7071 0.000 -0.300 0 0 0 0
151.20 -1.000 2.610 3.00 0.7071 0.0 0.0 -0.7071 0.000 -0.300 0 0 0 0
151.30 -1.000 2.580 3.00 0.7071 0.0 0.0 -0.7071 0.000 -0.300 0 0 0 0
151.40 -1.000 2.550 3.00 0.7071 0.0 0.0 -0.7071 0.000 -0.300 0 0 0 0
151.50 -1.000 2.520 3.00 0.7071 0.0 0.0 -0.7071 0.000 -0.300 0 0 0 0
151.60 -1.000 2.490 3.00 0.7071 0.0 0.0 -0.7071 0.000 -0.300 0 0 0 0
151.70 -1.000 2.460 3.00 0.7071 0.0 0.0 -0.7071 0.000 -0.300 0 0 0 0
151.80 -1.000 2.430 3.00 0.7071 0.0 0.0 -0.7071 0.000 -0.300 0 0 0 0
151.90 -1.000 2.400 3.00 0.7071 0.0 0.0 -0.7071 0.000 -0.300 0 0 0 0
152.00 -1.000 2.370 3.00 0.7071 0.0 0.0 -0.7071 0.000 -0.300 0 0 0 0
152.10 -1.000 2.340 3.00 0.7071 0.0 0.0 -0.7071 0.000 -0.300 0 0 0 0
152.20 -1.000 2.310 3.00 0.7071 0.0 0.0 -0.7071 0.000 -0.300 0 0 0 0
152.30 -1.000 2.280 3.00 0.7071 0.0 0.0 -0.7071 0.000 -0.300 0 0 0 0
152.40 -1.000 2.250 3.00 0.7071 0.0 0.0 -0.7071 0.000 -0.300 0 0 0 0
152.50 -1.000 2.220 3.00 0.7071 0.0 0.0 -0.7071 0.000 -0.300 0 0 0 0
152.60 -1.000 2.190 3.00 0.7071 0.0 0.0 -0.7071 0.000 -0.300 0 0 0 0
152.70 -1.000 2.160 3.00 0.7071 0.0 0.0 -0.7071 0.000 -0.300 0 0 0 0
152.80 -1.000 2.130 3.00 0.7071 0.0 0.0 -0.7071 0.000 -0.300 0 0 0 0
152.90 -1.000 2.100 3.00 0.7071 0.0 0.0 -0.7071 0.000 -0.300 0 0 0 0
153.00 -1.000 2.070 3.00 0.7071 0.0 0.0 -0.7071 0.000 -0.300 0 0 0 0
153.10 -1.000 2.040 3.00 0.7071 0.0 0.0 -0.7071 0.000 -0.300 0 0 0 0
153.20 -1.000 2.010 3.00 0.7071 0.0 0.0 -0.7071 0.000 -0.300 0 0 0 0
153.30 -1.000 1.980 3.00 0.7071 0.0 0.0 -0.7071 0.000 -0.300 0 0 0 0
153.40 -1.000 1.950 3.00 0.7071 0.0 0.0 -0.7071 0.000 -0.300 0 0 0 0
153.50 -1.000 1.920 3.00 0.7071 0.0 0.0 -0.7071 0.000 -0.300 0 0 0 0
153.60 -1.000 1.890 3.00 0.7071 0.0 0.0 -0.7071 0.000 -0.300 0 0 0 0
153.70 -1.000 1.860 3.00 0.7071 0.0 0.0 -0.7071 0.000 -0.300 0 0 0 0
153.80 -1.000 1.830 3.00 0.7071 0.0 0.0 -0.7071 0.000 -0.300 0 0 0 0
153.90 -1.000 1.800 3.00 0.7071 0.0 0.0 -0.7071 0.000 -0.300 0 0 0 0
154.00 -1.000 1.770 3.00 0.7071 0.0 0.0 -0.7071 0.000 -0.300 0 0 0 0
154.10 -1.000 1.740 3.00 0.7071 0.0 0.0 -0.7071 0.000 -0.300 0 0 0 0
154.20 -1.000 1.710 3.00 0.7071 0.0 0.0 -0.7071 0.000 -0.300 0 0 0 0
154.30 -1.000 1.680 3.00 0.7071 0.0 0.0 -0.7071 0.000 -0.300 0 0 0 0
154.40 -1.000 1.650 3.00 0.7071 0.0 0.0 -0.7071 0.000 -0.300 0 0 0 0
154.50 -1.000 1.620 3.00 0.7071 0.0 0.0 -0.7071 0.000 -0.300 0 0 0 0
154.60 -1.000 1.590 3.00 0.7071 0.0 0.0 -0.7071 0.000 -0.300 0 0 0 0
154.70 -1.000 1.560 3.00 0.7071 0.0 0.0 -0.7071 0.000 -0.300 0 0 0 0
154.80 -1.000 1.530 3.00 0.7071 0.0 0.0 -0.7071 0.000 -0.300 0 0 0 0
154.90 -1.000 1.500 3.00 0.7071 0.0 0.0 -0.7071 0.000 -0.300 0 0 0 0
155.00 -1.000 1.470 3.00 0.7071 0.0 0.0 -0.7071 0.000 -0.300 0 0 0 0
155.10 -1.000 1.440 3.00 0.7071 0.0 0.0 -0.7071 0.000 -0.300 0 0 0 0
155.20 -1.000 1.410 3.00 0.7071 0.0 0.0 -0.7071 0.000 -0.300 0 0 0 0
155.30 -1.000 1.380 3.00 0.7071 0.0 0.0 -0.7071 0.000 -0.300 0 0 0 0
155.40 -1.000 1.350 3.00 0.7071 0.0 0.0 -0.7071 0.000 -0.300 0 0 0 0
155.50 -1.000 1.320 3.00 0.7071 0.0 0.0 -0.7071 0.000 -0.300 0 0 0 0
155.60 -1.000 1.290 3.00 0.7071 0.0 0.0 -0.7071 0.000 -0.300 0 0 0 0
155.70 -1.000 1.260 3.00 0.7071 0.0 0.0 -0.7071 0.000 -0.300 0 0 0 0
155.80 -1.000 1.230 3.00 0.7071 0.0 0.0 -0.7071 0.000 -0.300 0 0 0 0
155.90 -1.000 1.200 3.00 0.7071 0.0 0.0 -0.7071 0.000 -0.300 0 0 0 0
156.00 -1.000 1.170 3.00 0.7071 0.0 0.0 -0.7071 0.000 -0.300 0 0 0 0
156.10 -1.000 1.140 3.00 0.7071 0.0 0.0 -0.7071 0.000 -0.300 0 0 0 0
156.20 -1.000 1.110 3.00 0.7071 0.0 0.0 -0.7071 0.000 -0.300 0 0 0 0
156.30 -1.000 1.080 3.00 0.7071 0.0 0.0 -0.7071 0.000 -0.300 0 0 0 0
156.40 -1.000 1.050 3.00 0.7071 0.0 0.0 -0.7071 0.000 -0.300 0 0 0 0
156.50 -1.000 1.020 3.00 0.7071 0.0 0.0 -0.7071 0.000 -0.300 0 0 0 0
156.60 -1.000 0.990 3.00 0.7071 0.0 0.0 -0.7071 0.000 -0.300 0 0 0 0
156.70 -1.000 0.960 3.00 0.7071 0.0 0.0 -0.7071 0.000 -0.300 0 0 0 0
156.80 -1.000 0.930 3.00 0.7071 0.0 0.0 -0.7071 0.000 -0.300 0 0 0 0
156.90 -1.000 0.900 3.00 0.7071 0.0 0.0 -0.7071 0.000 -0.300 0 0 0 0
157.00 -1.000 0.870 3.00 0.7071 0.0 0.0 -0.7071 0.000 -0.300 0 0 0 0
157.10 -1.000 0.840 3.00 0.7071 0.0 0.0 -0.7071 0.000 -0.300 0 0 0 0
157.20 -1.000 0.810 3.00 0.7071 0.0 0.0 -0.7071 0.000 -0.300 0 0 0 0
157.30 -1.000 0.780 3.00 0.7071 0.0 0.0 -0.7071 0.000 -0.300 0 0 0 0
157.40 -1.000 0.750 3.00 0.7071 0.0 0.0 -0.7071 0.000 -0.300 0 0 0 0
157.50 -1.000 0.720 3.00 0.7071 0.0 0.0 -0.7071 0.000 -0.300 0 0 0 0
157.60 -1.000 0.690 3.00 0.7071 0.0 0.0 -0.7071 0.000 -0.300 0 0 0 0
157.70 -1.000 0.660 3.00 0.7071 0.0 0.0 -0.7071 0.000 -0.300 0 0 0 0
157.80 -1.000 0.630 3.00 0.7071 0.0 0.0 -0.7071 0.000 -0.300 0 0 0 0
157.90 -1.000 0.600 3.00 0.7071 0.0 0.0 -0.7071 0.000 -0.300 0 0 0 0
158.00 -1.000 0.570 3.00 0.7071 0.0 0.0 -0.7071 0.000 -0.300 0 0 0 0
158.10 -1.000 0.540 3.00 0.7071 0.0 0.0 -0.7071 0.000 -0.300 0 0 0 0
158.20 -1.000 0.510 3.00 0.7071 0.0 0.0 -0.7071 0.000 -0.300 0 0 0 0
158.30 -1.000 0.480 3.00 0.7071 0.0 0.0 -0.7071 0.000 -0.300 0 0 0 0
158.40 -1.000 0.450 3.00 0.7071 0.0 0.0 -0.7071 0.000 -0.300 0 0 0 0
158.50 -1.000 0.420 3.00 0.7071 0.0 0.0 -0.7071 0.000 -0.300 0 0 0 0
158.60 -1.000 0.390 3.00 0.7071 0.0 0.0 -0.7071 0.000 -0.300 0 0 0 0
158.70 -1.000 0.360 3.00 0.7071 0.0 0.0 -0.7071 0.000 -0.300 0 0 0 0
158.80 -1.000 0.330 3.00 0.7071 0.0 0.0 -0.7071 0.000 -0.300 0 0 0 0
158.90 -1.000 0.300 3.00 0.7071 0.0 0.0 -0.7071 0.000 -0.300 0 0 0 0
159.00 -1.000 0.270 3.00 0.7071 0.0 0.0 -0.7071 0.000 -0.300 0 0 0 0
159.10 -1.000 0.240 3.00 0.7071 0.0 0.0 -0.7071 0.000 -0.300 0 0 0 0
159.20 -1.000 0.210 3.00 0.7071 0.0 0.0 -0.7071 0.000 -0.300 0 0 0 0
159.30 -1.000 0.180 3.00 0.7071 0.0 0.0 -0.7071 0.000 -0.300 0 0 0 0
159.40 -1.000 0.150 3.00 0.7071 0.0 0.0 -0.7071 0.000 -0.300 0 0 0 0
159.50 -1.000 0.120 3.00 0.7071 0.0 0.0 -0.7071 0.000 -0.300 0 0 0 0
159.60 -1.000 0.090 3.00 0.7071 0.0 0.0 -0.7071 0.000 -0.300 0 0 0 0
159.70 -1.000 0.060 3.00 0.7071 0.0 0.0 -0.7071 0.000 -0.300 0 0 0 0
159.80 -1.000 0.030 3.00 0.7071 0.0 0.0 -0.7071 0.000 -0.300 0 0 0 0
159.90 -1.000 0.000 3.00 0.7071 0.0 0.0 -0.7071 0.000 -0.300 0 0 0 0
